// Generated from logo-80-160.png (887x1774, aspect matches the 80x160
// panel exactly) via ImageMagick resize + plain RGB->RGB565 packing (no
// channel/byte reordering here - main.cpp's setSwapBytes(true) handles
// the display's byte-order requirement instead). See
// devices/t-dongle-s3/README.md for the regeneration command.
#pragma once
#include <cstdint>
static const uint16_t kLogoWidth = 80;
static const uint16_t kLogoHeight = 160;
static const uint16_t kLogoImage[80 * 160] PROGMEM = {
    0x0000, 0x0000, 0x0000, 0x0000, 0x0000, 0x0000, 0x0000, 0x0000, 0x0000, 0x0000, 0x0000, 0x0000, 0x0000, 0x0000, 0x0000, 0x0000,
    0x0000, 0x0000, 0x0000, 0x0000, 0x0000, 0x0000, 0x0000, 0x0000, 0x0000, 0x0000, 0x0000, 0x0000, 0x0000, 0x0000, 0x0000, 0x0000,
    0x0000, 0x0000, 0x0000, 0x0000, 0x0000, 0x0000, 0x0000, 0x0000, 0x0000, 0x0000, 0x0000, 0x0000, 0x0000, 0x0000, 0x0000, 0x0000,
    0x0000, 0x0000, 0x0000, 0x0000, 0x0000, 0x0000, 0x0000, 0x0000, 0x0000, 0x0000, 0x0000, 0x0000, 0x0000, 0x0000, 0x0000, 0x0000,
    0x0000, 0x0000, 0x0000, 0x0000, 0x0000, 0x0000, 0x0000, 0x0000, 0x0000, 0x0000, 0x0000, 0x0000, 0x0000, 0x0000, 0x0000, 0x0000,
    0x0000, 0x0000, 0x0000, 0x0000, 0x0000, 0x0000, 0x0000, 0x0000, 0x0000, 0x0000, 0x0000, 0x0000, 0x0000, 0x0000, 0x0000, 0x0000,
    0x0000, 0x0000, 0x0000, 0x0000, 0x0000, 0x0000, 0x0000, 0x0000, 0x0000, 0x0000, 0x0000, 0x0000, 0x0000, 0x0000, 0x0000, 0x0000,
    0x0000, 0x0000, 0x0000, 0x0000, 0x0000, 0x0000, 0x0000, 0x0000, 0x0000, 0x0000, 0x0000, 0x0000, 0x0000, 0x0000, 0x0000, 0x0000,
    0x0000, 0x0000, 0x0000, 0x0000, 0x0000, 0x0000, 0x0000, 0x0000, 0x0000, 0x0000, 0x0000, 0x0000, 0x0000, 0x0000, 0x0000, 0x0000,
    0x0000, 0x0000, 0x0000, 0x0000, 0x0000, 0x0000, 0x0000, 0x0000, 0x0000, 0x0000, 0x0000, 0x0000, 0x0000, 0x0000, 0x0000, 0x0000,
    0x0000, 0x0000, 0x0000, 0x0000, 0x0000, 0x0000, 0x0000, 0x0000, 0x0000, 0x0000, 0x0000, 0x0000, 0x0000, 0x0000, 0x0000, 0x0000,
    0x0000, 0x0000, 0x0000, 0x0000, 0x0000, 0x0000, 0x0000, 0x0000, 0x0000, 0x0000, 0x0000, 0x0000, 0x0000, 0x0000, 0x0000, 0x0000,
    0x0000, 0x0000, 0x0000, 0x0000, 0x0000, 0x0000, 0x0000, 0x0000, 0x0000, 0x0000, 0x0000, 0x0000, 0x0000, 0x0000, 0x0000, 0x0000,
    0x0000, 0x0000, 0x0000, 0x0000, 0x0000, 0x0000, 0x0000, 0x0000, 0x0000, 0x0000, 0x0000, 0x0000, 0x0000, 0x0000, 0x0000, 0x0000,
    0x0000, 0x0000, 0x0000, 0x0000, 0x0000, 0x0000, 0x0000, 0x0000, 0x0000, 0x0000, 0x0000, 0x0000, 0x0000, 0x0000, 0x0000, 0x0000,
    0x0000, 0x0000, 0x0000, 0x0000, 0x0000, 0x0000, 0x0000, 0x0000, 0x0000, 0x0000, 0x0000, 0x0000, 0x0000, 0x0000, 0x0000, 0x0000,
    0x0000, 0x0000, 0x0000, 0x0000, 0x0000, 0x0000, 0x0000, 0x0000, 0x0000, 0x0000, 0x0000, 0x0000, 0x0000, 0x0000, 0x0000, 0x0000,
    0x0000, 0x0000, 0x0000, 0x0000, 0x0000, 0x0000, 0x0000, 0x0000, 0x0000, 0x0000, 0x0000, 0x0000, 0x0000, 0x0000, 0x0000, 0x0000,
    0x0000, 0x0000, 0x0000, 0x0000, 0x0000, 0x0000, 0x0000, 0x0000, 0x0000, 0x0000, 0x0000, 0x0000, 0x0000, 0x0000, 0x0000, 0x0000,
    0x0000, 0x0000, 0x0000, 0x0000, 0x0000, 0x0000, 0x0000, 0x0000, 0x0000, 0x0000, 0x0000, 0x0000, 0x0000, 0x0000, 0x0000, 0x0000,
    0x0000, 0x0000, 0x0000, 0x0000, 0x0000, 0x0000, 0x0000, 0x0000, 0x0000, 0x0000, 0x0000, 0x0000, 0x0000, 0x0000, 0x0000, 0x0000,
    0x0000, 0x0000, 0x0000, 0x0000, 0x0000, 0x0000, 0x0000, 0x0000, 0x0000, 0x0000, 0x0000, 0x0000, 0x0000, 0x0000, 0x0000, 0x0000,
    0x0000, 0x0000, 0x0000, 0x0000, 0x0000, 0x0000, 0x0000, 0x0000, 0x0000, 0x0000, 0x0000, 0x0000, 0x0000, 0x0000, 0x0000, 0x0000,
    0x0000, 0x0000, 0x0000, 0x0000, 0x0000, 0x0000, 0x0000, 0x0000, 0x0000, 0x0000, 0x0000, 0x0000, 0x0000, 0x0000, 0x0000, 0x0000,
    0x0000, 0x0000, 0x0000, 0x0000, 0x0000, 0x0000, 0x0000, 0x0000, 0x0000, 0x0000, 0x0000, 0x0000, 0x0000, 0x0000, 0x0000, 0x0000,
    0x0000, 0x0000, 0x0000, 0x0000, 0x0000, 0x0000, 0x0000, 0x0000, 0x0000, 0x0000, 0x0000, 0x0000, 0x0000, 0x0000, 0x0000, 0x0000,
    0x0000, 0x0000, 0x0000, 0x0000, 0x0000, 0x0000, 0x0000, 0x0000, 0x0000, 0x0000, 0x0000, 0x0000, 0x0000, 0x0000, 0x0000, 0x0000,
    0x0000, 0x0000, 0x0000, 0x0000, 0x0000, 0x0000, 0x0000, 0x0000, 0x0000, 0x0000, 0x0000, 0x0000, 0x0000, 0x0000, 0x0000, 0x0000,
    0x0000, 0x0000, 0x0000, 0x0000, 0x0000, 0x0000, 0x0000, 0x0000, 0x0000, 0x0000, 0x0000, 0x0000, 0x0000, 0x0000, 0x0000, 0x0000,
    0x0000, 0x0000, 0x0000, 0x0000, 0x0000, 0x0000, 0x0000, 0x0000, 0x0000, 0x0000, 0x0000, 0x0000, 0x0000, 0x0000, 0x0000, 0x0000,
    0x0000, 0x0000, 0x0000, 0x0000, 0x0000, 0x0000, 0x0000, 0x0000, 0x0000, 0x0000, 0x0000, 0x0000, 0x0000, 0x0000, 0x0000, 0x0000,
    0x0000, 0x0000, 0x0000, 0x0000, 0x0000, 0x0000, 0x0000, 0x0000, 0x0000, 0x0000, 0x0000, 0x0000, 0x0000, 0x0000, 0x0000, 0x0000,
    0x0000, 0x0000, 0x0000, 0x0000, 0x0000, 0x0000, 0x0000, 0x0000, 0x0000, 0x0000, 0x0000, 0x0000, 0x0000, 0x0000, 0x0000, 0x0000,
    0x0000, 0x0000, 0x0000, 0x0000, 0x0000, 0x0000, 0x0000, 0x0000, 0x0000, 0x0000, 0x0000, 0x0000, 0x0000, 0x0000, 0x0000, 0x0000,
    0x0000, 0x0000, 0x0000, 0x0000, 0x0000, 0x0000, 0x0000, 0x0000, 0x0000, 0x0000, 0x0000, 0x0000, 0x0000, 0x0000, 0x0000, 0x0000,
    0x0000, 0x0000, 0x0000, 0x0000, 0x0000, 0x0000, 0x0000, 0x0000, 0x0000, 0x0000, 0x0000, 0x0000, 0x0000, 0x0000, 0x0000, 0x0000,
    0x0000, 0x0000, 0x0000, 0x0000, 0x0000, 0x0000, 0x0000, 0x0000, 0x0000, 0x0000, 0x0000, 0x0000, 0x0000, 0x0000, 0x0000, 0x0000,
    0x0000, 0x0000, 0x0000, 0x0000, 0x0000, 0x0000, 0x0000, 0x0000, 0x0000, 0x0000, 0x0000, 0x0000, 0x0000, 0x0000, 0x0000, 0x0000,
    0x0000, 0x0000, 0x0000, 0x0000, 0x0000, 0x0000, 0x0000, 0x0000, 0x0000, 0x0000, 0x0000, 0x0000, 0x0000, 0x0000, 0x0000, 0x0000,
    0x0000, 0x0000, 0x0000, 0x0000, 0x0000, 0x0000, 0x0000, 0x0000, 0x0000, 0x0000, 0x0000, 0x0000, 0x0000, 0x0000, 0x0000, 0x0000,
    0x0000, 0x0000, 0x0000, 0x0000, 0x0000, 0x0000, 0x0000, 0x0000, 0x0000, 0x0000, 0x0000, 0x0000, 0x0000, 0x0000, 0x0000, 0x0000,
    0x0000, 0x0000, 0x0000, 0x0000, 0x0000, 0x0000, 0x0000, 0x0000, 0x0000, 0x0000, 0x0000, 0x0000, 0x0000, 0x0000, 0x0000, 0x0000,
    0x0000, 0x0000, 0x0000, 0x0000, 0x0000, 0x0000, 0x0000, 0x0000, 0x0000, 0x0000, 0x0000, 0x0000, 0x0000, 0x0000, 0x0000, 0x0000,
    0x0000, 0x0000, 0x0000, 0x0000, 0x0000, 0x0000, 0x0000, 0x0000, 0x0000, 0x0000, 0x0000, 0x0000, 0x0000, 0x0000, 0x0000, 0x0000,
    0x0000, 0x0000, 0x0000, 0x0000, 0x0000, 0x0000, 0x0000, 0x0000, 0x0000, 0x0000, 0x0000, 0x0000, 0x0000, 0x0000, 0x0000, 0x0000,
    0x0000, 0x0000, 0x0000, 0x0000, 0x0000, 0x0000, 0x0000, 0x0000, 0x0000, 0x0000, 0x0000, 0x0000, 0x0000, 0x0000, 0x0000, 0x0000,
    0x0000, 0x0000, 0x0000, 0x0000, 0x0000, 0x0000, 0x0000, 0x0000, 0x0000, 0x0000, 0x0000, 0x0000, 0x0000, 0x0000, 0x0000, 0x0000,
    0x0000, 0x0000, 0x0000, 0x0000, 0x0000, 0x0000, 0x0000, 0x0000, 0x0000, 0x0000, 0x0000, 0x0000, 0x0000, 0x0000, 0x0000, 0x0000,
    0x0000, 0x0000, 0x0000, 0x0000, 0x0000, 0x0000, 0x0000, 0x0000, 0x0000, 0x0000, 0x0000, 0x0000, 0x0000, 0x0000, 0x0000, 0x0000,
    0x0000, 0x0000, 0x0000, 0x0000, 0x0000, 0x0000, 0x0000, 0x0000, 0x0000, 0x0000, 0x0000, 0x0000, 0x0000, 0x0000, 0x0000, 0x0000,
    0x0000, 0x0000, 0x0000, 0x0000, 0x0000, 0x0000, 0x0000, 0x0000, 0x0000, 0x0000, 0x0000, 0x0000, 0x0000, 0x0000, 0x0000, 0x0000,
    0x0000, 0x0000, 0x0000, 0x0000, 0x0000, 0x0000, 0x0000, 0x0000, 0x0000, 0x0000, 0x0000, 0x0000, 0x0000, 0x0000, 0x0000, 0x0000,
    0x0000, 0x0000, 0x0000, 0x0000, 0x0000, 0x0000, 0x0000, 0x0000, 0x0000, 0x0000, 0x0000, 0x0000, 0x0000, 0x0000, 0x0000, 0x0000,
    0x0000, 0x0000, 0x0000, 0x0000, 0x0000, 0x0000, 0x0000, 0x0000, 0x0000, 0x0000, 0x0000, 0x0000, 0x0000, 0x0000, 0x0000, 0x0000,
    0x0000, 0x0000, 0x0000, 0x0000, 0x0000, 0x0000, 0x0000, 0x0000, 0x0000, 0x0000, 0x0000, 0x0000, 0x0000, 0x0000, 0x0000, 0x0000,
    0x0000, 0x0000, 0x0000, 0x0000, 0x0000, 0x0000, 0x0000, 0x0000, 0x0000, 0x0000, 0x0000, 0x0000, 0x0000, 0x0000, 0x0000, 0x0000,
    0x0000, 0x0000, 0x0000, 0x0000, 0x0000, 0x0000, 0x0000, 0x0000, 0x0000, 0x0000, 0x0000, 0x0000, 0x0000, 0x0000, 0x0000, 0x0000,
    0x0000, 0x0000, 0x0000, 0x0000, 0x0000, 0x0000, 0x0000, 0x0000, 0x0000, 0x0000, 0x0000, 0x0000, 0x0000, 0x0000, 0x0000, 0x0000,
    0x0000, 0x0000, 0x0000, 0x0000, 0x0000, 0x0000, 0x0000, 0x0000, 0x0000, 0x0000, 0x0000, 0x0000, 0x0000, 0x0000, 0x0000, 0x0000,
    0x0000, 0x0000, 0x0000, 0x0000, 0x0000, 0x0000, 0x0000, 0x0000, 0x0000, 0x0000, 0x0000, 0x0000, 0x0000, 0x0000, 0x0000, 0x0000,
    0x0000, 0x0000, 0x0000, 0x0000, 0x0000, 0x0000, 0x0000, 0x0000, 0x0000, 0x0000, 0x0000, 0x0000, 0x0000, 0x0000, 0x0000, 0x0000,
    0x0000, 0x0000, 0x0000, 0x0000, 0x0000, 0x0000, 0x0000, 0x0000, 0x0000, 0x0000, 0x0000, 0x0000, 0x0000, 0x0000, 0x0000, 0x0000,
    0x0000, 0x0000, 0x0000, 0x0000, 0x0000, 0x0000, 0x0000, 0x0000, 0x0000, 0x0000, 0x0000, 0x0000, 0x0000, 0x0000, 0x0000, 0x0000,
    0x0000, 0x0000, 0x0000, 0x0000, 0x0000, 0x0000, 0x0000, 0x0000, 0x0000, 0x0000, 0x0000, 0x0000, 0x0000, 0x0000, 0x0000, 0x0000,
    0x0000, 0x0000, 0x0000, 0x0000, 0x0000, 0x0000, 0x0000, 0x0000, 0x0000, 0x0000, 0x0000, 0x0000, 0x0000, 0x0000, 0x0000, 0x0000,
    0x0000, 0x0000, 0x0000, 0x0000, 0x0000, 0x0000, 0x0000, 0x0000, 0x0000, 0x0000, 0x0000, 0x0000, 0x0000, 0x0000, 0x0000, 0x0000,
    0x0000, 0x0000, 0x0000, 0x0000, 0x0000, 0x0000, 0x0000, 0x0000, 0x0000, 0x0000, 0x0000, 0x0000, 0x0000, 0x0000, 0x0000, 0x0000,
    0x0000, 0x0000, 0x0000, 0x0000, 0x0000, 0x0000, 0x0000, 0x0000, 0x0000, 0x0000, 0x0000, 0x0000, 0x0000, 0x0000, 0x0000, 0x0000,
    0x0000, 0x0000, 0x0000, 0x0000, 0x0000, 0x0000, 0x0000, 0x0000, 0x0000, 0x0000, 0x0000, 0x0000, 0x0000, 0x0000, 0x0000, 0x0000,
    0x0000, 0x0000, 0x0000, 0x0000, 0x0000, 0x0000, 0x0000, 0x0000, 0x0000, 0x0000, 0x0000, 0x0000, 0x0000, 0x0000, 0x0000, 0x0000,
    0x0000, 0x0000, 0x0000, 0x0000, 0x0000, 0x0000, 0x0000, 0x0000, 0x0000, 0x0000, 0x0000, 0x0000, 0x0000, 0x0000, 0x0000, 0x0000,
    0x0000, 0x0000, 0x0000, 0x0000, 0x0000, 0x0000, 0x0000, 0x0000, 0x0000, 0x0000, 0x0000, 0x0000, 0x0000, 0x0000, 0x0000, 0x0000,
    0x0000, 0x0000, 0x0000, 0x0000, 0x0000, 0x0000, 0x0000, 0x0000, 0x0000, 0x0000, 0x0000, 0x0000, 0x0000, 0x0000, 0x0000, 0x0000,
    0x0000, 0x0000, 0x0000, 0x0000, 0x0000, 0x0000, 0x0000, 0x0000, 0x0000, 0x0000, 0x0000, 0x0000, 0x0000, 0x0000, 0x0000, 0x0000,
    0x0000, 0x0000, 0x0000, 0x0000, 0x0000, 0x0000, 0x0000, 0x0000, 0x0000, 0x0000, 0x0000, 0x0000, 0x0000, 0x0000, 0x0000, 0x0000,
    0x0000, 0x0000, 0x0000, 0x0000, 0x0000, 0x0000, 0x0000, 0x0000, 0x0000, 0x0000, 0x0000, 0x0000, 0x0000, 0x0000, 0x0000, 0x0000,
    0x0000, 0x0000, 0x0000, 0x0000, 0x0000, 0x0000, 0x0000, 0x0000, 0x0000, 0x0000, 0x0000, 0x0000, 0x0000, 0x0000, 0x0000, 0x0000,
    0x0000, 0x0000, 0x0000, 0x0000, 0x0000, 0x0000, 0x0000, 0x0000, 0x0000, 0x0000, 0x0000, 0x0000, 0x0000, 0x0000, 0x0000, 0x0000,
    0x0000, 0x0000, 0x0000, 0x0000, 0x0000, 0x0000, 0x0000, 0x0000, 0x0000, 0x0000, 0x0000, 0x0000, 0x0000, 0x0000, 0x0000, 0x0000,
    0x0000, 0x0000, 0x0000, 0x0000, 0x0000, 0x0000, 0x0000, 0x0000, 0x0000, 0x0000, 0x0000, 0x0000, 0x0000, 0x0000, 0x0000, 0x0000,
    0x0000, 0x0000, 0x0000, 0x0000, 0x0000, 0x0000, 0x0000, 0x0000, 0x0000, 0x0000, 0x0000, 0x0000, 0x0000, 0x0000, 0x0000, 0x0000,
    0x0000, 0x0000, 0x0000, 0x0000, 0x0000, 0x0000, 0x0000, 0x0000, 0x0000, 0x0000, 0x0000, 0x0000, 0x0000, 0x0000, 0x0000, 0x0000,
    0x0000, 0x0000, 0x0000, 0x0000, 0x0000, 0x0000, 0x0000, 0x0000, 0x0000, 0x0000, 0x0000, 0x0000, 0x0000, 0x0000, 0x0000, 0x0000,
    0x0000, 0x0000, 0x0000, 0x0000, 0x0000, 0x0000, 0x0000, 0x0000, 0x0000, 0x0000, 0x0000, 0x0000, 0x0000, 0x0000, 0x0000, 0x0000,
    0x0000, 0x0000, 0x0000, 0x0000, 0x0000, 0x0000, 0x0000, 0x0000, 0x0000, 0x0000, 0x0000, 0x0000, 0x0000, 0x0000, 0x0000, 0x0000,
    0x0000, 0x0000, 0x0000, 0x0000, 0x0000, 0x0000, 0x0000, 0x0000, 0x0000, 0x0000, 0x0000, 0x0000, 0x0000, 0x0000, 0x0000, 0x0000,
    0x0000, 0x0000, 0x0000, 0x0000, 0x0000, 0x0000, 0x0000, 0x0000, 0x0000, 0x0000, 0x0000, 0x0000, 0x0000, 0x0000, 0x0000, 0x0000,
    0x0000, 0x0000, 0x0000, 0x0000, 0x0000, 0x0000, 0x0000, 0x0000, 0x0000, 0x0000, 0x0000, 0x0000, 0x0000, 0x0000, 0x0000, 0x0000,
    0x0000, 0x0000, 0x0000, 0x0000, 0x0000, 0x0000, 0x0000, 0x0000, 0x0000, 0x0000, 0x0000, 0x0000, 0x0000, 0x0000, 0x0000, 0x0000,
    0x0000, 0x0000, 0x0000, 0x0000, 0x0000, 0x0000, 0x0000, 0x0000, 0x0000, 0x0000, 0x0000, 0x0000, 0x0000, 0x0000, 0x0000, 0x0000,
    0x0000, 0x0000, 0x0000, 0x0000, 0x0000, 0x0000, 0x0000, 0x0000, 0x0000, 0x0000, 0x0000, 0x0000, 0x0000, 0x0000, 0x0000, 0x0000,
    0x0000, 0x0000, 0x0000, 0x0000, 0x0000, 0x0000, 0x0000, 0x0000, 0x0000, 0x0000, 0x0000, 0x0000, 0x0000, 0x0000, 0x0000, 0x0000,
    0x0000, 0x0000, 0x0000, 0x0000, 0x0000, 0x0000, 0x0000, 0x0000, 0x0000, 0x0000, 0x0000, 0x0000, 0x0000, 0x0000, 0x0000, 0x0000,
    0x0000, 0x0000, 0x0000, 0x0000, 0x0000, 0x0000, 0x0000, 0x0000, 0x0000, 0x0000, 0x0000, 0x0000, 0x0000, 0x0000, 0x0000, 0x0000,
    0x0000, 0x0000, 0x0000, 0x0000, 0x0000, 0x0000, 0x0000, 0x0000, 0x0000, 0x0000, 0x0000, 0x0000, 0x0000, 0x0000, 0x0000, 0x0000,
    0x0000, 0x0000, 0x0000, 0x0000, 0x0000, 0x0000, 0x0000, 0x0000, 0x0000, 0x0000, 0x0000, 0x0000, 0x0000, 0x0000, 0x0000, 0x0000,
    0x0000, 0x0000, 0x0000, 0x0000, 0x0000, 0x0000, 0x0000, 0x0000, 0x0000, 0x0000, 0x0000, 0x0000, 0x0000, 0x0000, 0x0000, 0x0000,
    0x0000, 0x0000, 0x0000, 0x0020, 0x0020, 0x0020, 0x0020, 0x0020, 0x0020, 0x0020, 0x0020, 0x0020, 0x0020, 0x0020, 0x0000, 0x0000,
    0x0000, 0x0000, 0x0000, 0x0000, 0x0000, 0x0000, 0x0000, 0x0000, 0x0000, 0x0000, 0x0000, 0x0000, 0x0000, 0x0000, 0x0000, 0x0000,
    0x0000, 0x0000, 0x0000, 0x0000, 0x0000, 0x0000, 0x0000, 0x0000, 0x0000, 0x0000, 0x0000, 0x0000, 0x0000, 0x0000, 0x0000, 0x0000,
    0x0000, 0x0000, 0x0000, 0x0000, 0x0000, 0x0000, 0x0000, 0x0000, 0x0000, 0x0000, 0x0000, 0x0000, 0x0000, 0x0000, 0x0000, 0x0000,
    0x0000, 0x0000, 0x0000, 0x0000, 0x0000, 0x0000, 0x0000, 0x0000, 0x0000, 0x0000, 0x0000, 0x0000, 0x0000, 0x0000, 0x0000, 0x0000,
    0x0000, 0x0020, 0x0020, 0x0020, 0x0020, 0x0020, 0x0020, 0x0020, 0x0020, 0x0020, 0x0020, 0x0020, 0x0020, 0x0020, 0x0020, 0x0020,
    0x0000, 0x0000, 0x0000, 0x0000, 0x0000, 0x0000, 0x0000, 0x0000, 0x0000, 0x0000, 0x0000, 0x0000, 0x0000, 0x0000, 0x0000, 0x0000,
    0x0000, 0x0000, 0x0000, 0x0000, 0x0000, 0x0000, 0x0000, 0x0000, 0x0000, 0x0000, 0x0000, 0x0000, 0x0000, 0x0000, 0x0000, 0x0000,
    0x0000, 0x0000, 0x0000, 0x0000, 0x0000, 0x0000, 0x0000, 0x0000, 0x0000, 0x0000, 0x0000, 0x0000, 0x0000, 0x0000, 0x0000, 0x0000,
    0x0000, 0x0000, 0x0000, 0x0000, 0x0000, 0x0000, 0x0000, 0x0000, 0x0000, 0x0000, 0x0000, 0x0000, 0x0000, 0x0020, 0x0020, 0x0020,
    0x0020, 0x0020, 0x0020, 0x0020, 0x0020, 0x0020, 0x0020, 0x0020, 0x0020, 0x0020, 0x0020, 0x0020, 0x0020, 0x0020, 0x0020, 0x0020,
    0x0020, 0x0020, 0x0000, 0x0000, 0x0000, 0x0000, 0x0000, 0x0000, 0x0000, 0x0000, 0x0000, 0x0000, 0x0000, 0x0000, 0x0000, 0x0000,
    0x0000, 0x0000, 0x0000, 0x0000, 0x0000, 0x0000, 0x0000, 0x0000, 0x0000, 0x0000, 0x0000, 0x0000, 0x0000, 0x0000, 0x0000, 0x0000,
    0x0000, 0x0000, 0x0000, 0x0000, 0x0000, 0x0000, 0x0000, 0x0000, 0x0000, 0x0000, 0x0000, 0x0000, 0x0000, 0x0000, 0x0000, 0x0000,
    0x0000, 0x0000, 0x0000, 0x0000, 0x0000, 0x0000, 0x0000, 0x0000, 0x0000, 0x0000, 0x0000, 0x0000, 0x0020, 0x0020, 0x0020, 0x0020,
    0x0020, 0x0020, 0x0020, 0x0020, 0x0020, 0x0020, 0x0020, 0x0020, 0x0020, 0x0020, 0x0020, 0x0020, 0x0020, 0x0020, 0x0020, 0x0020,
    0x0020, 0x0020, 0x0020, 0x0020, 0x0020, 0x0000, 0x0000, 0x0000, 0x0000, 0x0000, 0x0000, 0x0000, 0x0000, 0x0000, 0x0000, 0x0000,
    0x0000, 0x0000, 0x0000, 0x0000, 0x0000, 0x0000, 0x0000, 0x0000, 0x0000, 0x0000, 0x0000, 0x0000, 0x0000, 0x0000, 0x0000, 0x0000,
    0x0000, 0x0000, 0x0000, 0x0000, 0x0000, 0x0000, 0x0000, 0x0000, 0x0000, 0x0000, 0x0000, 0x0000, 0x0000, 0x0000, 0x0000, 0x0000,
    0x0000, 0x0000, 0x0000, 0x0000, 0x0000, 0x0000, 0x0000, 0x0000, 0x0000, 0x0000, 0x0020, 0x0020, 0x0020, 0x0020, 0x0020, 0x0020,
    0x0020, 0x0020, 0x0020, 0x0020, 0x0021, 0x0021, 0x0021, 0x0041, 0x0041, 0x0021, 0x0021, 0x0020, 0x0020, 0x0020, 0x0020, 0x0020,
    0x0020, 0x0020, 0x0020, 0x0020, 0x0020, 0x0020, 0x0020, 0x0000, 0x0000, 0x0000, 0x0000, 0x0000, 0x0000, 0x0000, 0x0000, 0x0000,
    0x0000, 0x0000, 0x0000, 0x0000, 0x0000, 0x0000, 0x0000, 0x0000, 0x0000, 0x0000, 0x0000, 0x0000, 0x0000, 0x0000, 0x0000, 0x0000,
    0x0000, 0x0000, 0x0000, 0x0000, 0x0000, 0x0000, 0x0000, 0x0000, 0x0000, 0x0000, 0x0000, 0x0000, 0x0000, 0x0000, 0x0000, 0x0000,
    0x0000, 0x0000, 0x0000, 0x0000, 0x0000, 0x0000, 0x0000, 0x0000, 0x0020, 0x0020, 0x0020, 0x0020, 0x0020, 0x0020, 0x0020, 0x0020,
    0x0020, 0x0020, 0x0020, 0x0021, 0x0021, 0x0041, 0x0041, 0x0061, 0x0061, 0x0041, 0x0041, 0x0021, 0x0021, 0x0020, 0x0020, 0x0020,
    0x0020, 0x0020, 0x0020, 0x0020, 0x0020, 0x0020, 0x0020, 0x0020, 0x0020, 0x0020, 0x0000, 0x0000, 0x0000, 0x0000, 0x0000, 0x0000,
    0x0000, 0x0000, 0x0000, 0x0000, 0x0000, 0x0000, 0x0000, 0x0000, 0x0000, 0x0000, 0x0000, 0x0000, 0x0000, 0x0000, 0x0000, 0x0000,
    0x0000, 0x0000, 0x0000, 0x0000, 0x0000, 0x0000, 0x0000, 0x0000, 0x0000, 0x0000, 0x0000, 0x0000, 0x0000, 0x0000, 0x0000, 0x0000,
    0x0000, 0x0000, 0x0000, 0x0000, 0x0000, 0x0000, 0x0020, 0x0020, 0x0020, 0x0020, 0x0020, 0x0020, 0x0020, 0x0020, 0x0020, 0x0020,
    0x0020, 0x0020, 0x0021, 0x0041, 0x0041, 0x0041, 0x0062, 0x0000, 0x0000, 0x0062, 0x0041, 0x0041, 0x0021, 0x0020, 0x0020, 0x0020,
    0x0020, 0x0020, 0x0020, 0x0020, 0x0020, 0x0020, 0x0020, 0x0020, 0x0020, 0x0020, 0x0020, 0x0000, 0x0000, 0x0000, 0x0000, 0x0000,
    0x0000, 0x0000, 0x0000, 0x0000, 0x0000, 0x0000, 0x0000, 0x0000, 0x0000, 0x0000, 0x0000, 0x0000, 0x0000, 0x0000, 0x0000, 0x0000,
    0x0000, 0x0000, 0x0000, 0x0000, 0x0000, 0x0000, 0x0000, 0x0000, 0x0000, 0x0000, 0x0000, 0x0000, 0x0000, 0x0000, 0x0000, 0x0000,
    0x0000, 0x0000, 0x0000, 0x0000, 0x0000, 0x0020, 0x0020, 0x0020, 0x0020, 0x0020, 0x0020, 0x0020, 0x0020, 0x0020, 0x0020, 0x0021,
    0x0021, 0x0021, 0x0021, 0x0041, 0x0041, 0x0062, 0x0000, 0x036D, 0x036E, 0x0020, 0x0062, 0x0041, 0x0041, 0x0021, 0x0020, 0x0020,
    0x0020, 0x0020, 0x0020, 0x0020, 0x0020, 0x0020, 0x0020, 0x0020, 0x0020, 0x0020, 0x0020, 0x0020, 0x0020, 0x0000, 0x0000, 0x0000,
    0x0000, 0x0000, 0x0000, 0x0000, 0x0000, 0x0000, 0x0000, 0x0000, 0x0000, 0x0000, 0x0000, 0x0000, 0x0000, 0x0000, 0x0000, 0x0000,
    0x0000, 0x0000, 0x0000, 0x0000, 0x0000, 0x0000, 0x0000, 0x0000, 0x0000, 0x0000, 0x0000, 0x0000, 0x0000, 0x0000, 0x0000, 0x0000,
    0x0000, 0x0000, 0x0000, 0x0020, 0x0020, 0x0020, 0x0020, 0x0020, 0x0020, 0x0020, 0x0020, 0x0020, 0x0021, 0x0021, 0x0021, 0x0021,
    0x0021, 0x0041, 0x0041, 0x0041, 0x0041, 0x0082, 0x0021, 0x034D, 0x036E, 0x0021, 0x0082, 0x0041, 0x0041, 0x0041, 0x0041, 0x0041,
    0x0041, 0x0021, 0x0021, 0x0021, 0x0020, 0x0020, 0x0020, 0x0020, 0x0020, 0x0020, 0x0020, 0x0020, 0x0020, 0x0020, 0x0000, 0x0000,
    0x0000, 0x0000, 0x0000, 0x0000, 0x0000, 0x0000, 0x0000, 0x0000, 0x0000, 0x0000, 0x0000, 0x0000, 0x0000, 0x0000, 0x0000, 0x0000,
    0x0000, 0x0000, 0x0000, 0x0000, 0x0000, 0x0000, 0x0000, 0x0000, 0x0000, 0x0000, 0x0000, 0x0000, 0x0000, 0x0000, 0x0000, 0x0000,
    0x0020, 0x0020, 0x0020, 0x0020, 0x0020, 0x0020, 0x0020, 0x0020, 0x0020, 0x0021, 0x0021, 0x0041, 0x0041, 0x0041, 0x0041, 0x0041,
    0x0041, 0x0041, 0x0041, 0x0041, 0x0061, 0x0082, 0x0062, 0x0229, 0x0229, 0x0062, 0x0082, 0x0061, 0x0061, 0x0041, 0x0041, 0x0041,
    0x0041, 0x0041, 0x0041, 0x0041, 0x0041, 0x0021, 0x0021, 0x0021, 0x0020, 0x0020, 0x0020, 0x0020, 0x0020, 0x0020, 0x0020, 0x0020,
    0x0000, 0x0000, 0x0000, 0x0000, 0x0000, 0x0000, 0x0000, 0x0000, 0x0000, 0x0000, 0x0000, 0x0000, 0x0000, 0x0000, 0x0000, 0x0000,
    0x0000, 0x0000, 0x0000, 0x0000, 0x0000, 0x0000, 0x0000, 0x0000, 0x0000, 0x0000, 0x0000, 0x0000, 0x0000, 0x0000, 0x0000, 0x0020,
    0x0020, 0x0000, 0x0020, 0x0020, 0x0020, 0x0020, 0x0020, 0x0020, 0x0021, 0x0041, 0x0041, 0x0041, 0x0041, 0x0061, 0x0062, 0x0062,
    0x0062, 0x0062, 0x0062, 0x0062, 0x0082, 0x00A2, 0x0021, 0x03EF, 0x0410, 0x0021, 0x00A2, 0x0082, 0x0082, 0x0082, 0x0082, 0x0082,
    0x0082, 0x0062, 0x0062, 0x0061, 0x0041, 0x0041, 0x0041, 0x0041, 0x0041, 0x0021, 0x0020, 0x0020, 0x0020, 0x0020, 0x0020, 0x0020,
    0x0020, 0x0000, 0x0000, 0x0000, 0x0000, 0x0000, 0x0000, 0x0000, 0x0000, 0x0000, 0x0000, 0x0000, 0x0000, 0x0000, 0x0000, 0x0000,
    0x0000, 0x0000, 0x0000, 0x0000, 0x0000, 0x0000, 0x0000, 0x0000, 0x0000, 0x0000, 0x0000, 0x0000, 0x0000, 0x0000, 0x0020, 0x0020,
    0x0020, 0x0020, 0x0020, 0x0020, 0x0020, 0x0020, 0x0021, 0x0041, 0x0041, 0x0041, 0x0061, 0x0062, 0x0082, 0x0082, 0x00A2, 0x00A3,
    0x00A3, 0x00C3, 0x00C3, 0x00C3, 0x00A2, 0x00A2, 0x0062, 0x01A7, 0x01E7, 0x0062, 0x00A2, 0x00A2, 0x00C3, 0x00C3, 0x00C3, 0x00C3,
    0x00C3, 0x00A3, 0x00A2, 0x0082, 0x0082, 0x0082, 0x0062, 0x0061, 0x0041, 0x0041, 0x0041, 0x0021, 0x0020, 0x0020, 0x0020, 0x0020,
    0x0020, 0x0020, 0x0000, 0x0000, 0x0000, 0x0000, 0x0000, 0x0000, 0x0000, 0x0000, 0x0000, 0x0000, 0x0000, 0x0000, 0x0000, 0x0000,
    0x0000, 0x0000, 0x0000, 0x0000, 0x0000, 0x0000, 0x0000, 0x0000, 0x0000, 0x0000, 0x0000, 0x0000, 0x0000, 0x0000, 0x0020, 0x0020,
    0x0020, 0x0020, 0x0020, 0x0020, 0x0021, 0x0041, 0x0041, 0x0061, 0x0061, 0x0082, 0x0082, 0x00A3, 0x00C3, 0x00E4, 0x0104, 0x0104,
    0x00C3, 0x00A3, 0x0082, 0x0082, 0x00C3, 0x00C3, 0x0000, 0x0451, 0x0492, 0x0021, 0x00C3, 0x00C3, 0x0082, 0x0082, 0x00A3, 0x00E4,
    0x0104, 0x0104, 0x0104, 0x00E4, 0x00C3, 0x00A3, 0x00A2, 0x0082, 0x0062, 0x0061, 0x0041, 0x0041, 0x0021, 0x0020, 0x0020, 0x0020,
    0x0020, 0x0020, 0x0020, 0x0000, 0x0000, 0x0000, 0x0000, 0x0000, 0x0000, 0x0000, 0x0000, 0x0000, 0x0000, 0x0000, 0x0000, 0x0000,
    0x0000, 0x0000, 0x0000, 0x0000, 0x0000, 0x0000, 0x0000, 0x0000, 0x0000, 0x0000, 0x0000, 0x0000, 0x0020, 0x0020, 0x0020, 0x0020,
    0x0020, 0x0020, 0x0020, 0x0021, 0x0041, 0x0041, 0x0062, 0x0082, 0x0082, 0x00A3, 0x00C3, 0x0104, 0x0124, 0x00E4, 0x00E4, 0x0145,
    0x0249, 0x038E, 0x04F3, 0x05D7, 0x01A7, 0x0082, 0x00A3, 0x0082, 0x0082, 0x00A2, 0x0082, 0x0145, 0x05B7, 0x0535, 0x03CF, 0x028A,
    0x0186, 0x0104, 0x0104, 0x0125, 0x0125, 0x0104, 0x00E4, 0x00C3, 0x00A3, 0x0082, 0x0062, 0x0061, 0x0041, 0x0041, 0x0021, 0x0020,
    0x0020, 0x0020, 0x0020, 0x0020, 0x0000, 0x0000, 0x0000, 0x0000, 0x0000, 0x0000, 0x0000, 0x0000, 0x0000, 0x0000, 0x0000, 0x0000,
    0x0000, 0x0000, 0x0000, 0x0000, 0x0000, 0x0000, 0x0000, 0x0000, 0x0000, 0x0000, 0x0000, 0x0000, 0x0020, 0x0020, 0x0020, 0x0020,
    0x0020, 0x0021, 0x0041, 0x0041, 0x0061, 0x0062, 0x0082, 0x00A3, 0x00E3, 0x0125, 0x0125, 0x0104, 0x0186, 0x032D, 0x0555, 0x073D,
    0x07FF, 0x07DF, 0x071C, 0x05F8, 0x01A7, 0x00A2, 0x00A3, 0x00A2, 0x0082, 0x0082, 0x00A2, 0x0145, 0x0576, 0x06DB, 0x079E, 0x07FF,
    0x077E, 0x05F7, 0x03AF, 0x01C8, 0x0125, 0x0145, 0x0145, 0x0104, 0x00E4, 0x00C3, 0x00A2, 0x0062, 0x0061, 0x0041, 0x0041, 0x0021,
    0x0020, 0x0020, 0x0020, 0x0020, 0x0020, 0x0000, 0x0000, 0x0000, 0x0000, 0x0000, 0x0000, 0x0000, 0x0000, 0x0000, 0x0000, 0x0000,
    0x0000, 0x0000, 0x0000, 0x0000, 0x0000, 0x0000, 0x0000, 0x0000, 0x0000, 0x0000, 0x0000, 0x0000, 0x0020, 0x0020, 0x0020, 0x0020,
    0x0021, 0x0041, 0x0041, 0x0061, 0x0062, 0x00A2, 0x00C3, 0x0104, 0x0145, 0x0125, 0x01E8, 0x0452, 0x073D, 0x07FF, 0x075D, 0x0535,
    0x032D, 0x01E8, 0x0125, 0x00C3, 0x00E4, 0x00C3, 0x00A3, 0x00A3, 0x00A3, 0x00A3, 0x00C3, 0x00E4, 0x00C3, 0x0105, 0x0187, 0x02CB,
    0x04B3, 0x06DB, 0x07FF, 0x079E, 0x0535, 0x026A, 0x0146, 0x0166, 0x0145, 0x00E4, 0x00C3, 0x00A2, 0x0062, 0x0061, 0x0041, 0x0041,
    0x0021, 0x0020, 0x0020, 0x0020, 0x0020, 0x0020, 0x0000, 0x0000, 0x0000, 0x0000, 0x0000, 0x0000, 0x0000, 0x0000, 0x0000, 0x0000,
    0x0000, 0x0000, 0x0000, 0x0000, 0x0000, 0x0000, 0x0000, 0x0000, 0x0000, 0x0000, 0x0020, 0x0000, 0x0020, 0x0020, 0x0020, 0x0020,
    0x0041, 0x0041, 0x0061, 0x0082, 0x00A2, 0x00E4, 0x0145, 0x0145, 0x01A7, 0x0472, 0x07BF, 0x07FF, 0x05D7, 0x032D, 0x0166, 0x00E4,
    0x00E4, 0x0104, 0x0104, 0x0104, 0x00E4, 0x00C3, 0x00C3, 0x00C3, 0x00C3, 0x00C3, 0x00C3, 0x00E3, 0x0124, 0x0125, 0x0104, 0x00E4,
    0x00E4, 0x0125, 0x028A, 0x0555, 0x07DF, 0x07FF, 0x0555, 0x0229, 0x0145, 0x0166, 0x0104, 0x00C3, 0x0082, 0x0062, 0x0061, 0x0041,
    0x0041, 0x0020, 0x0020, 0x0020, 0x0020, 0x0020, 0x0020, 0x0000, 0x0000, 0x0000, 0x0000, 0x0000, 0x0000, 0x0000, 0x0000, 0x0000,
    0x0000, 0x0000, 0x0000, 0x0000, 0x0000, 0x0000, 0x0000, 0x0000, 0x0000, 0x0000, 0x0020, 0x0020, 0x0020, 0x0020, 0x0021, 0x0041,
    0x0041, 0x0061, 0x0082, 0x00A3, 0x0104, 0x0145, 0x0145, 0x032D, 0x071C, 0x07FF, 0x05B7, 0x026A, 0x00E4, 0x0104, 0x0125, 0x0125,
    0x0104, 0x0104, 0x0104, 0x00E4, 0x00E4, 0x00E4, 0x00E4, 0x00E4, 0x00E4, 0x00E4, 0x00E4, 0x0104, 0x0104, 0x0104, 0x0105, 0x0125,
    0x0145, 0x0145, 0x0125, 0x0125, 0x0209, 0x0514, 0x07FF, 0x07BF, 0x03F0, 0x0166, 0x0166, 0x0125, 0x00C3, 0x00A2, 0x0062, 0x0061,
    0x0041, 0x0021, 0x0020, 0x0020, 0x0020, 0x0020, 0x0020, 0x0000, 0x0000, 0x0000, 0x0000, 0x0000, 0x0000, 0x0000, 0x0000, 0x0000,
    0x0000, 0x0000, 0x0000, 0x0000, 0x0000, 0x0000, 0x0000, 0x0000, 0x0000, 0x0020, 0x0000, 0x0020, 0x0020, 0x0020, 0x0021, 0x0041,
    0x0061, 0x0082, 0x00A3, 0x0104, 0x0145, 0x0166, 0x04D3, 0x07FF, 0x06DB, 0x02CB, 0x00E4, 0x0104, 0x0125, 0x0104, 0x0104, 0x0104,
    0x0104, 0x0104, 0x0104, 0x0104, 0x0104, 0x0104, 0x0104, 0x0125, 0x0105, 0x0125, 0x0125, 0x0125, 0x0125, 0x0145, 0x0146, 0x0146,
    0x0166, 0x0145, 0x0166, 0x0186, 0x0186, 0x0166, 0x026A, 0x0639, 0x07FF, 0x05B7, 0x01E8, 0x0146, 0x0125, 0x00C3, 0x0082, 0x0062,
    0x0041, 0x0041, 0x0021, 0x0020, 0x0020, 0x0020, 0x0020, 0x0000, 0x0000, 0x0000, 0x0000, 0x0000, 0x0000, 0x0000, 0x0000, 0x0000,
    0x0000, 0x0000, 0x0000, 0x0000, 0x0000, 0x0000, 0x0000, 0x0000, 0x0000, 0x0020, 0x0020, 0x0020, 0x0020, 0x0021, 0x0041, 0x0041,
    0x0062, 0x00A3, 0x0104, 0x0125, 0x01A7, 0x0619, 0x07FF, 0x04B3, 0x0125, 0x00C4, 0x0104, 0x00E4, 0x00E4, 0x00E4, 0x0104, 0x0104,
    0x0104, 0x0125, 0x0125, 0x0125, 0x0145, 0x0145, 0x0146, 0x0166, 0x0166, 0x0166, 0x0166, 0x0166, 0x0186, 0x0186, 0x0186, 0x01A7,
    0x01A7, 0x01A7, 0x01A7, 0x01A7, 0x01C7, 0x01C7, 0x0166, 0x0166, 0x0431, 0x07FF, 0x06FC, 0x024A, 0x0145, 0x0125, 0x00C3, 0x0082,
    0x0061, 0x0041, 0x0041, 0x0020, 0x0020, 0x0020, 0x0020, 0x0020, 0x0000, 0x0000, 0x0000, 0x0000, 0x0000, 0x0000, 0x0000, 0x0000,
    0x0000, 0x0000, 0x0000, 0x0000, 0x0000, 0x0000, 0x0000, 0x0000, 0x0020, 0x0000, 0x0020, 0x0020, 0x0020, 0x0021, 0x0041, 0x0061,
    0x0082, 0x00E4, 0x0124, 0x01C8, 0x06DB, 0x07FF, 0x034D, 0x00A3, 0x00E4, 0x00E3, 0x00C3, 0x00E4, 0x00E4, 0x00E4, 0x0104, 0x0104,
    0x0125, 0x0166, 0x0166, 0x0187, 0x01A7, 0x01A7, 0x01C7, 0x01C8, 0x01C8, 0x01E8, 0x01E8, 0x01E8, 0x0209, 0x0209, 0x0229, 0x0249,
    0x024A, 0x0229, 0x0209, 0x01E8, 0x01E8, 0x01C7, 0x01A7, 0x0187, 0x0104, 0x02CB, 0x07BF, 0x079E, 0x028B, 0x0125, 0x0124, 0x00A3,
    0x0082, 0x0061, 0x0041, 0x0021, 0x0020, 0x0020, 0x0020, 0x0020, 0x0020, 0x0000, 0x0000, 0x0000, 0x0000, 0x0000, 0x0000, 0x0000,
    0x0000, 0x0000, 0x0000, 0x0000, 0x0000, 0x0000, 0x0000, 0x0000, 0x0000, 0x0020, 0x0020, 0x0020, 0x0020, 0x0041, 0x0041, 0x0062,
    0x00C3, 0x00E4, 0x0186, 0x06FC, 0x07DF, 0x026A, 0x00C3, 0x0104, 0x00C3, 0x00C3, 0x00C3, 0x00C3, 0x00E3, 0x00E4, 0x0125, 0x0166,
    0x01A7, 0x01C7, 0x01E8, 0x0229, 0x024A, 0x026A, 0x026A, 0x026A, 0x028B, 0x02AB, 0x02AB, 0x02AB, 0x02CC, 0x02CC, 0x02CC, 0x02EC,
    0x032D, 0x036F, 0x0411, 0x04D4, 0x0492, 0x030D, 0x0209, 0x0166, 0x0145, 0x0104, 0x0208, 0x075D, 0x07BF, 0x024A, 0x0104, 0x00E4,
    0x00A2, 0x0062, 0x0041, 0x0041, 0x0020, 0x0020, 0x0020, 0x0020, 0x0020, 0x0020, 0x0000, 0x0000, 0x0000, 0x0000, 0x0000, 0x0000,
    0x0000, 0x0000, 0x0000, 0x0000, 0x0000, 0x0000, 0x0000, 0x0000, 0x0000, 0x0020, 0x0020, 0x0020, 0x0021, 0x0041, 0x0061, 0x0082,
    0x00C3, 0x0186, 0x06DB, 0x07DF, 0x0229, 0x00A3, 0x00E4, 0x00A3, 0x00E3, 0x00C3, 0x00A3, 0x00C3, 0x00E4, 0x0125, 0x0166, 0x01C7,
    0x0229, 0x028B, 0x02EC, 0x02EC, 0x030D, 0x034E, 0x034E, 0x036F, 0x038F, 0x038F, 0x03AF, 0x0411, 0x0472, 0x0515, 0x05B7, 0x0659,
    0x06FC, 0x1F9E, 0x4FFF, 0x6FFF, 0x2FFF, 0x065A, 0x026A, 0x0186, 0x0104, 0x0124, 0x00E4, 0x01E8, 0x073D, 0x07BF, 0x0249, 0x00E4,
    0x00C3, 0x0082, 0x0061, 0x0041, 0x0021, 0x0020, 0x0020, 0x0020, 0x0020, 0x0020, 0x0000, 0x0000, 0x0000, 0x0000, 0x0000, 0x0000,
    0x0000, 0x0000, 0x0000, 0x0000, 0x0000, 0x0000, 0x0000, 0x0000, 0x0020, 0x0020, 0x0020, 0x0021, 0x0041, 0x0041, 0x0062, 0x00A3,
    0x00A3, 0x02CB, 0x05F8, 0x0249, 0x0082, 0x00E3, 0x00A3, 0x00E3, 0x0082, 0x0082, 0x00A3, 0x00C3, 0x0104, 0x0166, 0x0209, 0x030D,
    0x0472, 0x04D4, 0x0576, 0x05F8, 0x067A, 0x0659, 0x0639, 0x065A, 0x069A, 0x06FC, 0x173D, 0x279E, 0x3FFF, 0x5FFF, 0x87FF, 0xAFFF,
    0xCFFF, 0xEFFF, 0xFFFF, 0xFFDF, 0xD7FF, 0x071D, 0x024A, 0x0166, 0x0104, 0x00C3, 0x0104, 0x00C3, 0x01E8, 0x05F8, 0x03AF, 0x00E4,
    0x00C3, 0x0082, 0x0062, 0x0041, 0x0041, 0x0021, 0x0020, 0x0020, 0x0020, 0x0020, 0x0000, 0x0000, 0x0000, 0x0000, 0x0000, 0x0000,
    0x0000, 0x0000, 0x0000, 0x0000, 0x0000, 0x0000, 0x0020, 0x0000, 0x0020, 0x0020, 0x0020, 0x0021, 0x0041, 0x0061, 0x0082, 0x00A3,
    0x00C3, 0x0062, 0x0082, 0x00A3, 0x00A2, 0x00A2, 0x00C3, 0x0062, 0x0062, 0x00A2, 0x00C3, 0x00E4, 0x0166, 0x026A, 0x036E, 0x05D8,
    0x075D, 0x27BF, 0x47FF, 0x67FF, 0x67FF, 0x6FFF, 0x7FFF, 0x97FF, 0xA7FF, 0xBFFF, 0xD7FF, 0xE7FF, 0xF7FF, 0xFFFF, 0xFFFF, 0xFFFF,
    0xFFFF, 0xF7FF, 0xF7FF, 0xFFFF, 0xD7FF, 0x06FC, 0x0209, 0x0145, 0x00C3, 0x00C3, 0x00C3, 0x00C3, 0x00E3, 0x00C3, 0x00A3, 0x00E4,
    0x00E3, 0x00A2, 0x0082, 0x0061, 0x0041, 0x0041, 0x0020, 0x0020, 0x0020, 0x0020, 0x0020, 0x0000, 0x0000, 0x0000, 0x0000, 0x0000,
    0x0000, 0x0000, 0x0000, 0x0000, 0x0000, 0x0020, 0x0000, 0x0020, 0x0020, 0x0020, 0x0021, 0x0041, 0x0041, 0x0082, 0x00A3, 0x00A2,
    0x0186, 0x03F0, 0x00E4, 0x00A2, 0x00A3, 0x00C3, 0x0061, 0x0061, 0x0082, 0x00A3, 0x00E3, 0x0145, 0x026A, 0x03D0, 0x06BB, 0x2FFF,
    0x97FF, 0xB7FF, 0xB7FF, 0xBFDF, 0xCFDF, 0xD7FF, 0xDFDF, 0xE7FF, 0xE7FF, 0xEFFF, 0xEFFF, 0xEFFF, 0xEFFF, 0xEFFF, 0xEFFF, 0xF7FF,
    0xF7FF, 0xF7FF, 0xEFFF, 0xFFDF, 0x87FF, 0x0576, 0x0166, 0x0145, 0x00C3, 0x0082, 0x00A3, 0x00C3, 0x00C3, 0x00E4, 0x03CF, 0x0249,
    0x00A3, 0x00E3, 0x0082, 0x0062, 0x0041, 0x0041, 0x0021, 0x0020, 0x0020, 0x0020, 0x0020, 0x0000, 0x0000, 0x0000, 0x0000, 0x0000,
    0x0000, 0x0000, 0x0000, 0x0000, 0x0000, 0x0020, 0x0020, 0x0020, 0x0020, 0x0020, 0x0041, 0x0041, 0x0061, 0x0082, 0x00C3, 0x00A3,
    0x0639, 0x0431, 0x0062, 0x00C3, 0x0104, 0x0061, 0x0061, 0x0062, 0x0082, 0x00C3, 0x0125, 0x0187, 0x032D, 0x071C, 0x5FFF, 0xBFDF,
    0xA7FF, 0x97FF, 0xA7FF, 0xB7FF, 0xC7FF, 0xCFFF, 0xD7FF, 0xDFFF, 0xDFFF, 0xE7FF, 0xE7FF, 0xEFFF, 0xF7FF, 0xEFFF, 0xEFFF, 0xF7FF,
    0xF7FF, 0xF7FF, 0xFFFF, 0xDFFF, 0x0FDF, 0x034E, 0x0146, 0x0104, 0x00A3, 0x0082, 0x0061, 0x00E4, 0x00E4, 0x0082, 0x036E, 0x06DB,
    0x0166, 0x00E4, 0x00C3, 0x0082, 0x0061, 0x0041, 0x0021, 0x0020, 0x0020, 0x0020, 0x0020, 0x0020, 0x0000, 0x0000, 0x0000, 0x0000,
    0x0000, 0x0000, 0x0000, 0x0000, 0x0000, 0x0000, 0x0000, 0x0020, 0x0020, 0x0021, 0x0041, 0x0061, 0x0082, 0x00C3, 0x0061, 0x0472,
    0x05B7, 0x0041, 0x00E3, 0x0125, 0x0061, 0x0041, 0x0061, 0x0082, 0x00A3, 0x00E4, 0x0166, 0x01E8, 0x0659, 0x57FF, 0xAFDF, 0x7FFF,
    0x97FF, 0xC7FF, 0xD7FF, 0xDFFF, 0xDFFF, 0xE7FF, 0xE7FF, 0xE7DF, 0xEFFF, 0xE7FF, 0xDFFF, 0xCFFF, 0xB7FF, 0xE7FF, 0xEFFF, 0xEFFF,
    0xEFFF, 0xF7FF, 0xF7FF, 0x3FFF, 0x0535, 0x024A, 0x0145, 0x00E4, 0x00A3, 0x0082, 0x0061, 0x0041, 0x0104, 0x0104, 0x0062, 0x04D3,
    0x0596, 0x00A3, 0x0104, 0x00A2, 0x0062, 0x0041, 0x0041, 0x0021, 0x0020, 0x0020, 0x0020, 0x0020, 0x0000, 0x0000, 0x0000, 0x0000,
    0x0000, 0x0000, 0x0000, 0x0000, 0x0000, 0x0000, 0x0020, 0x0020, 0x0020, 0x0021, 0x0041, 0x0062, 0x00A3, 0x00A2, 0x0208, 0x06FC,
    0x0166, 0x00A3, 0x0145, 0x00A3, 0x0020, 0x0061, 0x0062, 0x00A3, 0x0104, 0x0125, 0x0125, 0x0452, 0x17FF, 0x7FDF, 0x7FFF, 0x97FF,
    0xBFFF, 0xCFFF, 0xD7FF, 0xDFFF, 0xCFFF, 0xBFFF, 0xA7FF, 0x8FFF, 0x6FFF, 0x4FFF, 0x37BF, 0x17DF, 0x8FFF, 0xE7FF, 0xE7FF, 0xEFFF,
    0xF7FF, 0xFFDF, 0x4FFF, 0x0639, 0x034E, 0x01A7, 0x0125, 0x0104, 0x00E4, 0x0082, 0x0062, 0x0041, 0x0062, 0x0145, 0x00E4, 0x0125,
    0x06BB, 0x030D, 0x00A3, 0x00C3, 0x0082, 0x0061, 0x0041, 0x0021, 0x0020, 0x0020, 0x0020, 0x0020, 0x0000, 0x0000, 0x0000, 0x0000,
    0x0000, 0x0000, 0x0000, 0x0000, 0x0000, 0x0000, 0x0020, 0x0020, 0x0021, 0x0041, 0x0041, 0x0082, 0x00C3, 0x0062, 0x05B7, 0x0410,
    0x0041, 0x0125, 0x0125, 0x0020, 0x0041, 0x0061, 0x0082, 0x00A3, 0x00C3, 0x0125, 0x01A7, 0x071C, 0x0FFF, 0x07BF, 0x37FF, 0x57FF,
    0x5FFF, 0x5FFF, 0x4FFF, 0x37FF, 0x277E, 0x0F1C, 0x067A, 0x05B7, 0x04F4, 0x0493, 0x071C, 0x77FF, 0xE7FF, 0xE7FF, 0xE7FF, 0xEFFF,
    0xF7FF, 0x57FF, 0x069B, 0x03F1, 0x026A, 0x0166, 0x0125, 0x00E4, 0x00C3, 0x00A2, 0x0062, 0x0061, 0x0020, 0x0104, 0x0166, 0x00A2,
    0x034D, 0x069A, 0x00E4, 0x00E3, 0x00A2, 0x0062, 0x0041, 0x0021, 0x0020, 0x0020, 0x0020, 0x0020, 0x0000, 0x0000, 0x0000, 0x0000,
    0x0000, 0x0000, 0x0000, 0x0020, 0x0020, 0x0020, 0x0020, 0x0020, 0x0021, 0x0041, 0x0061, 0x00A2, 0x0082, 0x0249, 0x06BB, 0x00E4,
    0x00C3, 0x0166, 0x0062, 0x0021, 0x0041, 0x0061, 0x0082, 0x00C3, 0x00E4, 0x00E4, 0x030C, 0x0639, 0x0472, 0x04F5, 0x0515, 0x04F4,
    0x04B3, 0x0472, 0x03D0, 0x034E, 0x02AB, 0x024A, 0x0229, 0x0229, 0x028B, 0x0639, 0x77FF, 0xDFFF, 0xD7FF, 0xE7FF, 0xEFFF, 0xF7FF,
    0x57FF, 0x0639, 0x03F1, 0x02AB, 0x01C8, 0x0166, 0x0125, 0x00E4, 0x00C3, 0x00A3, 0x0082, 0x0061, 0x0041, 0x0041, 0x0187, 0x0124,
    0x00C3, 0x0618, 0x03AF, 0x0082, 0x00C3, 0x0082, 0x0041, 0x0041, 0x0021, 0x0020, 0x0020, 0x0020, 0x0020, 0x0000, 0x0000, 0x0000,
    0x0000, 0x0000, 0x0000, 0x0020, 0x0020, 0x0020, 0x0020, 0x0020, 0x0021, 0x0041, 0x0062, 0x00C3, 0x0041, 0x0555, 0x0431, 0x0041,
    0x0145, 0x0104, 0x0000, 0x0041, 0x0041, 0x00A3, 0x0125, 0x0125, 0x0104, 0x00E4, 0x026A, 0x02AB, 0x0229, 0x02CC, 0x028B, 0x024A,
    0x0209, 0x01C8, 0x01A7, 0x0187, 0x01A7, 0x01C8, 0x0229, 0x028B, 0x0639, 0x67FF, 0xD7DF, 0xCFFF, 0xDFFF, 0xEFFF, 0xEFFF, 0x4FFF,
    0x0639, 0x03B0, 0x02CC, 0x0208, 0x01A7, 0x0187, 0x01A7, 0x01A7, 0x0187, 0x0166, 0x0104, 0x0062, 0x0061, 0x0020, 0x00E4, 0x0186,
    0x0082, 0x032D, 0x0659, 0x00C3, 0x00E3, 0x0082, 0x0061, 0x0041, 0x0021, 0x0020, 0x0020, 0x0020, 0x0020, 0x0000, 0x0000, 0x0000,
    0x0000, 0x0000, 0x0000, 0x0020, 0x0020, 0x0020, 0x0020, 0x0020, 0x0021, 0x0041, 0x0082, 0x0082, 0x0165, 0x069A, 0x0186, 0x00A3,
    0x0187, 0x0062, 0x0021, 0x0041, 0x0061, 0x0082, 0x00A3, 0x00A3, 0x00C3, 0x0104, 0x0125, 0x0187, 0x01C7, 0x01E8, 0x01C8, 0x01C7,
    0x01A7, 0x0186, 0x0186, 0x0166, 0x0187, 0x01E8, 0x0229, 0x05F8, 0x5FFF, 0xCFDF, 0xCFFF, 0xDFFF, 0xE7FF, 0xEFFF, 0x47FF, 0x05F8,
    0x036F, 0x02AC, 0x0209, 0x01C7, 0x0186, 0x0146, 0x0125, 0x0104, 0x00E4, 0x00C3, 0x00A3, 0x0082, 0x0061, 0x0041, 0x0041, 0x0187,
    0x0104, 0x0125, 0x069A, 0x028A, 0x0082, 0x00A3, 0x0061, 0x0041, 0x0021, 0x0020, 0x0020, 0x0020, 0x0000, 0x0000, 0x0000, 0x0000,
    0x0000, 0x0000, 0x0000, 0x0020, 0x0020, 0x0020, 0x0020, 0x0021, 0x0041, 0x0041, 0x0082, 0x0041, 0x034D, 0x0596, 0x0041, 0x0125,
    0x0145, 0x0020, 0x0041, 0x0061, 0x0061, 0x0082, 0x0082, 0x00A2, 0x00C3, 0x00E3, 0x0104, 0x0125, 0x0145, 0x0145, 0x0145, 0x0145,
    0x0125, 0x0125, 0x0125, 0x0166, 0x01A7, 0x01E8, 0x05B7, 0x57FF, 0xCFDF, 0xC7FF, 0xD7FF, 0xE7FF, 0xE7FF, 0x47FF, 0x05B7, 0x030D,
    0x02AB, 0x0209, 0x01C8, 0x0186, 0x0166, 0x0125, 0x0104, 0x00C3, 0x00A3, 0x00A2, 0x0082, 0x0082, 0x0061, 0x0061, 0x0020, 0x0125,
    0x0186, 0x0082, 0x04D3, 0x04D3, 0x0062, 0x00C3, 0x0062, 0x0041, 0x0021, 0x0021, 0x0020, 0x0020, 0x0020, 0x0020, 0x0000, 0x0000,
    0x0000, 0x0000, 0x0000, 0x0020, 0x0020, 0x0020, 0x0020, 0x0021, 0x0041, 0x0061, 0x00A2, 0x0041, 0x0535, 0x03AF, 0x0021, 0x0146,
    0x00C3, 0x0020, 0x0041, 0x0061, 0x00C3, 0x0104, 0x0125, 0x0125, 0x0125, 0x0125, 0x0104, 0x0104, 0x0125, 0x0125, 0x0104, 0x0104,
    0x0104, 0x0104, 0x0145, 0x01A7, 0x01C8, 0x0555, 0x47FF, 0xC7DF, 0xC7FF, 0xD7FF, 0xDFFF, 0xE7FF, 0x47FF, 0x05B7, 0x02CC, 0x028B,
    0x0229, 0x01C8, 0x01A7, 0x01E8, 0x01E8, 0x01E8, 0x01C7, 0x0187, 0x0166, 0x0125, 0x0104, 0x00E4, 0x0082, 0x0061, 0x0041, 0x00C3,
    0x01C7, 0x00A2, 0x02AB, 0x0618, 0x00C3, 0x00C3, 0x0082, 0x0041, 0x0041, 0x0021, 0x0020, 0x0020, 0x0020, 0x0020, 0x0000, 0x0000,
    0x0000, 0x0000, 0x0000, 0x0020, 0x0020, 0x0020, 0x0020, 0x0041, 0x0061, 0x0082, 0x00A3, 0x00E4, 0x069A, 0x0208, 0x00A2, 0x0166,
    0x0082, 0x0041, 0x0061, 0x0061, 0x00A2, 0x00A3, 0x00C3, 0x00C4, 0x00E4, 0x00E4, 0x00E4, 0x00E4, 0x00E4, 0x0104, 0x0104, 0x0104,
    0x0104, 0x0125, 0x01A7, 0x0187, 0x04F4, 0x3FFF, 0xBFDF, 0xC7FF, 0xD7FF, 0xDFFF, 0xE7DF, 0x4FFF, 0x05D8, 0x02CC, 0x028B, 0x0229,
    0x01C8, 0x0187, 0x0186, 0x0166, 0x0166, 0x0145, 0x0125, 0x0104, 0x00E4, 0x00C3, 0x00A3, 0x00A3, 0x0082, 0x0061, 0x0062, 0x0062,
    0x01A7, 0x0124, 0x0145, 0x06BB, 0x01E8, 0x00A2, 0x00A2, 0x0061, 0x0041, 0x0021, 0x0020, 0x0020, 0x0020, 0x0020, 0x0000, 0x0000,
    0x0000, 0x0000, 0x0000, 0x0000, 0x0020, 0x0020, 0x0021, 0x0041, 0x0062, 0x00A2, 0x00A3, 0x0125, 0x030C, 0x0104, 0x00C3, 0x00E4,
    0x0082, 0x0061, 0x0061, 0x0061, 0x0061, 0x0062, 0x0082, 0x0082, 0x00A3, 0x00C3, 0x00C3, 0x00E3, 0x00E4, 0x0104, 0x0104, 0x0104,
    0x0145, 0x01A7, 0x0187, 0x04B3, 0x2FFF, 0xB7DF, 0xC7FF, 0xD7FF, 0xDFFF, 0xE7DF, 0x57FF, 0x05B7, 0x02CC, 0x028B, 0x0229, 0x01C7,
    0x0186, 0x0146, 0x0125, 0x0104, 0x00E4, 0x00C3, 0x00C3, 0x00A3, 0x00A2, 0x0082, 0x0082, 0x0062, 0x0061, 0x0062, 0x0082, 0x0082,
    0x0104, 0x0125, 0x0104, 0x032D, 0x0186, 0x00A3, 0x00A3, 0x0082, 0x0041, 0x0041, 0x0021, 0x0020, 0x0020, 0x0000, 0x0000, 0x0000,
    0x0000, 0x0000, 0x0000, 0x0000, 0x0020, 0x0020, 0x0041, 0x0061, 0x0082, 0x00E4, 0x0166, 0x0186, 0x0125, 0x01A7, 0x0166, 0x00E4,
    0x0082, 0x0082, 0x0062, 0x00E4, 0x0104, 0x0104, 0x0125, 0x0146, 0x0166, 0x0186, 0x0186, 0x0166, 0x0146, 0x0125, 0x0125, 0x0145,
    0x01A7, 0x01A7, 0x0431, 0x27FF, 0xAFFF, 0xBFFF, 0xCFFF, 0xDFFF, 0xEFDF, 0x57FF, 0x05D8, 0x02AB, 0x026A, 0x0209, 0x01C8, 0x01A7,
    0x01C7, 0x01E8, 0x01E8, 0x01E8, 0x01C8, 0x01A7, 0x0187, 0x0166, 0x0145, 0x0125, 0x0104, 0x00C3, 0x00C3, 0x0082, 0x0082, 0x00A2,
    0x0104, 0x0186, 0x01C8, 0x0166, 0x0186, 0x0166, 0x0104, 0x0082, 0x0061, 0x0041, 0x0021, 0x0020, 0x0020, 0x0020, 0x0000, 0x0000,
    0x0000, 0x0000, 0x0000, 0x0000, 0x0020, 0x0020, 0x0041, 0x0082, 0x0041, 0x03AF, 0x071C, 0x06BB, 0x06DB, 0x06BB, 0x071C, 0x032D,
    0x0041, 0x00A3, 0x0082, 0x00E4, 0x00E4, 0x00E4, 0x0105, 0x0125, 0x0145, 0x0166, 0x0166, 0x0146, 0x0145, 0x0145, 0x0146, 0x01A7,
    0x0187, 0x03CF, 0x1FFF, 0xA7FF, 0xC7FF, 0xCFFF, 0xDFFF, 0xEFDF, 0x67FF, 0x05F8, 0x028B, 0x026A, 0x0209, 0x01A7, 0x0187, 0x0186,
    0x0187, 0x01A7, 0x0187, 0x0186, 0x0166, 0x0166, 0x0145, 0x0125, 0x0104, 0x00E4, 0x00C3, 0x00C3, 0x00C3, 0x00A2, 0x00A3, 0x0082,
    0x026A, 0x06FC, 0x06DB, 0x06DB, 0x06BB, 0x071C, 0x0451, 0x0041, 0x0082, 0x0041, 0x0021, 0x0020, 0x0020, 0x0020, 0x0000, 0x0000,
    0x0000, 0x0000, 0x0000, 0x0000, 0x0020, 0x0021, 0x0041, 0x0062, 0x00A2, 0x0125, 0x0208, 0x01A7, 0x01E8, 0x01C7, 0x01A7, 0x00C3,
    0x00C3, 0x00A3, 0x0082, 0x0082, 0x0062, 0x0082, 0x0082, 0x0082, 0x00A3, 0x00C3, 0x00E4, 0x0104, 0x0125, 0x0146, 0x01A7, 0x01A7,
    0x034D, 0x0FBF, 0x9FFF, 0xBFDF, 0xCFFF, 0xD7FF, 0xEFDF, 0x77FF, 0x0639, 0x028B, 0x0249, 0x01E8, 0x01A7, 0x0166, 0x0145, 0x0125,
    0x0104, 0x00E4, 0x00E3, 0x00C3, 0x00A3, 0x00A2, 0x0082, 0x0082, 0x0082, 0x0062, 0x0062, 0x0082, 0x0082, 0x0082, 0x00A3, 0x00C3,
    0x00E4, 0x01C8, 0x01C8, 0x01C8, 0x01A7, 0x01E8, 0x0125, 0x00A2, 0x0062, 0x0041, 0x0021, 0x0020, 0x0020, 0x0020, 0x0000, 0x0000,
    0x0000, 0x0000, 0x0020, 0x0020, 0x0020, 0x0021, 0x0041, 0x0082, 0x00A3, 0x00C3, 0x0125, 0x03CF, 0x0431, 0x0410, 0x03F0, 0x034D,
    0x00E4, 0x00A3, 0x00C3, 0x0104, 0x0104, 0x0125, 0x0146, 0x0166, 0x0187, 0x0187, 0x0166, 0x0146, 0x0166, 0x0187, 0x01C7, 0x02AB,
    0x073D, 0x8FFF, 0xC7DF, 0xC7FF, 0xD7FF, 0xEFDF, 0x8FFF, 0x069B, 0x028B, 0x0229, 0x01E8, 0x01A7, 0x0186, 0x01A7, 0x01C7, 0x01C8,
    0x01E8, 0x01C8, 0x01C8, 0x01A7, 0x0187, 0x0186, 0x0166, 0x0125, 0x0105, 0x0104, 0x00E4, 0x00E3, 0x00C3, 0x00A3, 0x00A3, 0x00E3,
    0x034D, 0x0431, 0x0410, 0x0410, 0x0410, 0x0166, 0x00A3, 0x00A3, 0x0062, 0x0041, 0x0021, 0x0020, 0x0020, 0x0020, 0x0000, 0x0000,
    0x0000, 0x0000, 0x0020, 0x0020, 0x0020, 0x0021, 0x0041, 0x0082, 0x00A3, 0x00C3, 0x01C7, 0x0639, 0x06BB, 0x069A, 0x06BB, 0x05B6,
    0x00E4, 0x00A3, 0x00C3, 0x0104, 0x0125, 0x0146, 0x0166, 0x0187, 0x01A7, 0x01A7, 0x0187, 0x0166, 0x0187, 0x01C7, 0x0229, 0x067A,
    0x77FF, 0xC7DF, 0xC7FF, 0xD7FF, 0xEFDF, 0xA7FF, 0x071C, 0x02CC, 0x0209, 0x01C8, 0x0187, 0x0166, 0x0166, 0x0187, 0x01A7, 0x01C8,
    0x01E8, 0x01E8, 0x01C8, 0x01A7, 0x0187, 0x0186, 0x0166, 0x0145, 0x0125, 0x0104, 0x00E4, 0x00E4, 0x00C3, 0x00C3, 0x00C3, 0x00C3,
    0x0555, 0x06DC, 0x069A, 0x069A, 0x069A, 0x0229, 0x00C3, 0x00A3, 0x0062, 0x0041, 0x0021, 0x0020, 0x0020, 0x0020, 0x0000, 0x0000,
    0x0000, 0x0000, 0x0000, 0x0020, 0x0020, 0x0021, 0x0041, 0x0062, 0x00A3, 0x00A2, 0x00A2, 0x0082, 0x00A3, 0x0083, 0x0062, 0x0062,
    0x00C3, 0x00A3, 0x0082, 0x0082, 0x0082, 0x0082, 0x0082, 0x00A3, 0x00C3, 0x00E4, 0x0125, 0x0166, 0x01E8, 0x01C8, 0x0596, 0x57FF,
    0xBFDF, 0xBFFF, 0xD7FF, 0xE7FF, 0xBFFF, 0x0F9E, 0x034E, 0x0208, 0x01C8, 0x0186, 0x0146, 0x0125, 0x0104, 0x0104, 0x00E4, 0x00C3,
    0x00C3, 0x00C3, 0x00A3, 0x0082, 0x0082, 0x0082, 0x0062, 0x0062, 0x0062, 0x0062, 0x0062, 0x0061, 0x0062, 0x0082, 0x00A2, 0x00E3,
    0x00A3, 0x00A3, 0x00A3, 0x00A3, 0x0082, 0x0082, 0x0082, 0x00A3, 0x0062, 0x0041, 0x0021, 0x0020, 0x0020, 0x0020, 0x0000, 0x0000,
    0x0000, 0x0000, 0x0000, 0x0020, 0x0020, 0x0021, 0x0041, 0x0082, 0x0061, 0x02CB, 0x0618, 0x05D7, 0x05F7, 0x05D7, 0x0618, 0x02CB,
    0x0062, 0x00A3, 0x00A2, 0x00C3, 0x00C3, 0x00E4, 0x0104, 0x0125, 0x0125, 0x0145, 0x0166, 0x01C8, 0x01E8, 0x0472, 0x2FFF, 0xB7DF,
    0xBFFF, 0xD7FF, 0xDFFF, 0xDFFF, 0x27FF, 0x03F0, 0x01E8, 0x01C8, 0x0186, 0x0145, 0x0145, 0x0145, 0x0145, 0x0145, 0x0146, 0x0145,
    0x0145, 0x0125, 0x0125, 0x0104, 0x00E4, 0x00E4, 0x00C3, 0x00C3, 0x00A3, 0x00A3, 0x00A2, 0x0082, 0x00A2, 0x0082, 0x00A2, 0x0082,
    0x0229, 0x05F8, 0x05F7, 0x05F7, 0x05D7, 0x0618, 0x038E, 0x0061, 0x0062, 0x0041, 0x0021, 0x0020, 0x0020, 0x0000, 0x0000, 0x0000,
    0x0000, 0x0000, 0x0020, 0x0020, 0x0020, 0x0021, 0x0041, 0x0062, 0x0061, 0x0249, 0x03CF, 0x03CF, 0x03F0, 0x03CF, 0x03F0, 0x01C7,
    0x0062, 0x0082, 0x00A3, 0x0125, 0x0145, 0x0187, 0x01C7, 0x01E8, 0x01A7, 0x0166, 0x01A7, 0x01E8, 0x032D, 0x0FBF, 0x9FFF, 0xBFFF,
    0xCFFF, 0xDFFF, 0xEFDF, 0x4FFF, 0x04F4, 0x01E8, 0x01E8, 0x0166, 0x0145, 0x0125, 0x0145, 0x01A7, 0x01C8, 0x01E8, 0x0209, 0x0209,
    0x0208, 0x01E8, 0x01C8, 0x01A7, 0x0187, 0x0166, 0x0146, 0x0145, 0x0125, 0x0104, 0x00E4, 0x00E4, 0x00E4, 0x00A2, 0x0082, 0x0082,
    0x0186, 0x03F0, 0x03F0, 0x0411, 0x03CF, 0x03F0, 0x02CB, 0x0062, 0x0061, 0x0041, 0x0021, 0x0020, 0x0020, 0x0000, 0x0000, 0x0000,
    0x0000, 0x0000, 0x0020, 0x0020, 0x0020, 0x0020, 0x0041, 0x0061, 0x0082, 0x0061, 0x0041, 0x0082, 0x00A3, 0x0062, 0x0061, 0x0062,
    0x0082, 0x0062, 0x0062, 0x0082, 0x0082, 0x00A3, 0x00C3, 0x00E4, 0x0125, 0x0166, 0x01E8, 0x024A, 0x067A, 0x77FF, 0xBFDF, 0xC7FF,
    0xD7FF, 0xEFDF, 0x8FFF, 0x0639, 0x0209, 0x01E8, 0x0186, 0x0145, 0x0105, 0x0104, 0x0104, 0x00E4, 0x00E3, 0x00E3, 0x00C3, 0x00C3,
    0x00C3, 0x00A3, 0x00A3, 0x00A2, 0x0082, 0x0082, 0x0062, 0x0062, 0x0062, 0x0061, 0x0061, 0x0041, 0x0061, 0x0061, 0x0062, 0x0082,
    0x0082, 0x0082, 0x0082, 0x00C3, 0x00C3, 0x0041, 0x0041, 0x0082, 0x0061, 0x0041, 0x0021, 0x0020, 0x0020, 0x0020, 0x0000, 0x0000,
    0x0000, 0x0000, 0x0020, 0x0020, 0x0020, 0x0020, 0x0041, 0x0041, 0x0062, 0x00A3, 0x0061, 0x030C, 0x04B3, 0x0062, 0x0125, 0x00C3,
    0x0061, 0x0061, 0x0061, 0x0062, 0x0082, 0x00A2, 0x00C3, 0x0104, 0x0145, 0x01C7, 0x01E8, 0x04B3, 0x3FFF, 0xB7DF, 0xBFFF, 0xD7FF,
    0xE7FF, 0xCFFF, 0x0F5E, 0x02EC, 0x01E8, 0x0187, 0x0145, 0x0104, 0x00E4, 0x00E3, 0x00C3, 0x00C3, 0x00C3, 0x00C3, 0x00A3, 0x00A3,
    0x00A2, 0x00A2, 0x0082, 0x0082, 0x0082, 0x0062, 0x0062, 0x0061, 0x0061, 0x0061, 0x0041, 0x0041, 0x0041, 0x0041, 0x0061, 0x0061,
    0x00C3, 0x0145, 0x0082, 0x03CF, 0x0431, 0x0041, 0x00C3, 0x0062, 0x0041, 0x0041, 0x0020, 0x0020, 0x0020, 0x0020, 0x0000, 0x0000,
    0x0000, 0x0000, 0x0020, 0x0020, 0x0020, 0x0020, 0x0021, 0x0041, 0x0061, 0x0082, 0x0020, 0x02CB, 0x05B7, 0x0041, 0x00E4, 0x00E4,
    0x0041, 0x0061, 0x0061, 0x00C3, 0x0104, 0x0145, 0x0166, 0x0146, 0x0166, 0x01E8, 0x02CC, 0x075D, 0x8FFF, 0xB7FF, 0xCFFF, 0xDFFF,
    0xEFDF, 0x4FFF, 0x0472, 0x01C8, 0x01A7, 0x0145, 0x0104, 0x0104, 0x0145, 0x0186, 0x01A7, 0x01A7, 0x01A7, 0x0187, 0x0187, 0x0186,
    0x0186, 0x0166, 0x0146, 0x0145, 0x0125, 0x0125, 0x0104, 0x00E4, 0x00E4, 0x00C3, 0x00A3, 0x00A3, 0x0082, 0x0041, 0x0061, 0x0041,
    0x00E4, 0x0125, 0x0020, 0x04B3, 0x0410, 0x0000, 0x00A2, 0x0061, 0x0041, 0x0041, 0x0020, 0x0020, 0x0020, 0x0000, 0x0000, 0x0000,
    0x0000, 0x0000, 0x0000, 0x0020, 0x0020, 0x0020, 0x0021, 0x0041, 0x0041, 0x0062, 0x0041, 0x0208, 0x05F8, 0x0062, 0x00C3, 0x0104,
    0x0041, 0x0041, 0x0061, 0x00A2, 0x00C3, 0x0104, 0x0125, 0x0145, 0x01A7, 0x01C8, 0x0515, 0x47FF, 0xAFDF, 0xBFFF, 0xD7FF, 0xEFDF,
    0xAFFF, 0x067A, 0x0229, 0x01E8, 0x0166, 0x0125, 0x0104, 0x0104, 0x0104, 0x0125, 0x0145, 0x0125, 0x0125, 0x0125, 0x0125, 0x0125,
    0x0125, 0x0104, 0x0104, 0x00E4, 0x00E4, 0x00C3, 0x00C3, 0x00A3, 0x00A3, 0x0082, 0x0082, 0x0082, 0x0061, 0x0041, 0x0041, 0x0041,
    0x0104, 0x0104, 0x0021, 0x0555, 0x034D, 0x0020, 0x0082, 0x0041, 0x0041, 0x0021, 0x0020, 0x0020, 0x0020, 0x0000, 0x0000, 0x0000,
    0x0000, 0x0000, 0x0000, 0x0020, 0x0020, 0x0020, 0x0020, 0x0021, 0x0041, 0x0061, 0x0062, 0x0145, 0x0659, 0x0104, 0x0082, 0x0125,
    0x0041, 0x0041, 0x0041, 0x0061, 0x0062, 0x00A2, 0x00C3, 0x0125, 0x0187, 0x026A, 0x073D, 0x87FF, 0xAFFF, 0xC7FF, 0xDFFF, 0xEFFF,
    0x47FF, 0x0411, 0x01C8, 0x0187, 0x0125, 0x0104, 0x00E4, 0x00E3, 0x00C3, 0x00C3, 0x00A3, 0x00A3, 0x00A3, 0x00A3, 0x00A3, 0x00A3,
    0x00A2, 0x0082, 0x0082, 0x0082, 0x0082, 0x0062, 0x0061, 0x0061, 0x0041, 0x0041, 0x0041, 0x0041, 0x0041, 0x0041, 0x0041, 0x0041,
    0x0146, 0x00C3, 0x0062, 0x05F8, 0x026A, 0x0041, 0x0082, 0x0041, 0x0041, 0x0021, 0x0020, 0x0020, 0x0020, 0x0000, 0x0000, 0x0000,
    0x0000, 0x0000, 0x0000, 0x0020, 0x0020, 0x0020, 0x0020, 0x0021, 0x0041, 0x0061, 0x0082, 0x00A2, 0x0639, 0x0208, 0x0041, 0x0125,
    0x0082, 0x0021, 0x0041, 0x0061, 0x00A2, 0x00C3, 0x00E4, 0x0145, 0x0187, 0x0411, 0x2FFF, 0xA7DF, 0xB7FF, 0xD7FF, 0xE7FF, 0xC7FF,
    0x06DB, 0x024A, 0x01E8, 0x0166, 0x0125, 0x0104, 0x0104, 0x0104, 0x0104, 0x0125, 0x0104, 0x0104, 0x0104, 0x0104, 0x0104, 0x0104,
    0x00E4, 0x00E4, 0x00C3, 0x00C3, 0x00A3, 0x00A2, 0x00A2, 0x00A2, 0x0082, 0x0062, 0x0062, 0x0061, 0x0041, 0x0041, 0x0041, 0x0062,
    0x0146, 0x0082, 0x0125, 0x067A, 0x0166, 0x0062, 0x0062, 0x0041, 0x0021, 0x0020, 0x0020, 0x0020, 0x0020, 0x0000, 0x0000, 0x0000,
    0x0000, 0x0000, 0x0000, 0x0020, 0x0020, 0x0020, 0x0020, 0x0021, 0x0041, 0x0061, 0x00A2, 0x0021, 0x0555, 0x038E, 0x0000, 0x0104,
    0x00C3, 0x0020, 0x0041, 0x0041, 0x00C3, 0x0104, 0x0104, 0x0166, 0x01A7, 0x05B7, 0x5FFF, 0xA7DF, 0xBFFF, 0xD7FF, 0xEFDF, 0x87FF,
    0x0535, 0x01E8, 0x01A7, 0x0145, 0x0124, 0x0125, 0x0166, 0x0187, 0x01A7, 0x01A7, 0x0166, 0x0186, 0x0166, 0x0186, 0x0187, 0x0186,
    0x0186, 0x0166, 0x0145, 0x0125, 0x00E4, 0x00C3, 0x00E4, 0x0104, 0x00E4, 0x00C3, 0x00A3, 0x0082, 0x0021, 0x0041, 0x0020, 0x00A3,
    0x0125, 0x0041, 0x028A, 0x0618, 0x0082, 0x00A2, 0x0062, 0x0041, 0x0021, 0x0020, 0x0020, 0x0020, 0x0020, 0x0000, 0x0000, 0x0000,
    0x0000, 0x0000, 0x0000, 0x0000, 0x0000, 0x0020, 0x0020, 0x0021, 0x0041, 0x0041, 0x0082, 0x0021, 0x038E, 0x0576, 0x0020, 0x00C3,
    0x0125, 0x0041, 0x0041, 0x0041, 0x0061, 0x0082, 0x00E4, 0x0166, 0x0209, 0x06DB, 0x7FFF, 0xA7DF, 0xC7FF, 0xDFFF, 0xF7FF, 0x57FF,
    0x0411, 0x01E8, 0x01A7, 0x0145, 0x0104, 0x0104, 0x0104, 0x0104, 0x0125, 0x0145, 0x0186, 0x01C7, 0x01C7, 0x01C8, 0x01C8, 0x01E8,
    0x01E8, 0x01A7, 0x0186, 0x0166, 0x0145, 0x00E4, 0x00A2, 0x0061, 0x0061, 0x0041, 0x0041, 0x0021, 0x0021, 0x0041, 0x0020, 0x0105,
    0x0104, 0x0021, 0x0472, 0x04D3, 0x0021, 0x00A3, 0x0061, 0x0041, 0x0021, 0x0020, 0x0020, 0x0020, 0x0020, 0x0000, 0x0000, 0x0000,
    0x0000, 0x0000, 0x0000, 0x0000, 0x0000, 0x0020, 0x0020, 0x0020, 0x0041, 0x0041, 0x0082, 0x0082, 0x0186, 0x069A, 0x0125, 0x0082,
    0x0125, 0x0082, 0x0021, 0x0041, 0x0061, 0x00A2, 0x00E4, 0x0166, 0x028B, 0x0F7E, 0x87FF, 0xA7FF, 0xCFFF, 0xDFFF, 0xEFFF, 0x47FF,
    0x03F0, 0x0208, 0x01C7, 0x0166, 0x0145, 0x0146, 0x0166, 0x0186, 0x01C7, 0x01C8, 0x01E8, 0x024A, 0x032D, 0x0452, 0x0555, 0x05F8,
    0x0639, 0x05D7, 0x0492, 0x032D, 0x0229, 0x0166, 0x00E4, 0x00A2, 0x0061, 0x0041, 0x0041, 0x0041, 0x0041, 0x0021, 0x0061, 0x0146,
    0x00C3, 0x00A3, 0x0659, 0x028A, 0x0061, 0x0082, 0x0061, 0x0041, 0x0021, 0x0020, 0x0020, 0x0020, 0x0020, 0x0000, 0x0000, 0x0000,
    0x0000, 0x0000, 0x0000, 0x0000, 0x0020, 0x0020, 0x0020, 0x0020, 0x0021, 0x0041, 0x0061, 0x00A3, 0x0041, 0x05D8, 0x038E, 0x0020,
    0x0104, 0x0104, 0x0021, 0x0041, 0x0061, 0x00A3, 0x0125, 0x0166, 0x02AB, 0x0F9E, 0x87FF, 0xA7DF, 0xCFFF, 0xDFFF, 0xF7FF, 0x67FF,
    0x0493, 0x0209, 0x0249, 0x01E8, 0x01C8, 0x01E8, 0x01C8, 0x01E8, 0x0229, 0x034E, 0x0515, 0x069A, 0x1FBF, 0x47FF, 0x67FF, 0x7FFF,
    0x7FFF, 0x77FF, 0x4FFF, 0x07FF, 0x05F8, 0x026A, 0x0145, 0x00C3, 0x00A3, 0x00E4, 0x0061, 0x0041, 0x0041, 0x0020, 0x00E4, 0x0125,
    0x0061, 0x028A, 0x069A, 0x00C3, 0x00A3, 0x0082, 0x0041, 0x0041, 0x0021, 0x0020, 0x0020, 0x0020, 0x0020, 0x0000, 0x0000, 0x0000,
    0x0000, 0x0000, 0x0000, 0x0000, 0x0020, 0x0020, 0x0020, 0x0020, 0x0021, 0x0041, 0x0061, 0x00A2, 0x0041, 0x034D, 0x0639, 0x0062,
    0x00A2, 0x0146, 0x0082, 0x0041, 0x0061, 0x0082, 0x0104, 0x0166, 0x02AB, 0x077E, 0x7FFF, 0xA7FF, 0xC7FF, 0xDFFF, 0xEFFF, 0xB7FF,
    0x071C, 0x036E, 0x024A, 0x0229, 0x0229, 0x028B, 0x036E, 0x04F4, 0x069A, 0x27BF, 0x5FFF, 0x97FF, 0xB7FF, 0xC7DF, 0xCFDF, 0xC7DF,
    0xC7DF, 0xC7DF, 0xC7DF, 0xAFFF, 0x17BF, 0x0411, 0x0187, 0x00E4, 0x00A2, 0x0082, 0x0041, 0x0041, 0x0041, 0x0041, 0x0146, 0x00E3,
    0x0061, 0x0576, 0x0472, 0x0041, 0x00C3, 0x0062, 0x0041, 0x0041, 0x0020, 0x0020, 0x0020, 0x0020, 0x0020, 0x0000, 0x0000, 0x0000,
    0x0000, 0x0000, 0x0000, 0x0000, 0x0020, 0x0020, 0x0020, 0x0020, 0x0021, 0x0041, 0x0041, 0x0082, 0x00A3, 0x00C3, 0x069A, 0x02CB,
    0x0041, 0x0104, 0x0104, 0x0020, 0x0061, 0x0082, 0x00E3, 0x0166, 0x024A, 0x06FC, 0x6FFF, 0xA7DF, 0xBFFF, 0xDFFF, 0xE7FF, 0xEFFF,
    0x8FFF, 0x0F7E, 0x0619, 0x05D7, 0x0618, 0x0EFC, 0x2FDF, 0x5FFF, 0x9FFF, 0xC7FF, 0xD7DF, 0xD7FF, 0xD7FF, 0xD7FF, 0xDFFF, 0xDFFF,
    0xDFFF, 0xD7FF, 0xCFFF, 0xE7DF, 0x8FFF, 0x0639, 0x01A7, 0x0125, 0x00A2, 0x0061, 0x0041, 0x0041, 0x0020, 0x00E4, 0x0125, 0x0082,
    0x0208, 0x06FC, 0x0166, 0x00A3, 0x00A2, 0x0061, 0x0041, 0x0041, 0x0020, 0x0020, 0x0020, 0x0020, 0x0000, 0x0000, 0x0000, 0x0000,
    0x0000, 0x0000, 0x0000, 0x0000, 0x0000, 0x0020, 0x0020, 0x0020, 0x0020, 0x0021, 0x0041, 0x0061, 0x00A3, 0x0041, 0x034D, 0x067A,
    0x0082, 0x00A3, 0x0125, 0x0082, 0x0041, 0x0082, 0x00C3, 0x0165, 0x01C8, 0x05B7, 0x4FFF, 0xA7DF, 0xA7FF, 0xDFFF, 0xE7FF, 0xDFFF,
    0xE7FF, 0xCFFF, 0x9FFF, 0x8FFF, 0x9FFF, 0xB7FF, 0xD7FF, 0xDFDF, 0xDFDF, 0xDFFF, 0xDFFF, 0xE7FF, 0xEFFF, 0xEFFF, 0xEFFF, 0xEFFF,
    0xEFFF, 0xEFFF, 0xE7FF, 0xE7FF, 0xD7FF, 0x175D, 0x0229, 0x0125, 0x00A3, 0x0062, 0x0061, 0x0041, 0x0061, 0x0145, 0x00C3, 0x0062,
    0x05B7, 0x0492, 0x0062, 0x00C3, 0x0082, 0x0061, 0x0041, 0x0021, 0x0020, 0x0020, 0x0020, 0x0020, 0x0000, 0x0000, 0x0000, 0x0000,
    0x0000, 0x0000, 0x0000, 0x0000, 0x0000, 0x0020, 0x0020, 0x0020, 0x0020, 0x0021, 0x0041, 0x0061, 0x0082, 0x00C3, 0x0082, 0x0639,
    0x03F0, 0x0041, 0x00C3, 0x0125, 0x0061, 0x0061, 0x00A2, 0x0104, 0x01A7, 0x0452, 0x0FFF, 0x8FDF, 0xA7FF, 0xB7FF, 0xE7FF, 0xEFFF,
    0xDFFF, 0xE7FF, 0xE7DF, 0xE7DF, 0xE7DF, 0xDFFF, 0xDFFF, 0xE7FF, 0xE7FF, 0xEFFF, 0xEFFF, 0xF7FF, 0xFFFF, 0xFFFF, 0xFFFF, 0xF7FF,
    0xF7FF, 0xF7FF, 0xEFFF, 0xEFFF, 0xE7FF, 0x277E, 0x026A, 0x0125, 0x00C3, 0x0062, 0x0061, 0x0041, 0x0104, 0x00E3, 0x0062, 0x02CB,
    0x06DB, 0x0125, 0x00C3, 0x00A3, 0x0062, 0x0041, 0x0041, 0x0020, 0x0020, 0x0020, 0x0020, 0x0020, 0x0000, 0x0000, 0x0000, 0x0000,
    0x0000, 0x0000, 0x0000, 0x0000, 0x0000, 0x0020, 0x0020, 0x0020, 0x0020, 0x0021, 0x0041, 0x0041, 0x0061, 0x00A2, 0x0082, 0x01C7,
    0x073D, 0x01A7, 0x0061, 0x00E4, 0x00E4, 0x0041, 0x0082, 0x00E3, 0x0187, 0x038F, 0x065A, 0x37FF, 0xB7FF, 0xA7FF, 0xBFFF, 0xEFFF,
    0xF7FF, 0xEFFF, 0xE7FF, 0xE7FF, 0xE7FF, 0xEFFF, 0xEFFF, 0xEFFF, 0xF7FF, 0xFFFF, 0xFFFF, 0xF7FF, 0xC7FF, 0xA7FF, 0xAFFF, 0xF7FF,
    0xF7FF, 0xF7FF, 0xF7FF, 0xF7FF, 0xD7FF, 0x0F1C, 0x0249, 0x0145, 0x00A3, 0x0062, 0x0041, 0x00C3, 0x00E4, 0x0082, 0x0104, 0x06FC,
    0x030C, 0x0082, 0x00C3, 0x0082, 0x0061, 0x0041, 0x0021, 0x0020, 0x0020, 0x0020, 0x0020, 0x0020, 0x0000, 0x0000, 0x0000, 0x0000,
    0x0000, 0x0000, 0x0000, 0x0000, 0x0000, 0x0000, 0x0020, 0x0020, 0x0020, 0x0020, 0x0021, 0x0041, 0x0061, 0x0082, 0x00C3, 0x0041,
    0x03CF, 0x067A, 0x00E4, 0x0082, 0x00C3, 0x00C3, 0x0061, 0x00C3, 0x0145, 0x026A, 0x0472, 0x071C, 0x37FF, 0xAFFF, 0xD7DF, 0xD7FF,
    0xE7FF, 0xEFFF, 0xEFFF, 0xF7FF, 0xF7FF, 0xF7FF, 0xFFFF, 0xFFFF, 0xF7FF, 0xC7FF, 0x77FF, 0x2FBF, 0x071D, 0x069B, 0x071D, 0x77FF,
    0xFFFF, 0xF7FF, 0xEFFF, 0xFFFF, 0xAFFF, 0x0618, 0x01E8, 0x0145, 0x00A3, 0x0061, 0x00A3, 0x00E4, 0x0082, 0x00A3, 0x05B7, 0x0515,
    0x0082, 0x00E4, 0x0082, 0x0062, 0x0041, 0x0041, 0x0020, 0x0020, 0x0020, 0x0020, 0x0020, 0x0000, 0x0000, 0x0000, 0x0000, 0x0000,
    0x0000, 0x0000, 0x0000, 0x0000, 0x0000, 0x0000, 0x0020, 0x0020, 0x0020, 0x0020, 0x0020, 0x0021, 0x0041, 0x0061, 0x0082, 0x00C3,
    0x0041, 0x04D3, 0x0410, 0x0041, 0x0082, 0x00C3, 0x00A3, 0x0082, 0x0104, 0x0166, 0x02CC, 0x0452, 0x0597, 0x17DF, 0x6FFF, 0xBFFF,
    0xDFFF, 0xEFFF, 0xFFFF, 0xFFFF, 0xF7FF, 0xDFFF, 0xB7FF, 0x77FF, 0x2FDF, 0x06DC, 0x0597, 0x0452, 0x03F1, 0x0411, 0x0576, 0x2FDF,
    0xFFFF, 0xF7FF, 0xEFFF, 0xFFFF, 0x4FFF, 0x0431, 0x01A7, 0x0125, 0x00A2, 0x0082, 0x00C3, 0x0082, 0x0061, 0x032D, 0x0596, 0x00C3,
    0x00E3, 0x00A3, 0x0082, 0x0061, 0x0041, 0x0021, 0x0020, 0x0020, 0x0020, 0x0020, 0x0020, 0x0000, 0x0000, 0x0000, 0x0000, 0x0000,
    0x0000, 0x0000, 0x0000, 0x0000, 0x0000, 0x0000, 0x0020, 0x0020, 0x0020, 0x0020, 0x0020, 0x0020, 0x0041, 0x0041, 0x0061, 0x0082,
    0x00A2, 0x0082, 0x00E3, 0x0082, 0x00A3, 0x0061, 0x00A2, 0x00C3, 0x00C3, 0x0145, 0x01A7, 0x026A, 0x032E, 0x0452, 0x05F8, 0x073D,
    0x27BF, 0x47FF, 0x4FFF, 0x47FF, 0x2FBF, 0x0F5D, 0x067A, 0x0556, 0x0411, 0x034E, 0x030D, 0x030D, 0x038F, 0x0411, 0x05B8, 0x5FFF,
    0xFFFF, 0xEFFF, 0xFFFF, 0xBFFF, 0x06BB, 0x02AB, 0x01A7, 0x0104, 0x00C3, 0x00A3, 0x0082, 0x00C3, 0x00A3, 0x00E4, 0x00A3, 0x00A3,
    0x00A3, 0x0082, 0x0061, 0x0041, 0x0041, 0x0020, 0x0020, 0x0020, 0x0020, 0x0020, 0x0020, 0x0000, 0x0000, 0x0000, 0x0000, 0x0000,
    0x0000, 0x0000, 0x0000, 0x0000, 0x0000, 0x0000, 0x0000, 0x0000, 0x0020, 0x0020, 0x0020, 0x0020, 0x0021, 0x0041, 0x0041, 0x0061,
    0x0082, 0x00C3, 0x01A7, 0x0208, 0x00A3, 0x00A3, 0x0082, 0x00A3, 0x00E3, 0x0104, 0x0145, 0x01A7, 0x0229, 0x028B, 0x02AB, 0x032E,
    0x0411, 0x0472, 0x0493, 0x0472, 0x03F0, 0x034E, 0x02EC, 0x02AB, 0x028B, 0x02AB, 0x02AB, 0x02CC, 0x034E, 0x0411, 0x071C, 0xBFFF,
    0xFFFF, 0xF7FF, 0xEFFF, 0x27DF, 0x0431, 0x0229, 0x0186, 0x0104, 0x00C3, 0x0082, 0x00C3, 0x00C3, 0x01E8, 0x01E8, 0x00E3, 0x00A3,
    0x0082, 0x0061, 0x0041, 0x0041, 0x0020, 0x0020, 0x0020, 0x0020, 0x0020, 0x0020, 0x0000, 0x0000, 0x0000, 0x0000, 0x0000, 0x0000,
    0x0000, 0x0000, 0x0000, 0x0000, 0x0000, 0x0000, 0x0020, 0x0020, 0x0020, 0x0020, 0x0020, 0x0020, 0x0020, 0x0021, 0x0041, 0x0061,
    0x0082, 0x0062, 0x038E, 0x07FF, 0x0451, 0x0062, 0x00C3, 0x0082, 0x00A2, 0x0104, 0x0104, 0x0125, 0x0166, 0x01A7, 0x0209, 0x024A,
    0x024A, 0x026A, 0x026A, 0x026A, 0x026A, 0x024A, 0x024A, 0x0229, 0x0209, 0x0229, 0x024A, 0x02CC, 0x034E, 0x05D8, 0x67FF, 0xFFFF,
    0xF7FF, 0xFFFF, 0x4FFF, 0x05B7, 0x02ED, 0x01E8, 0x0166, 0x00E4, 0x00C3, 0x00E4, 0x00A3, 0x036E, 0x07FF, 0x0492, 0x00A3, 0x00A3,
    0x0062, 0x0041, 0x0041, 0x0021, 0x0020, 0x0020, 0x0020, 0x0020, 0x0020, 0x0020, 0x0000, 0x0000, 0x0000, 0x0000, 0x0000, 0x0000,
    0x0000, 0x0000, 0x0000, 0x0000, 0x0000, 0x0000, 0x0000, 0x0000, 0x0000, 0x0020, 0x0020, 0x0020, 0x0020, 0x0020, 0x0041, 0x0041,
    0x0062, 0x00A3, 0x00A3, 0x0452, 0x07FF, 0x04B3, 0x00A3, 0x00C3, 0x00C3, 0x00A3, 0x0104, 0x0125, 0x0104, 0x0125, 0x0166, 0x0186,
    0x01A7, 0x01C7, 0x01C7, 0x01C7, 0x01C7, 0x01A7, 0x01A7, 0x01A7, 0x01C7, 0x0208, 0x026A, 0x030D, 0x04F4, 0x37DF, 0xEFFF, 0xFFFF,
    0xFFFF, 0x5FFF, 0x0639, 0x038F, 0x0249, 0x0187, 0x0125, 0x0104, 0x0104, 0x00C3, 0x03F0, 0x07FF, 0x0576, 0x00E4, 0x00C3, 0x0082,
    0x0061, 0x0041, 0x0021, 0x0020, 0x0020, 0x0020, 0x0020, 0x0020, 0x0020, 0x0020, 0x0000, 0x0000, 0x0000, 0x0000, 0x0000, 0x0000,
    0x0000, 0x0000, 0x0000, 0x0000, 0x0000, 0x0000, 0x0000, 0x0000, 0x0020, 0x0020, 0x0020, 0x0020, 0x0020, 0x0020, 0x0021, 0x0041,
    0x0061, 0x0082, 0x00E4, 0x00A3, 0x0431, 0x07FF, 0x0596, 0x0125, 0x00C3, 0x00E4, 0x00A3, 0x00C3, 0x0104, 0x0125, 0x0125, 0x0125,
    0x0125, 0x0125, 0x0125, 0x0125, 0x0145, 0x0145, 0x0145, 0x0166, 0x01A7, 0x0229, 0x02CB, 0x0411, 0x277E, 0xDFFF, 0xFFFF, 0xEFFF,
    0x47FF, 0x065A, 0x03F0, 0x026A, 0x01C7, 0x0166, 0x0145, 0x0125, 0x0125, 0x04D3, 0x07FF, 0x0535, 0x0104, 0x0104, 0x00A3, 0x0062,
    0x0041, 0x0041, 0x0020, 0x0020, 0x0020, 0x0020, 0x0020, 0x0020, 0x0020, 0x0000, 0x0000, 0x0000, 0x0000, 0x0000, 0x0000, 0x0000,
    0x0000, 0x0000, 0x0000, 0x0000, 0x0000, 0x0000, 0x0000, 0x0020, 0x0000, 0x0020, 0x0020, 0x0020, 0x0020, 0x0020, 0x0020, 0x0021,
    0x0041, 0x0061, 0x00A2, 0x00E4, 0x00E4, 0x036E, 0x07FF, 0x071C, 0x026A, 0x00A3, 0x00E4, 0x00E3, 0x00C3, 0x00C3, 0x00E4, 0x0104,
    0x0104, 0x0104, 0x0104, 0x0104, 0x0104, 0x0125, 0x0125, 0x0166, 0x0208, 0x028B, 0x038F, 0x3E5A, 0xEFFF, 0xFFFF, 0xC7FF, 0x27DF,
    0x05B7, 0x03D0, 0x02AB, 0x0208, 0x01C7, 0x0186, 0x0125, 0x0229, 0x0659, 0x07FF, 0x0472, 0x0105, 0x0104, 0x00C3, 0x0082, 0x0061,
    0x0041, 0x0021, 0x0020, 0x0020, 0x0020, 0x0020, 0x0020, 0x0020, 0x0020, 0x0000, 0x0000, 0x0000, 0x0000, 0x0000, 0x0000, 0x0000,
    0x0000, 0x0000, 0x0000, 0x0000, 0x0000, 0x0000, 0x0000, 0x0020, 0x0000, 0x0020, 0x0020, 0x0020, 0x0020, 0x0020, 0x0020, 0x0021,
    0x0041, 0x0041, 0x0062, 0x00A2, 0x0104, 0x00E4, 0x028A, 0x06FC, 0x07FF, 0x04B3, 0x0166, 0x00C3, 0x0104, 0x00E4, 0x00C3, 0x00A3,
    0x00C3, 0x00C3, 0x00E3, 0x00E4, 0x00E4, 0x0104, 0x0145, 0x01C7, 0x0229, 0x028B, 0x65D7, 0xFFFF, 0xFFFF, 0x877E, 0x06FC, 0x04B3,
    0x032E, 0x02AB, 0x024A, 0x0208, 0x0186, 0x01A7, 0x0431, 0x07FF, 0x07BF, 0x034E, 0x0104, 0x0125, 0x00C3, 0x0082, 0x0061, 0x0041,
    0x0041, 0x0020, 0x0020, 0x0020, 0x0020, 0x0000, 0x0020, 0x0020, 0x0020, 0x0000, 0x0000, 0x0000, 0x0000, 0x0000, 0x0000, 0x0000,
    0x0000, 0x0000, 0x0000, 0x0000, 0x0000, 0x0000, 0x0000, 0x0020, 0x0020, 0x0020, 0x0020, 0x0020, 0x0020, 0x0020, 0x0020, 0x0020,
    0x0021, 0x0041, 0x0041, 0x0082, 0x00A2, 0x0104, 0x0124, 0x01A7, 0x04F4, 0x07FF, 0x075D, 0x03CF, 0x0166, 0x00A3, 0x00C3, 0x00E4,
    0x00C3, 0x0082, 0x0082, 0x0082, 0x00A3, 0x00E4, 0x0166, 0x0166, 0x02CC, 0xA69A, 0xFFFF, 0xBF5D, 0x35D8, 0x04B3, 0x030D, 0x02AB,
    0x02AB, 0x024A, 0x01E8, 0x01E8, 0x038E, 0x06DC, 0x07FF, 0x05B7, 0x01E8, 0x0125, 0x0125, 0x00C3, 0x0082, 0x0061, 0x0041, 0x0041,
    0x0021, 0x0020, 0x0020, 0x0020, 0x0020, 0x0020, 0x0020, 0x0020, 0x0000, 0x0020, 0x0000, 0x0000, 0x0000, 0x0000, 0x0000, 0x0000,
    0x0000, 0x0000, 0x0000, 0x0000, 0x0000, 0x0000, 0x0000, 0x0020, 0x0020, 0x0020, 0x0020, 0x0020, 0x0020, 0x0020, 0x0020, 0x0020,
    0x0021, 0x0021, 0x0041, 0x0061, 0x0062, 0x00A2, 0x0104, 0x0125, 0x0125, 0x028B, 0x0618, 0x07FF, 0x075D, 0x0472, 0x0208, 0x00C3,
    0x0062, 0x00A2, 0x0082, 0x0082, 0x00A2, 0x00A2, 0x0105, 0x33F0, 0x9F7D, 0xC73D, 0x4C92, 0x032E, 0x02CC, 0x0229, 0x0229, 0x0209,
    0x0209, 0x028B, 0x0431, 0x06DB, 0x07FF, 0x06BB, 0x030D, 0x0125, 0x0125, 0x0104, 0x00C3, 0x0082, 0x0061, 0x0041, 0x0041, 0x0021,
    0x0020, 0x0020, 0x0020, 0x0020, 0x0020, 0x0020, 0x0020, 0x0000, 0x0020, 0x0000, 0x0000, 0x0000, 0x0000, 0x0000, 0x0000, 0x0000,
    0x0000, 0x0000, 0x0000, 0x0000, 0x0000, 0x0000, 0x0000, 0x0020, 0x0020, 0x0020, 0x0020, 0x0020, 0x0020, 0x0020, 0x0020, 0x0020,
    0x0020, 0x0021, 0x0041, 0x0041, 0x0061, 0x0082, 0x00A2, 0x00E3, 0x0125, 0x0125, 0x0146, 0x02CB, 0x0596, 0x07DF, 0x07FF, 0x067A,
    0x0472, 0x01A7, 0x0082, 0x0082, 0x00A2, 0x21C7, 0x63F0, 0x6C51, 0x2AEC, 0x01E8, 0x01A7, 0x01C8, 0x01A7, 0x01A7, 0x01A7, 0x03AF,
    0x0639, 0x07BE, 0x07FF, 0x0639, 0x034E, 0x0166, 0x0105, 0x0125, 0x00E4, 0x00A2, 0x0082, 0x0061, 0x0041, 0x0041, 0x0021, 0x0021,
    0x0020, 0x0020, 0x0020, 0x0020, 0x0020, 0x0020, 0x0020, 0x0020, 0x0020, 0x0000, 0x0000, 0x0000, 0x0000, 0x0000, 0x0000, 0x0000,
    0x0000, 0x0000, 0x0000, 0x0000, 0x0000, 0x0000, 0x0000, 0x0000, 0x0020, 0x0020, 0x0020, 0x0020, 0x0020, 0x0020, 0x0020, 0x0020,
    0x0021, 0x0021, 0x0041, 0x0041, 0x0041, 0x0061, 0x0082, 0x00A2, 0x00C3, 0x0104, 0x0145, 0x0125, 0x0105, 0x01C8, 0x03AF, 0x05B7,
    0x07BF, 0x038E, 0x0021, 0x0082, 0x08E4, 0x2A08, 0x1166, 0x00A3, 0x0104, 0x0145, 0x0166, 0x0145, 0x0125, 0x0104, 0x0166, 0x06BB,
    0x06BB, 0x0492, 0x026A, 0x0125, 0x0104, 0x0125, 0x0104, 0x00A3, 0x0082, 0x0062, 0x0041, 0x0041, 0x0041, 0x0021, 0x0021, 0x0020,
    0x0020, 0x0020, 0x0020, 0x0020, 0x0020, 0x0020, 0x0020, 0x0020, 0x0020, 0x0020, 0x0020, 0x0000, 0x0000, 0x0000, 0x0000, 0x0000,
    0x0000, 0x0000, 0x0000, 0x0000, 0x0000, 0x0000, 0x0000, 0x0000, 0x0020, 0x0020, 0x0020, 0x0020, 0x0020, 0x0020, 0x0021, 0x0021,
    0x0041, 0x0041, 0x0041, 0x0041, 0x0041, 0x0061, 0x0061, 0x0082, 0x0082, 0x00A3, 0x00C3, 0x0104, 0x0125, 0x0104, 0x00C3, 0x00A3,
    0x0104, 0x0104, 0x0082, 0x0062, 0x0062, 0x0062, 0x00A3, 0x00E4, 0x0104, 0x00E4, 0x00E3, 0x00C3, 0x00C3, 0x00C3, 0x0104, 0x0186,
    0x00E4, 0x00E4, 0x0104, 0x0124, 0x00E4, 0x00C3, 0x0082, 0x0082, 0x0061, 0x0041, 0x0041, 0x0021, 0x0020, 0x0020, 0x0020, 0x0020,
    0x0020, 0x0020, 0x0020, 0x0020, 0x0020, 0x0020, 0x0020, 0x0020, 0x0020, 0x0020, 0x0000, 0x0000, 0x0000, 0x0000, 0x0000, 0x0000,
    0x0000, 0x0000, 0x0000, 0x0000, 0x0000, 0x0000, 0x0000, 0x0020, 0x0020, 0x0020, 0x0020, 0x0020, 0x0021, 0x0021, 0x0041, 0x0041,
    0x0041, 0x0041, 0x0041, 0x0041, 0x0061, 0x0061, 0x0061, 0x0062, 0x0082, 0x0082, 0x00A2, 0x00A3, 0x00C3, 0x00C3, 0x00C3, 0x00C3,
    0x00A2, 0x0082, 0x0082, 0x0061, 0x0061, 0x00A2, 0x0020, 0x0451, 0x04B2, 0x0021, 0x00A2, 0x0082, 0x0082, 0x0082, 0x00A2, 0x00A2,
    0x00E3, 0x00E4, 0x00C3, 0x00A3, 0x0082, 0x0082, 0x0061, 0x0041, 0x0041, 0x0041, 0x0021, 0x0021, 0x0020, 0x0020, 0x0020, 0x0021,
    0x0021, 0x0021, 0x0021, 0x0021, 0x0021, 0x0021, 0x0020, 0x0020, 0x0020, 0x0020, 0x0020, 0x0000, 0x0000, 0x0000, 0x0000, 0x0000,
    0x0000, 0x0000, 0x0000, 0x0000, 0x0020, 0x0000, 0x0020, 0x0020, 0x0020, 0x0020, 0x0020, 0x0021, 0x0041, 0x0041, 0x0041, 0x0041,
    0x0061, 0x0061, 0x0061, 0x0062, 0x0062, 0x0082, 0x0082, 0x0082, 0x0082, 0x0082, 0x0082, 0x0082, 0x0082, 0x0082, 0x0082, 0x0082,
    0x0082, 0x0062, 0x0061, 0x0061, 0x0041, 0x0062, 0x0061, 0x01A7, 0x01A7, 0x0061, 0x0062, 0x0061, 0x0061, 0x0061, 0x0062, 0x0082,
    0x0082, 0x0082, 0x0082, 0x0061, 0x0061, 0x0041, 0x0041, 0x0041, 0x0041, 0x0041, 0x0041, 0x0021, 0x0021, 0x0021, 0x0021, 0x0021,
    0x0041, 0x0041, 0x0041, 0x0041, 0x0041, 0x0041, 0x0021, 0x0021, 0x0020, 0x0020, 0x0020, 0x0020, 0x0020, 0x0000, 0x0000, 0x0000,
    0x0000, 0x0000, 0x0000, 0x0020, 0x0020, 0x0020, 0x0020, 0x0020, 0x0020, 0x0021, 0x0021, 0x0041, 0x0041, 0x0041, 0x0061, 0x0061,
    0x0062, 0x0082, 0x0082, 0x00A2, 0x00A3, 0x00A3, 0x00C3, 0x00C3, 0x00C3, 0x0082, 0x0082, 0x0082, 0x0061, 0x0061, 0x0061, 0x0061,
    0x0061, 0x0041, 0x0041, 0x0041, 0x0041, 0x0062, 0x0000, 0x03CF, 0x03F0, 0x0000, 0x0082, 0x0061, 0x0041, 0x0041, 0x0041, 0x0041,
    0x0041, 0x0041, 0x0041, 0x0041, 0x0041, 0x0041, 0x0041, 0x0041, 0x0021, 0x0041, 0x0041, 0x0041, 0x0041, 0x0041, 0x0041, 0x0041,
    0x0041, 0x0041, 0x0041, 0x0041, 0x0041, 0x0041, 0x0041, 0x0041, 0x0021, 0x0021, 0x0020, 0x0020, 0x0020, 0x0000, 0x0000, 0x0000,
    0x0000, 0x0000, 0x0000, 0x0000, 0x0020, 0x0020, 0x0020, 0x0020, 0x0021, 0x0021, 0x0041, 0x0041, 0x0061, 0x0062, 0x0082, 0x0082,
    0x00A3, 0x00C3, 0x00E4, 0x0104, 0x0104, 0x0104, 0x00E4, 0x00E4, 0x00E4, 0x19A7, 0x1145, 0x0062, 0x0061, 0x0061, 0x0061, 0x0061,
    0x0061, 0x0041, 0x0041, 0x0041, 0x0041, 0x0062, 0x0041, 0x01C7, 0x01E8, 0x0041, 0x0062, 0x0061, 0x0041, 0x0041, 0x0041, 0x0041,
    0x0041, 0x0041, 0x0041, 0x0041, 0x0041, 0x0041, 0x0041, 0x0041, 0x0041, 0x0041, 0x0041, 0x0041, 0x0041, 0x0041, 0x0041, 0x0061,
    0x0061, 0x0062, 0x0082, 0x0082, 0x0082, 0x0082, 0x0062, 0x0061, 0x0041, 0x0041, 0x0021, 0x0020, 0x0020, 0x0000, 0x0000, 0x0000,
    0x0000, 0x0000, 0x0020, 0x0020, 0x0020, 0x0020, 0x0020, 0x0021, 0x0041, 0x0041, 0x0061, 0x0062, 0x0082, 0x0082, 0x00A3, 0x00E3,
    0x0104, 0x0125, 0x0125, 0x0125, 0x01A7, 0x1AAB, 0x43AF, 0x8D35, 0xBE7A, 0x6410, 0x00E3, 0x0082, 0x0062, 0x0062, 0x0062, 0x0062,
    0x0062, 0x0062, 0x0062, 0x0062, 0x0062, 0x0082, 0x0020, 0x03AE, 0x03CF, 0x0021, 0x0082, 0x0062, 0x0061, 0x0061, 0x0041, 0x0041,
    0x0041, 0x0041, 0x0041, 0x0041, 0x0041, 0x0041, 0x0041, 0x0041, 0x0041, 0x0041, 0x0041, 0x0041, 0x0041, 0x0061, 0x0062, 0x0082,
    0x0082, 0x00A2, 0x00A3, 0x00C3, 0x00E4, 0x00C3, 0x00A3, 0x00A3, 0x0062, 0x0041, 0x0041, 0x0020, 0x0020, 0x0020, 0x0000, 0x0000,
    0x0000, 0x0000, 0x0000, 0x0020, 0x0020, 0x0020, 0x0020, 0x0041, 0x0041, 0x0061, 0x0082, 0x00A2, 0x00C3, 0x00E4, 0x0125, 0x0125,
    0x0125, 0x01A7, 0x22CC, 0x6C93, 0xBE9A, 0xEFBF, 0xFFFF, 0xFFFF, 0x9596, 0x00E4, 0x00A3, 0x00A2, 0x0082, 0x0082, 0x00A2, 0x00A3,
    0x00A3, 0x00A3, 0x00A3, 0x00A3, 0x00A3, 0x00A3, 0x0062, 0x026A, 0x026A, 0x0082, 0x00A3, 0x00A2, 0x00A2, 0x0082, 0x0062, 0x0062,
    0x0061, 0x0061, 0x0061, 0x0062, 0x0062, 0x0082, 0x0082, 0x0082, 0x0082, 0x0082, 0x0062, 0x0082, 0x0082, 0x0082, 0x00A3, 0x00C3,
    0x00E3, 0x00E4, 0x09A7, 0x11E8, 0x00C4, 0x0145, 0x0125, 0x00A3, 0x00A3, 0x0062, 0x0041, 0x0021, 0x0020, 0x0020, 0x0020, 0x0000,
    0x0000, 0x0000, 0x0020, 0x0020, 0x0020, 0x0020, 0x0021, 0x0041, 0x0061, 0x0082, 0x00A3, 0x0104, 0x0125, 0x0125, 0x0166, 0x126A,
    0x6472, 0xB67A, 0xF7DF, 0xFFFF, 0xFFFF, 0xFFFF, 0xFFFF, 0xD71C, 0x09C7, 0x0104, 0x00E4, 0x00C3, 0x00C3, 0x00E4, 0x0104, 0x0104,
    0x00E4, 0x00C3, 0x00A3, 0x0082, 0x0082, 0x00C3, 0x00C3, 0x0082, 0x0082, 0x00E4, 0x00E4, 0x00C3, 0x0082, 0x00A2, 0x00A3, 0x0082,
    0x0082, 0x00A3, 0x00A3, 0x00A3, 0x00C3, 0x00E4, 0x00E4, 0x00E4, 0x00E4, 0x00C3, 0x00C3, 0x00C3, 0x00A3, 0x00C3, 0x00E4, 0x3ACB,
    0x0186, 0x0125, 0x9576, 0xAE38, 0x8D55, 0xD6DB, 0xDF3C, 0x84D3, 0x00E4, 0x0082, 0x0061, 0x0021, 0x0020, 0x0020, 0x0020, 0x0020,
    0x0000, 0x0000, 0x0020, 0x0020, 0x0020, 0x0020, 0x0041, 0x0041, 0x0082, 0x00C3, 0x00E4, 0x0104, 0x01A7, 0x3B6E, 0x95B6, 0xE77E,
    0xFFFF, 0xFFFF, 0xFFFF, 0xF7DF, 0xF7DF, 0xFFFF, 0xEF9E, 0x230C, 0x0166, 0x0145, 0x0104, 0x0104, 0x00C4, 0x0104, 0x0166, 0x09E8,
    0x226A, 0x3B2D, 0x5BCF, 0x6431, 0x536E, 0x1186, 0x0104, 0x0104, 0x0125, 0x0104, 0x0125, 0x1A49, 0x32CB, 0x1A08, 0x0104, 0x00E4,
    0x00E4, 0x00A3, 0x00C3, 0x0104, 0x0125, 0x0146, 0x0187, 0x0166, 0x0105, 0x0145, 0x0125, 0x00E4, 0x0104, 0x0104, 0x0187, 0x9DD7,
    0x1ACC, 0x8D76, 0xFFFF, 0xFFFF, 0xFFFF, 0xE79E, 0xFFFF, 0xFFFF, 0x19E8, 0x0062, 0x0062, 0x0041, 0x0020, 0x0020, 0x0020, 0x0020,
    0x0000, 0x0000, 0x0020, 0x0020, 0x0020, 0x0020, 0x0041, 0x0062, 0x00A3, 0x0082, 0x01A7, 0x5C31, 0xC6BA, 0xFFFF, 0xFFFF, 0xFFFF,
    0xFFFF, 0xD73D, 0xE79E, 0xFFFF, 0xFFFF, 0xF7BE, 0x2B8F, 0x01C8, 0x01C7, 0x0125, 0x00E4, 0x0186, 0x4BAF, 0x8514, 0xB679, 0xDF5D,
    0xFFFF, 0xFFFF, 0xFFFF, 0xA639, 0x2B4D, 0x09E8, 0x0145, 0x0166, 0x0146, 0x2AEC, 0xA5D7, 0xFFDF, 0xFFFF, 0x9DD7, 0x0186, 0x0125,
    0x0166, 0x436E, 0x3B4D, 0x01A7, 0x3B6E, 0xB659, 0xD6FC, 0xCEDB, 0x7CD3, 0x01A7, 0x2AEC, 0x2ACB, 0x0145, 0x0125, 0x3B6E, 0xF7FF,
    0x2BAF, 0xC71C, 0xFFFF, 0x8DB7, 0x0B4E, 0x3C31, 0xFFFF, 0xCEBA, 0x0125, 0x00A3, 0x0062, 0x0041, 0x0020, 0x0020, 0x0020, 0x0020,
    0x0000, 0x0000, 0x0020, 0x0020, 0x0020, 0x0021, 0x0041, 0x0082, 0x00C3, 0x6410, 0xEF9E, 0xFFFF, 0xFFFF, 0xFFFF, 0xEFBE, 0xB69A,
    0x4492, 0x5D15, 0xF7DF, 0xFFFF, 0xFFFF, 0x33F0, 0x01C8, 0x5CB3, 0x64B3, 0x5410, 0x8D35, 0xA638, 0xEFDF, 0xFFFF, 0xFFFF, 0xFFFF,
    0xDF7D, 0x8576, 0x33AF, 0x026A, 0xAE59, 0xB639, 0x01A7, 0x01A7, 0x5C72, 0xFFFF, 0xFFFF, 0xE77D, 0x7D35, 0x126A, 0x0187, 0x0A29,
    0xAE18, 0xFFFF, 0xE79E, 0x236E, 0xCF1C, 0xFFFF, 0xE79E, 0xEFBF, 0xFFFF, 0x4C51, 0x8596, 0xBE9A, 0x01A7, 0x0187, 0x8555, 0xFFFF,
    0x030D, 0x8DD7, 0xFFFF, 0x034E, 0x0B6E, 0xEFBE, 0xFFFF, 0x2B0C, 0x00E4, 0x00A3, 0x0061, 0x0041, 0x0020, 0x0020, 0x0020, 0x0020,
    0x0000, 0x0000, 0x0020, 0x0020, 0x0020, 0x0021, 0x0041, 0x0062, 0x0945, 0x63CF, 0xB618, 0xF7BE, 0xCEDB, 0x74F4, 0x234E, 0x026A,
    0x23D0, 0xF7DF, 0xFFFF, 0xFFFF, 0x4411, 0x026A, 0x8DB7, 0xFFFF, 0xFFFF, 0xFFFF, 0xFFFF, 0x9596, 0x1B2D, 0x3C31, 0xA639, 0xFFFF,
    0x4C52, 0x01E8, 0x0209, 0x9E18, 0xFFFF, 0xCEDB, 0x01E8, 0x3BD0, 0xFFFF, 0xF7DF, 0x6D35, 0x0AAB, 0x01A7, 0x01E8, 0x026A, 0xB69A,
    0xFFFF, 0xCEFB, 0x33AF, 0x02AB, 0xB69A, 0xFFDF, 0x036E, 0x34B3, 0xFFFF, 0x8DD7, 0xC6DB, 0xDF5D, 0x0209, 0x024A, 0xCF1C, 0xE77D,
    0x030D, 0xDF5D, 0xCF1C, 0x2C31, 0xEFBE, 0xF7FF, 0x33AF, 0x0166, 0x0125, 0x00A3, 0x0062, 0x0041, 0x0020, 0x0020, 0x0020, 0x0020,
    0x0000, 0x0020, 0x0020, 0x0020, 0x0020, 0x0021, 0x0041, 0x0062, 0x00A2, 0x0041, 0x0186, 0x228A, 0x01A7, 0x0187, 0x01E8, 0x1B4E,
    0xEF9E, 0xFFFF, 0xFFFF, 0x4C72, 0x0209, 0x1B0C, 0xD73D, 0xFFFF, 0x85D7, 0x2BAF, 0x0A8B, 0x01A7, 0x01C8, 0x02AB, 0xDF5D, 0xEF9E,
    0x0ACC, 0x024A, 0x5492, 0xFFFF, 0xFFFF, 0xCEFC, 0x0229, 0x8DB6, 0xFFFF, 0xCF1C, 0x1B8F, 0x0209, 0x0229, 0x0229, 0x7535, 0xFFFF,
    0xB679, 0x026A, 0x0229, 0x030D, 0xEF9E, 0xA67A, 0x03AF, 0xCF3C, 0xFFFF, 0x5514, 0xF7FF, 0xAE59, 0x0209, 0x238E, 0xFFFF, 0x9E39,
    0x0BAF, 0xFFFF, 0xD75D, 0xE79E, 0xFFFF, 0x6555, 0x132D, 0x01C8, 0x00E4, 0x00C3, 0x0062, 0x0041, 0x0021, 0x0020, 0x0020, 0x0000,
    0x0000, 0x0020, 0x0020, 0x0020, 0x0020, 0x0021, 0x0041, 0x0061, 0x0082, 0x00C3, 0x00E4, 0x00E4, 0x0166, 0x01A7, 0x026A, 0xCF1C,
    0xFFFF, 0xFFFF, 0x6CF4, 0x01C8, 0x0229, 0x024A, 0xC6DB, 0xEF9E, 0x3452, 0x5CB3, 0x43AF, 0x09E8, 0x01A7, 0x43D0, 0xFFFF, 0x9E18,
    0x0229, 0x132D, 0xFFFF, 0xBEFC, 0xD77D, 0xC6DB, 0x024A, 0x3BF0, 0xF7DF, 0xFFFF, 0xFFFF, 0xA618, 0x0B0D, 0x138E, 0xFFFF, 0xDF7D,
    0x0ACC, 0x01E8, 0x0229, 0x3411, 0xFFFF, 0xAEBB, 0xEFBE, 0xFFFF, 0x6556, 0x2C52, 0xFFFF, 0x7555, 0x022A, 0x6D14, 0xFFFF, 0x44B3,
    0x4CF4, 0xFFFF, 0xFFFF, 0xFFFF, 0xFFFF, 0xFFFF, 0xFFFF, 0xBE7A, 0x1209, 0x00C3, 0x0082, 0x0041, 0x0021, 0x0020, 0x0020, 0x0000,
    0x0000, 0x0000, 0x0020, 0x0020, 0x0020, 0x0021, 0x0041, 0x0041, 0x0061, 0x0082, 0x00C3, 0x0104, 0x0166, 0x01C8, 0xAE38, 0xFFFF,
    0xFFFF, 0x7D55, 0x01E8, 0x01C8, 0x026A, 0x7D96, 0xFFFF, 0xFFFF, 0xFFFF, 0xDF7D, 0x43CF, 0x01C8, 0x0187, 0x8D96, 0xFFFF, 0x4452,
    0x024A, 0x9E18, 0xFFFF, 0x1C11, 0xDF7D, 0xB69A, 0x136E, 0x130D, 0x2BAF, 0x9E39, 0xEF9E, 0xFFFF, 0xA67A, 0x6D76, 0xFFFF, 0x5CB3,
    0x0209, 0x0A29, 0x0229, 0x9E39, 0xFFFF, 0xFFFF, 0xDF5D, 0x44B3, 0x02CC, 0x6576, 0xFFFF, 0x4C93, 0x02CC, 0xCF3C, 0xFFFF, 0x038F,
    0x9E59, 0xFFFF, 0xCF1C, 0x9E59, 0x85D7, 0x85D7, 0xEF9E, 0xFFFF, 0x7492, 0x0082, 0x00A3, 0x0041, 0x0021, 0x0020, 0x0020, 0x0000,
    0x0000, 0x0000, 0x0020, 0x0020, 0x0020, 0x0021, 0x0041, 0x0041, 0x0061, 0x0082, 0x00C3, 0x0145, 0x0186, 0x7D35, 0xFFFF, 0xFFFF,
    0x7D76, 0x01E8, 0x01E8, 0x01A7, 0x43CF, 0xF7FF, 0xFFFF, 0x85D7, 0x2BAF, 0x022A, 0x0167, 0x01A7, 0x0208, 0xDF5D, 0xE77E, 0x02CC,
    0x3452, 0xFFFF, 0xC6FC, 0x9639, 0xFFFF, 0xFFFF, 0xC6FC, 0x33D0, 0x028B, 0x028B, 0x44D4, 0xFFFF, 0xE79E, 0xCF5D, 0xF7DF, 0x0B6E,
    0x0209, 0x024A, 0x238E, 0xBEDB, 0xFFFF, 0xFFFF, 0x9E59, 0x02CC, 0x02AC, 0x7D96, 0xFFFF, 0x2410, 0x4492, 0xFFFF, 0x9E39, 0x02EC,
    0xC6FC, 0xEFBE, 0x0B6E, 0x030D, 0x02CC, 0x4493, 0xFFFF, 0xFFFF, 0x3B0C, 0x00A3, 0x00A2, 0x0041, 0x0021, 0x0020, 0x0020, 0x0000,
    0x0000, 0x0000, 0x0020, 0x0020, 0x0020, 0x0021, 0x0041, 0x0061, 0x0082, 0x00A3, 0x0125, 0x0125, 0x5C51, 0xFFFF, 0xFFFF, 0xBE9A,
    0x026A, 0x0208, 0x01E8, 0x0209, 0x026A, 0xDF5D, 0xBEFC, 0x036F, 0x3C10, 0x7535, 0x7D35, 0x2B2D, 0x2B6E, 0xFFFF, 0x85B7, 0x2BD0,
    0xEF9E, 0xFFFF, 0xFFFF, 0xF7DF, 0xFFFF, 0xAE59, 0x0AEC, 0x024A, 0x026A, 0x3C51, 0xD75D, 0xFFFF, 0x9659, 0xC71C, 0xF7BF, 0x1BD0,
    0x4431, 0xD71C, 0x7DB7, 0xE77D, 0x8DF8, 0xB6BA, 0xFFFF, 0x64F4, 0x024A, 0x7DB7, 0xFFFF, 0x9618, 0xDF5D, 0xFFFF, 0x23D0, 0x02EC,
    0xF7DF, 0xA659, 0x02AB, 0x02ED, 0x7596, 0xFFFF, 0xFFFF, 0x7CF4, 0x0105, 0x00C3, 0x0082, 0x0041, 0x0021, 0x0020, 0x0020, 0x0020,
    0x0000, 0x0000, 0x0020, 0x0020, 0x0020, 0x0021, 0x0041, 0x0062, 0x00A3, 0x0104, 0x0146, 0x2B4D, 0xF7DF, 0xFFFF, 0xCF1C, 0x0B0D,
    0x0209, 0x01E8, 0x0229, 0x130D, 0x6D35, 0xFFFF, 0xE79E, 0xFFFF, 0xFFFF, 0xE79E, 0x74D3, 0x0209, 0x7D14, 0xFFFF, 0x23AF, 0x7D96,
    0xFFFF, 0x9E18, 0x2BD0, 0x23CF, 0xFFFF, 0x4C72, 0x0209, 0x02AB, 0x7555, 0xFFFF, 0xFFFF, 0xBEBB, 0x02ED, 0xA659, 0xFFFF, 0xF7DF,
    0xFFFF, 0xBEBA, 0x136E, 0xDF7D, 0x1B6E, 0x1B6E, 0xF7FF, 0xFFFF, 0x136E, 0x4472, 0xFFFF, 0xFFFF, 0xFFFF, 0x7D76, 0x024A, 0x0B0D,
    0xDF7E, 0x2C11, 0x030D, 0xA639, 0xFFFF, 0xF7DF, 0x4C31, 0x0146, 0x0104, 0x00A3, 0x0062, 0x0041, 0x0020, 0x0020, 0x0020, 0x0000,
    0x0000, 0x0000, 0x0020, 0x0020, 0x0020, 0x0041, 0x0061, 0x0082, 0x00E4, 0x0145, 0x024A, 0xD73D, 0xFFFF, 0xE79E, 0x0B6F, 0x02AB,
    0x2B6E, 0x6CF4, 0xB67A, 0xF7BE, 0xFFFF, 0xFFFF, 0xEFBE, 0xAE59, 0x5451, 0x0229, 0x0186, 0x0187, 0xB639, 0xBE9A, 0x0209, 0xC6FB,
    0xCEFC, 0x026A, 0x0209, 0x0ACC, 0xD75D, 0x2BAF, 0x02AC, 0xB69A, 0xFFFF, 0xFFFF, 0x8596, 0x02AB, 0x0209, 0x234E, 0xBEBB, 0xD73C,
    0x7D55, 0x026A, 0x12CC, 0x64B3, 0x0208, 0x0209, 0x3BF0, 0xFFFF, 0xCF1C, 0x02ED, 0x85B7, 0xDF5D, 0x6D14, 0x0229, 0x0229, 0x1B8E,
    0x6D76, 0x2411, 0xD75D, 0xFFFF, 0xD73C, 0x2B4E, 0x0146, 0x0125, 0x00C3, 0x0082, 0x0061, 0x0041, 0x0020, 0x0020, 0x0020, 0x0000,
    0x0000, 0x0000, 0x0020, 0x0020, 0x0021, 0x0041, 0x0062, 0x00C3, 0x0145, 0x0187, 0x9DF7, 0xFFFF, 0xFFFF, 0x5D35, 0x54D4, 0xBEDB,
    0xF7DF, 0xFFFF, 0xFFFF, 0xFFFF, 0xBEBB, 0x7535, 0x236E, 0x01E8, 0x0186, 0x0187, 0x01A7, 0x01C8, 0xA638, 0x33AF, 0x234E, 0xEFBE,
    0x1AEC, 0x01C8, 0x0209, 0x0249, 0x5492, 0x136E, 0xD71C, 0xFFFF, 0xB67A, 0x2B8F, 0x01E8, 0x01E8, 0x01C7, 0x01C7, 0x0208, 0x0209,
    0x01A7, 0x01C8, 0x1229, 0x1229, 0x0187, 0x01E8, 0x01C8, 0x33CF, 0xF7DF, 0x7555, 0x01E8, 0x026A, 0x01E8, 0x0209, 0x0249, 0x02CC,
    0x7576, 0xFFFF, 0xFFFF, 0x95D7, 0x028B, 0x0187, 0x0145, 0x00E4, 0x00A3, 0x0062, 0x0041, 0x0021, 0x0020, 0x0020, 0x0020, 0x0000,
    0x0000, 0x0000, 0x0020, 0x0020, 0x0021, 0x0041, 0x0082, 0x0104, 0x0125, 0x5C51, 0xFFFF, 0xFFFF, 0xEFBF, 0xDF7D, 0xFFFF, 0xFFFF,
    0xFFFF, 0xFFFF, 0xBEFB, 0x54D3, 0x130D, 0x024A, 0x01E8, 0x01C8, 0x01A7, 0x0186, 0x0186, 0x0A4A, 0x6492, 0x01E8, 0x64B3, 0x43F0,
    0x01E8, 0x0208, 0x01E8, 0x0209, 0x236E, 0x9618, 0x9E18, 0x3BF0, 0x024A, 0x01E8, 0x0209, 0x01C8, 0x01A7, 0x01C8, 0x01C8, 0x01C7,
    0x01C7, 0x01A7, 0x0187, 0x0186, 0x01A7, 0x01A7, 0x01E8, 0x01C8, 0x12EC, 0x8DB6, 0x334E, 0x01C8, 0x01E8, 0x01E8, 0x0209, 0x85B7,
    0xFFFF, 0xE79E, 0x5452, 0x01C8, 0x0187, 0x0145, 0x00E4, 0x00C3, 0x0082, 0x0061, 0x0041, 0x0021, 0x0020, 0x0020, 0x0020, 0x0000,
    0x0000, 0x0000, 0x0020, 0x0020, 0x0021, 0x0061, 0x00C3, 0x0104, 0x22CB, 0xF7DF, 0xFFFF, 0xF7DF, 0xFFFF, 0xFFFF, 0xFFFF, 0xE77D,
    0x8DD7, 0x33F0, 0x02AB, 0x0209, 0x0229, 0x0209, 0x01E8, 0x01C8, 0x01C7, 0x01C7, 0x01C7, 0x128A, 0x232D, 0x024A, 0x2B0D, 0x01E8,
    0x0209, 0x01E8, 0x01C8, 0x0A4A, 0x43AF, 0x1AAB, 0x01E8, 0x01C8, 0x01E8, 0x01E8, 0x01A7, 0x01A7, 0x01A7, 0x01A7, 0x01C8, 0x01A7,
    0x0187, 0x0166, 0x0166, 0x0166, 0x0166, 0x0146, 0x0146, 0x0186, 0x0187, 0x0187, 0x22AB, 0x0A09, 0x0186, 0x0208, 0x8596, 0xFFFF,
    0x8596, 0x0AAB, 0x0187, 0x0166, 0x0125, 0x00E4, 0x00C3, 0x0082, 0x0062, 0x0041, 0x0041, 0x0020, 0x0020, 0x0020, 0x0000, 0x0000,
    0x0000, 0x0000, 0x0020, 0x0020, 0x0041, 0x0062, 0x00C3, 0x0187, 0xCEFB, 0xFFFF, 0xF7DF, 0xFFFF, 0xFFFF, 0xCF1C, 0x64D4, 0x0B0D,
    0x024A, 0x0229, 0x024A, 0x0249, 0x0229, 0x0208, 0x01E8, 0x01E8, 0x01E8, 0x0209, 0x024A, 0x028A, 0x02CC, 0x030D, 0x030D, 0x038F,
    0x03D0, 0x0431, 0x0472, 0x04F4, 0x0514, 0x0555, 0x05F8, 0x0618, 0x0639, 0x0659, 0x067A, 0x069A, 0x069A, 0x069A, 0x069A, 0x069A,
    0x067A, 0x0659, 0x0618, 0x05F8, 0x0597, 0x0556, 0x04D3, 0x0410, 0x036E, 0x028A, 0x0208, 0x0187, 0x09E8, 0x6492, 0x95B7, 0x230D,
    0x01A7, 0x0166, 0x0145, 0x00E4, 0x00C3, 0x00A3, 0x0082, 0x0062, 0x0041, 0x0041, 0x0020, 0x0020, 0x0020, 0x0020, 0x0000, 0x0000,
    0x0000, 0x0000, 0x0020, 0x0020, 0x0041, 0x0082, 0x00A3, 0x4BAF, 0xDF9E, 0xFFFF, 0xFFFF, 0xCF1C, 0x5472, 0x028B, 0x0229, 0x024A,
    0x026A, 0x024A, 0x0229, 0x024A, 0x02AB, 0x032D, 0x03D0, 0x0472, 0x0535, 0x05F8, 0x067A, 0x071C, 0x077E, 0x07DF, 0x07FF, 0x07FF,
    0x07FF, 0x07FF, 0x07FF, 0x079E, 0x077E, 0x073D, 0x06FB, 0x069A, 0x0639, 0x0618, 0x05B7, 0x0555, 0x0514, 0x04D4, 0x0492, 0x0451,
    0x0410, 0x03AF, 0x038F, 0x038E, 0x034D, 0x032D, 0x030C, 0x02AB, 0x0229, 0x01C7, 0x01A7, 0x0145, 0x228A, 0x1A29, 0x0146, 0x0146,
    0x0146, 0x0104, 0x00E4, 0x00C3, 0x00A3, 0x0082, 0x0061, 0x0041, 0x0041, 0x0021, 0x0020, 0x0020, 0x0020, 0x0020, 0x0000, 0x0000,
    0x0000, 0x0000, 0x0020, 0x0020, 0x0041, 0x0082, 0x00C3, 0x1A6A, 0x9596, 0x74F4, 0x3BD0, 0x026A, 0x0209, 0x0229, 0x0209, 0x01E8,
    0x022A, 0x032D, 0x04D3, 0x0659, 0x073D, 0x07BF, 0x07FF, 0x07FF, 0x07FF, 0x07FF, 0x07FF, 0x077E, 0x06DB, 0x05F8, 0x0535, 0x0431,
    0x034E, 0x02CB, 0x024A, 0x0208, 0x01C7, 0x0187, 0x0166, 0x0146, 0x0145, 0x0125, 0x0125, 0x0105, 0x0105, 0x0104, 0x0104, 0x00E4,
    0x00E4, 0x00E4, 0x00E4, 0x00C3, 0x00C3, 0x00C3, 0x00C3, 0x00A3, 0x00C3, 0x00E4, 0x00E4, 0x0104, 0x0104, 0x0104, 0x0125, 0x0104,
    0x00E4, 0x00C3, 0x00A3, 0x0082, 0x0082, 0x0061, 0x0041, 0x0041, 0x0021, 0x0020, 0x0020, 0x0020, 0x0020, 0x0000, 0x0000, 0x0000,
    0x0000, 0x0000, 0x0020, 0x0020, 0x0021, 0x0061, 0x0082, 0x19E8, 0x11E8, 0x0166, 0x01A7, 0x01A7, 0x01A7, 0x024A, 0x038F, 0x0555,
    0x06DB, 0x07FF, 0x07FF, 0x07FF, 0x07BE, 0x073D, 0x06BB, 0x05B8, 0x0493, 0x03AF, 0x030D, 0x026A, 0x01E8, 0x0186, 0x0146, 0x0125,
    0x0125, 0x0105, 0x0125, 0x0104, 0x0104, 0x0124, 0x0125, 0x0125, 0x0125, 0x0125, 0x0125, 0x0125, 0x0104, 0x0104, 0x0104, 0x0104,
    0x00E4, 0x00E4, 0x00E4, 0x00E3, 0x00C3, 0x00C3, 0x00C3, 0x00C3, 0x00C3, 0x00A3, 0x00A3, 0x00C3, 0x00C3, 0x00C3, 0x00C3, 0x00A3,
    0x00A2, 0x0082, 0x0082, 0x0062, 0x0061, 0x0041, 0x0041, 0x0021, 0x0020, 0x0020, 0x0020, 0x0020, 0x0020, 0x0000, 0x0000, 0x0000,
    0x0000, 0x0000, 0x0020, 0x0020, 0x0021, 0x0041, 0x00A2, 0x00C3, 0x0104, 0x0145, 0x01C7, 0x032D, 0x0535, 0x071C, 0x07FF, 0x07BF,
    0x06BB, 0x05B7, 0x0452, 0x034E, 0x032D, 0x02CC, 0x024A, 0x01C8, 0x0186, 0x0146, 0x0125, 0x0125, 0x0125, 0x0125, 0x0125, 0x0104,
    0x0104, 0x00E4, 0x00E3, 0x00C3, 0x00C3, 0x00C3, 0x00C3, 0x00C3, 0x00C3, 0x00C3, 0x00A3, 0x00A3, 0x00A3, 0x00A3, 0x00A3, 0x00A2,
    0x00A2, 0x00A2, 0x00A2, 0x0082, 0x0082, 0x0082, 0x0082, 0x0082, 0x0082, 0x0082, 0x0082, 0x0082, 0x0082, 0x0082, 0x0082, 0x0082,
    0x0062, 0x0062, 0x0061, 0x0041, 0x0041, 0x0021, 0x0020, 0x0020, 0x0020, 0x0020, 0x0020, 0x0020, 0x0020, 0x0000, 0x0000, 0x0000,
    0x0000, 0x0000, 0x0020, 0x0020, 0x0020, 0x0041, 0x0062, 0x00A3, 0x00E4, 0x01E8, 0x032D, 0x0431, 0x0451, 0x036D, 0x02CB, 0x0208,
    0x0186, 0x0166, 0x0166, 0x0166, 0x0166, 0x0166, 0x0166, 0x0166, 0x0146, 0x0145, 0x0124, 0x0104, 0x00E4, 0x00E3, 0x00C3, 0x00C3,
    0x00A3, 0x00A2, 0x0082, 0x0082, 0x0082, 0x0082, 0x0082, 0x0082, 0x0082, 0x0082, 0x0082, 0x0082, 0x0082, 0x0082, 0x0082, 0x0082,
    0x0082, 0x0082, 0x0082, 0x0082, 0x0082, 0x0082, 0x0082, 0x0082, 0x0082, 0x0082, 0x0082, 0x0082, 0x0082, 0x0062, 0x0061, 0x0061,
    0x0061, 0x0041, 0x0041, 0x0041, 0x0021, 0x0020, 0x0020, 0x0020, 0x0020, 0x0020, 0x0020, 0x0020, 0x0000, 0x0000, 0x0000, 0x0000,
    0x0000, 0x0000, 0x0020, 0x0020, 0x0020, 0x0021, 0x0041, 0x0062, 0x00A2, 0x0124, 0x00C3, 0x00A3, 0x00A3, 0x00E4, 0x0104, 0x0125,
    0x0125, 0x0145, 0x0125, 0x0104, 0x0145, 0x0145, 0x0145, 0x0145, 0x0145, 0x0125, 0x0125, 0x0104, 0x00E4, 0x00E4, 0x00E3, 0x00C3,
    0x00A2, 0x0082, 0x0082, 0x0082, 0x0062, 0x0082, 0x0082, 0x0082, 0x00A2, 0x0082, 0x0082, 0x0062, 0x0062, 0x0062, 0x0082, 0x0082,
    0x00A3, 0x00A3, 0x00C3, 0x00C3, 0x00C3, 0x00C3, 0x00C3, 0x00C3, 0x00C3, 0x00C3, 0x00A3, 0x00A3, 0x0041, 0x0061, 0x0061, 0x0041,
    0x0041, 0x0041, 0x0021, 0x0020, 0x0020, 0x0020, 0x0020, 0x0020, 0x0020, 0x0020, 0x0000, 0x0000, 0x0000, 0x0000, 0x0000, 0x0000,
    0x0000, 0x0000, 0x0000, 0x0020, 0x0020, 0x0020, 0x0021, 0x0041, 0x0061, 0x0062, 0x00A2, 0x00C3, 0x00E3, 0x00E3, 0x00E3, 0x00C3,
    0x00C3, 0x00C3, 0x0104, 0x01E8, 0x0082, 0x0082, 0x00A3, 0x00A3, 0x00A3, 0x00A3, 0x00A3, 0x0082, 0x0082, 0x0062, 0x0062, 0x0061,
    0x00C3, 0x00A2, 0x0082, 0x0082, 0x0082, 0x0082, 0x00A2, 0x0041, 0x0041, 0x00A2, 0x0082, 0x0082, 0x0062, 0x0082, 0x0082, 0x00A3,
    0x0041, 0x0041, 0x0041, 0x0041, 0x0041, 0x0041, 0x0061, 0x0041, 0x0041, 0x0041, 0x0021, 0x0020, 0x0166, 0x00A2, 0x0041, 0x0041,
    0x0041, 0x0021, 0x0020, 0x0020, 0x0020, 0x0020, 0x0020, 0x0020, 0x0020, 0x0000, 0x0000, 0x0000, 0x0000, 0x0000, 0x0000, 0x0000,
    0x0000, 0x0000, 0x0000, 0x0000, 0x0020, 0x0020, 0x0020, 0x0021, 0x0041, 0x0061, 0x0061, 0x0062, 0x0082, 0x0082, 0x0082, 0x0082,
    0x0082, 0x0082, 0x0082, 0x04D3, 0x04D3, 0x03F0, 0x0430, 0x0430, 0x0431, 0x0431, 0x0410, 0x0410, 0x0410, 0x0410, 0x0430, 0x038E,
    0x0082, 0x00A3, 0x00A3, 0x0082, 0x0082, 0x00A3, 0x0082, 0x0229, 0x0249, 0x0082, 0x00A3, 0x0082, 0x0082, 0x00A2, 0x00A3, 0x0062,
    0x034D, 0x0410, 0x03F0, 0x03F0, 0x03F0, 0x0410, 0x03F0, 0x03F0, 0x03EF, 0x03EF, 0x038E, 0x0492, 0x04B3, 0x0061, 0x0041, 0x0041,
    0x0021, 0x0020, 0x0020, 0x0020, 0x0020, 0x0020, 0x0020, 0x0020, 0x0000, 0x0000, 0x0000, 0x0000, 0x0000, 0x0000, 0x0000, 0x0000,
    0x0000, 0x0000, 0x0000, 0x0000, 0x0000, 0x0020, 0x0020, 0x0020, 0x0021, 0x0021, 0x0041, 0x0041, 0x0041, 0x0041, 0x0041, 0x0041,
    0x0061, 0x0062, 0x0062, 0x00C3, 0x03CF, 0x0411, 0x0410, 0x0410, 0x0410, 0x0411, 0x0411, 0x0410, 0x0410, 0x0411, 0x03D0, 0x0576,
    0x04F4, 0x0041, 0x0041, 0x0061, 0x0229, 0x073D, 0x00C3, 0x05F7, 0x0638, 0x00C3, 0x073D, 0x0249, 0x0041, 0x0041, 0x0021, 0x04B3,
    0x0596, 0x03F0, 0x0431, 0x0431, 0x0431, 0x0431, 0x0431, 0x0431, 0x0411, 0x0410, 0x0410, 0x03CF, 0x00A3, 0x0041, 0x0041, 0x0041,
    0x0021, 0x0020, 0x0020, 0x0020, 0x0020, 0x0020, 0x0020, 0x0020, 0x0000, 0x0000, 0x0000, 0x0000, 0x0000, 0x0000, 0x0000, 0x0000,
    0x0000, 0x0000, 0x0000, 0x0000, 0x0000, 0x0020, 0x0020, 0x0020, 0x0020, 0x0020, 0x0020, 0x0021, 0x0041, 0x0041, 0x0041, 0x0041,
    0x0041, 0x0041, 0x0062, 0x0062, 0x0000, 0x0020, 0x0021, 0x0041, 0x0041, 0x0041, 0x0041, 0x0041, 0x0041, 0x0041, 0x0041, 0x0041,
    0x04D3, 0x05B6, 0x028A, 0x0061, 0x0166, 0x03F0, 0x0082, 0x04B2, 0x04F4, 0x0082, 0x03F0, 0x0186, 0x0041, 0x026A, 0x0576, 0x04F4,
    0x0041, 0x0041, 0x0041, 0x0021, 0x0021, 0x0021, 0x0020, 0x0000, 0x0000, 0x0000, 0x0000, 0x0000, 0x0041, 0x0061, 0x0041, 0x0021,
    0x0021, 0x0020, 0x0020, 0x0020, 0x0020, 0x0020, 0x0000, 0x0020, 0x0000, 0x0000, 0x0000, 0x0000, 0x0000, 0x0000, 0x0000, 0x0000,
    0x0000, 0x0000, 0x0000, 0x0000, 0x0000, 0x0020, 0x0000, 0x0020, 0x0020, 0x0020, 0x0020, 0x0020, 0x0020, 0x0021, 0x0021, 0x0021,
    0x0041, 0x0041, 0x0041, 0x0061, 0x0082, 0x0082, 0x00A2, 0x00A3, 0x00A3, 0x00A3, 0x00A3, 0x00A3, 0x00A3, 0x00A3, 0x00C3, 0x00A2,
    0x0061, 0x02AB, 0x0249, 0x0062, 0x0061, 0x0000, 0x0082, 0x00A3, 0x00A3, 0x0082, 0x0000, 0x0062, 0x0062, 0x0229, 0x02AB, 0x0062,
    0x00A2, 0x00A3, 0x00A3, 0x00A3, 0x00A3, 0x00A2, 0x00A2, 0x0082, 0x0082, 0x0082, 0x0082, 0x0062, 0x0041, 0x0041, 0x0021, 0x0020,
    0x0020, 0x0020, 0x0020, 0x0020, 0x0020, 0x0000, 0x0000, 0x0000, 0x0000, 0x0000, 0x0000, 0x0000, 0x0000, 0x0000, 0x0000, 0x0000,
    0x0000, 0x0000, 0x0000, 0x0000, 0x0000, 0x0000, 0x0000, 0x0020, 0x0020, 0x0020, 0x0020, 0x0020, 0x0020, 0x0020, 0x0020, 0x0020,
    0x0021, 0x0021, 0x0041, 0x0041, 0x0041, 0x0041, 0x0061, 0x0061, 0x0061, 0x0061, 0x0062, 0x0061, 0x0062, 0x0062, 0x0062, 0x0082,
    0x0082, 0x0000, 0x0020, 0x0062, 0x0062, 0x0082, 0x0062, 0x0062, 0x0062, 0x0062, 0x0082, 0x0062, 0x0062, 0x0020, 0x0000, 0x0082,
    0x0062, 0x0062, 0x0061, 0x0061, 0x0061, 0x0061, 0x0061, 0x0061, 0x0061, 0x0041, 0x0041, 0x0041, 0x0041, 0x0021, 0x0020, 0x0020,
    0x0020, 0x0020, 0x0020, 0x0020, 0x0000, 0x0000, 0x0000, 0x0000, 0x0000, 0x0000, 0x0000, 0x0000, 0x0000, 0x0000, 0x0000, 0x0000,
    0x0000, 0x0000, 0x0000, 0x0000, 0x0000, 0x0000, 0x0000, 0x0000, 0x0000, 0x0000, 0x0020, 0x0020, 0x0020, 0x0020, 0x0020, 0x0020,
    0x0020, 0x0020, 0x0021, 0x0021, 0x0041, 0x0041, 0x0041, 0x0041, 0x0041, 0x0041, 0x0041, 0x0041, 0x0041, 0x0041, 0x0041, 0x0061,
    0x0061, 0x0062, 0x0061, 0x0061, 0x0041, 0x0041, 0x0041, 0x0061, 0x0061, 0x0061, 0x0041, 0x0041, 0x0041, 0x0061, 0x0061, 0x0061,
    0x0041, 0x0041, 0x0041, 0x0041, 0x0041, 0x0041, 0x0041, 0x0041, 0x0041, 0x0041, 0x0041, 0x0021, 0x0021, 0x0020, 0x0020, 0x0020,
    0x0020, 0x0020, 0x0020, 0x0020, 0x0000, 0x0000, 0x0000, 0x0000, 0x0000, 0x0000, 0x0000, 0x0000, 0x0000, 0x0000, 0x0000, 0x0000,
    0x0000, 0x0000, 0x0000, 0x0000, 0x0000, 0x0000, 0x0000, 0x0000, 0x0000, 0x0000, 0x0020, 0x0020, 0x0020, 0x0020, 0x0020, 0x0020,
    0x0020, 0x0020, 0x0020, 0x0020, 0x0020, 0x0021, 0x0041, 0x0041, 0x0041, 0x0041, 0x0041, 0x0041, 0x0041, 0x0041, 0x0041, 0x0041,
    0x0041, 0x0041, 0x0041, 0x0041, 0x0041, 0x0041, 0x0041, 0x0041, 0x0041, 0x0041, 0x0041, 0x0041, 0x0041, 0x0041, 0x0041, 0x0041,
    0x0041, 0x0041, 0x0041, 0x0041, 0x0041, 0x0041, 0x0041, 0x0041, 0x0041, 0x0021, 0x0021, 0x0020, 0x0020, 0x0020, 0x0020, 0x0020,
    0x0020, 0x0020, 0x0020, 0x0020, 0x0000, 0x0000, 0x0000, 0x0000, 0x0000, 0x0000, 0x0000, 0x0000, 0x0000, 0x0000, 0x0000, 0x0000,
    0x0000, 0x0000, 0x0000, 0x0000, 0x0000, 0x0000, 0x0000, 0x0000, 0x0000, 0x0000, 0x0000, 0x0000, 0x0000, 0x0020, 0x0020, 0x0020,
    0x0020, 0x0020, 0x0020, 0x0020, 0x0020, 0x0020, 0x0020, 0x0021, 0x0021, 0x0021, 0x0021, 0x0021, 0x0021, 0x0041, 0x0041, 0x0041,
    0x0041, 0x0041, 0x0041, 0x0041, 0x0041, 0x0041, 0x0041, 0x0041, 0x0041, 0x0041, 0x0041, 0x0041, 0x0041, 0x0041, 0x0041, 0x0041,
    0x0021, 0x0021, 0x0021, 0x0021, 0x0021, 0x0021, 0x0021, 0x0021, 0x0020, 0x0020, 0x0020, 0x0020, 0x0020, 0x0020, 0x0020, 0x0020,
    0x0020, 0x0020, 0x0020, 0x0020, 0x0000, 0x0000, 0x0000, 0x0000, 0x0000, 0x0000, 0x0000, 0x0000, 0x0000, 0x0000, 0x0000, 0x0000,
    0x0000, 0x0000, 0x0000, 0x0000, 0x0000, 0x0000, 0x0000, 0x0000, 0x0000, 0x0000, 0x0000, 0x0000, 0x0000, 0x0000, 0x0020, 0x0020,
    0x0020, 0x0020, 0x0020, 0x0020, 0x0020, 0x0020, 0x0020, 0x0020, 0x0020, 0x0020, 0x0020, 0x0020, 0x0020, 0x0021, 0x0021, 0x0021,
    0x0021, 0x0021, 0x0021, 0x0021, 0x0021, 0x0021, 0x0041, 0x0041, 0x0041, 0x0021, 0x0021, 0x0021, 0x0021, 0x0021, 0x0021, 0x0021,
    0x0021, 0x0021, 0x0021, 0x0021, 0x0020, 0x0020, 0x0020, 0x0020, 0x0020, 0x0020, 0x0020, 0x0020, 0x0020, 0x0020, 0x0020, 0x0020,
    0x0020, 0x0020, 0x0000, 0x0000, 0x0000, 0x0000, 0x0000, 0x0000, 0x0000, 0x0000, 0x0000, 0x0000, 0x0000, 0x0000, 0x0000, 0x0000,
    0x0000, 0x0000, 0x0000, 0x0000, 0x0000, 0x0000, 0x0000, 0x0000, 0x0000, 0x0000, 0x0000, 0x0000, 0x0000, 0x0000, 0x0000, 0x0000,
    0x0020, 0x0000, 0x0020, 0x0020, 0x0020, 0x0020, 0x0020, 0x0020, 0x0020, 0x0020, 0x0020, 0x0020, 0x0020, 0x0020, 0x0020, 0x0021,
    0x0021, 0x0021, 0x0021, 0x0021, 0x0021, 0x0021, 0x0021, 0x0021, 0x0021, 0x0020, 0x0020, 0x0021, 0x0021, 0x0021, 0x0020, 0x0020,
    0x0020, 0x0020, 0x0020, 0x0020, 0x0020, 0x0020, 0x0020, 0x0020, 0x0020, 0x0020, 0x0020, 0x0020, 0x0020, 0x0020, 0x0020, 0x0020,
    0x0000, 0x0000, 0x0000, 0x0000, 0x0000, 0x0000, 0x0000, 0x0000, 0x0000, 0x0000, 0x0000, 0x0000, 0x0000, 0x0000, 0x0000, 0x0000,
    0x0000, 0x0000, 0x0000, 0x0000, 0x0000, 0x0000, 0x0000, 0x0000, 0x0000, 0x0000, 0x0000, 0x0000, 0x0000, 0x0000, 0x0000, 0x0000,
    0x0000, 0x0000, 0x0000, 0x0020, 0x0020, 0x0020, 0x0020, 0x0020, 0x0020, 0x0020, 0x0020, 0x0020, 0x0020, 0x0020, 0x0020, 0x0020,
    0x0020, 0x0020, 0x0020, 0x0020, 0x0021, 0x0021, 0x0020, 0x0020, 0x0020, 0x0020, 0x0020, 0x0020, 0x0020, 0x0020, 0x0020, 0x0020,
    0x0020, 0x0020, 0x0020, 0x0020, 0x0020, 0x0020, 0x0020, 0x0020, 0x0020, 0x0020, 0x0020, 0x0020, 0x0020, 0x0020, 0x0020, 0x0000,
    0x0000, 0x0000, 0x0000, 0x0000, 0x0000, 0x0000, 0x0000, 0x0000, 0x0000, 0x0000, 0x0000, 0x0000, 0x0000, 0x0000, 0x0000, 0x0000,
    0x0000, 0x0000, 0x0000, 0x0000, 0x0000, 0x0000, 0x0000, 0x0000, 0x0000, 0x0000, 0x0000, 0x0000, 0x0000, 0x0000, 0x0000, 0x0000,
    0x0000, 0x0000, 0x0000, 0x0000, 0x0020, 0x0020, 0x0020, 0x0020, 0x0020, 0x0020, 0x0020, 0x0020, 0x0020, 0x0020, 0x0020, 0x0020,
    0x0020, 0x0020, 0x0020, 0x0020, 0x0020, 0x0020, 0x0020, 0x0020, 0x0020, 0x0020, 0x0020, 0x0020, 0x0020, 0x0020, 0x0020, 0x0020,
    0x0020, 0x0020, 0x0020, 0x0020, 0x0020, 0x0020, 0x0020, 0x0020, 0x0020, 0x0020, 0x0020, 0x0020, 0x0020, 0x0000, 0x0000, 0x0000,
    0x0000, 0x0000, 0x0000, 0x0000, 0x0000, 0x0000, 0x0000, 0x0000, 0x0000, 0x0000, 0x0000, 0x0000, 0x0000, 0x0000, 0x0000, 0x0000,
    0x0000, 0x0000, 0x0000, 0x0000, 0x0000, 0x0000, 0x0000, 0x0000, 0x0000, 0x0000, 0x0000, 0x0000, 0x0000, 0x0000, 0x0000, 0x0000,
    0x0000, 0x0000, 0x0000, 0x0000, 0x0000, 0x0000, 0x0000, 0x0020, 0x0020, 0x0020, 0x0020, 0x0020, 0x0020, 0x0020, 0x0020, 0x0020,
    0x0020, 0x0020, 0x0020, 0x0020, 0x0020, 0x0020, 0x0020, 0x0020, 0x0020, 0x0020, 0x0020, 0x0020, 0x0020, 0x0020, 0x0020, 0x0020,
    0x0020, 0x0020, 0x0020, 0x0020, 0x0020, 0x0020, 0x0020, 0x0020, 0x0020, 0x0020, 0x0020, 0x0000, 0x0000, 0x0000, 0x0000, 0x0000,
    0x0000, 0x0000, 0x0000, 0x0000, 0x0000, 0x0000, 0x0000, 0x0000, 0x0000, 0x0000, 0x0000, 0x0000, 0x0000, 0x0000, 0x0000, 0x0000,
    0x0000, 0x0000, 0x0000, 0x0000, 0x0000, 0x0000, 0x0000, 0x0000, 0x0000, 0x0000, 0x0000, 0x0000, 0x0000, 0x0000, 0x0000, 0x0000,
    0x0000, 0x0000, 0x0000, 0x0000, 0x0000, 0x0000, 0x0000, 0x0000, 0x0000, 0x0000, 0x0000, 0x0020, 0x0020, 0x0020, 0x0020, 0x0020,
    0x0020, 0x0020, 0x0020, 0x0020, 0x0020, 0x0020, 0x0020, 0x0020, 0x0020, 0x0020, 0x0020, 0x0020, 0x0020, 0x0020, 0x0020, 0x0020,
    0x0020, 0x0020, 0x0020, 0x0020, 0x0020, 0x0020, 0x0020, 0x0020, 0x0020, 0x0020, 0x0000, 0x0000, 0x0000, 0x0000, 0x0000, 0x0000,
    0x0000, 0x0000, 0x0000, 0x0000, 0x0000, 0x0000, 0x0000, 0x0000, 0x0000, 0x0000, 0x0000, 0x0000, 0x0000, 0x0000, 0x0000, 0x0000,
    0x0000, 0x0000, 0x0000, 0x0000, 0x0000, 0x0000, 0x0000, 0x0000, 0x0000, 0x0000, 0x0000, 0x0000, 0x0000, 0x0000, 0x0000, 0x0000,
    0x0000, 0x0000, 0x0000, 0x0000, 0x0000, 0x0000, 0x0000, 0x0000, 0x0000, 0x0000, 0x0000, 0x0000, 0x0000, 0x0000, 0x0000, 0x0020,
    0x0020, 0x0020, 0x0020, 0x0020, 0x0020, 0x0020, 0x0020, 0x0020, 0x0020, 0x0020, 0x0020, 0x0020, 0x0020, 0x0020, 0x0020, 0x0020,
    0x0020, 0x0020, 0x0020, 0x0020, 0x0020, 0x0020, 0x0000, 0x0000, 0x0000, 0x0000, 0x0000, 0x0000, 0x0000, 0x0000, 0x0000, 0x0000,
    0x0000, 0x0000, 0x0000, 0x0000, 0x0000, 0x0000, 0x0000, 0x0000, 0x0000, 0x0000, 0x0000, 0x0000, 0x0000, 0x0000, 0x0000, 0x0000,
    0x0000, 0x0000, 0x0000, 0x0000, 0x0000, 0x0000, 0x0000, 0x0000, 0x0000, 0x0000, 0x0000, 0x0000, 0x0000, 0x0000, 0x0000, 0x0000,
    0x0000, 0x0000, 0x0000, 0x0000, 0x0000, 0x0000, 0x0000, 0x0000, 0x0000, 0x0000, 0x0000, 0x0000, 0x0000, 0x0000, 0x0000, 0x0000,
    0x0000, 0x0000, 0x0020, 0x0020, 0x0020, 0x0020, 0x0020, 0x0020, 0x0020, 0x0020, 0x0020, 0x0020, 0x0020, 0x0020, 0x0000, 0x0020,
    0x0020, 0x0020, 0x0000, 0x0000, 0x0000, 0x0000, 0x0000, 0x0000, 0x0000, 0x0000, 0x0000, 0x0000, 0x0000, 0x0000, 0x0000, 0x0000,
    0x0000, 0x0000, 0x0000, 0x0000, 0x0000, 0x0000, 0x0000, 0x0000, 0x0000, 0x0000, 0x0000, 0x0000, 0x0000, 0x0000, 0x0000, 0x0000,
    0x0000, 0x0000, 0x0000, 0x0000, 0x0000, 0x0000, 0x0000, 0x0000, 0x0000, 0x0000, 0x0000, 0x0000, 0x0000, 0x0000, 0x0000, 0x0000,
    0x0000, 0x0000, 0x0000, 0x0000, 0x0000, 0x0000, 0x0000, 0x0000, 0x0000, 0x0000, 0x0000, 0x0000, 0x0000, 0x0000, 0x0000, 0x0000,
    0x0000, 0x0000, 0x0000, 0x0000, 0x0000, 0x0000, 0x0000, 0x0000, 0x0000, 0x0000, 0x0000, 0x0000, 0x0000, 0x0000, 0x0000, 0x0000,
    0x0000, 0x0000, 0x0000, 0x0000, 0x0000, 0x0000, 0x0000, 0x0000, 0x0000, 0x0000, 0x0000, 0x0000, 0x0000, 0x0000, 0x0000, 0x0000,
    0x0000, 0x0000, 0x0000, 0x0000, 0x0000, 0x0000, 0x0000, 0x0000, 0x0000, 0x0000, 0x0000, 0x0000, 0x0000, 0x0000, 0x0000, 0x0000,
    0x0000, 0x0000, 0x0000, 0x0000, 0x0000, 0x0000, 0x0000, 0x0000, 0x0000, 0x0000, 0x0000, 0x0000, 0x0000, 0x0000, 0x0000, 0x0000,
    0x0000, 0x0000, 0x0000, 0x0000, 0x0000, 0x0000, 0x0000, 0x0000, 0x0000, 0x0000, 0x0000, 0x0000, 0x0000, 0x0000, 0x0000, 0x0000,
    0x0000, 0x0000, 0x0000, 0x0000, 0x0000, 0x0000, 0x0000, 0x0000, 0x0000, 0x0000, 0x0000, 0x0000, 0x0000, 0x0000, 0x0000, 0x0000,
    0x0000, 0x0000, 0x0000, 0x0000, 0x0000, 0x0000, 0x0000, 0x0000, 0x0000, 0x0000, 0x0000, 0x0000, 0x0000, 0x0000, 0x0000, 0x0000,
    0x0000, 0x0000, 0x0000, 0x0000, 0x0000, 0x0000, 0x0000, 0x0000, 0x0000, 0x0000, 0x0000, 0x0000, 0x0000, 0x0000, 0x0000, 0x0000,
    0x0000, 0x0000, 0x0000, 0x0000, 0x0000, 0x0000, 0x0000, 0x0000, 0x0000, 0x0000, 0x0000, 0x0000, 0x0000, 0x0000, 0x0000, 0x0000,
    0x0000, 0x0000, 0x0000, 0x0000, 0x0000, 0x0000, 0x0000, 0x0000, 0x0000, 0x0000, 0x0000, 0x0000, 0x0000, 0x0000, 0x0000, 0x0000,
    0x0000, 0x0000, 0x0000, 0x0000, 0x0000, 0x0000, 0x0000, 0x0000, 0x0000, 0x0000, 0x0000, 0x0000, 0x0000, 0x0000, 0x0000, 0x0000,
    0x0000, 0x0000, 0x0000, 0x0000, 0x0000, 0x0000, 0x0000, 0x0000, 0x0000, 0x0000, 0x0000, 0x0000, 0x0000, 0x0000, 0x0000, 0x0000,
    0x0000, 0x0000, 0x0000, 0x0000, 0x0000, 0x0000, 0x0000, 0x0000, 0x0000, 0x0000, 0x0000, 0x0000, 0x0000, 0x0000, 0x0000, 0x0000,
    0x0000, 0x0000, 0x0000, 0x0000, 0x0000, 0x0000, 0x0000, 0x0000, 0x0000, 0x0000, 0x0000, 0x0000, 0x0000, 0x0000, 0x0000, 0x0000,
    0x0000, 0x0000, 0x0000, 0x0000, 0x0000, 0x0000, 0x0000, 0x0000, 0x0000, 0x0000, 0x0000, 0x0000, 0x0000, 0x0000, 0x0000, 0x0000,
    0x0000, 0x0000, 0x0000, 0x0000, 0x0000, 0x0000, 0x0000, 0x0000, 0x0000, 0x0000, 0x0000, 0x0000, 0x0000, 0x0000, 0x0000, 0x0000,
    0x0000, 0x0000, 0x0000, 0x0000, 0x0000, 0x0000, 0x0000, 0x0000, 0x0000, 0x0000, 0x0000, 0x0000, 0x0000, 0x0000, 0x0000, 0x0000,
    0x0000, 0x0000, 0x0000, 0x0000, 0x0000, 0x0000, 0x0000, 0x0000, 0x0000, 0x0000, 0x0000, 0x0000, 0x0000, 0x0000, 0x0000, 0x0000,
    0x0000, 0x0000, 0x0000, 0x0000, 0x0000, 0x0000, 0x0000, 0x0000, 0x0000, 0x0000, 0x0000, 0x0000, 0x0000, 0x0000, 0x0000, 0x0000,
    0x0000, 0x0000, 0x0000, 0x0000, 0x0000, 0x0000, 0x0000, 0x0000, 0x0000, 0x0000, 0x0000, 0x0000, 0x0000, 0x0000, 0x0000, 0x0000,
    0x0000, 0x0000, 0x0000, 0x0000, 0x0000, 0x0000, 0x0000, 0x0000, 0x0000, 0x0000, 0x0000, 0x0000, 0x0000, 0x0000, 0x0000, 0x0000,
    0x0000, 0x0000, 0x0000, 0x0000, 0x0000, 0x0000, 0x0000, 0x0000, 0x0000, 0x0000, 0x0000, 0x0000, 0x0000, 0x0000, 0x0000, 0x0000,
    0x0000, 0x0000, 0x0000, 0x0000, 0x0000, 0x0000, 0x0000, 0x0000, 0x0000, 0x0000, 0x0000, 0x0000, 0x0000, 0x0000, 0x0000, 0x0000,
    0x0000, 0x0000, 0x0000, 0x0000, 0x0000, 0x0000, 0x0000, 0x0000, 0x0000, 0x0000, 0x0000, 0x0000, 0x0000, 0x0000, 0x0000, 0x0000,
    0x0000, 0x0000, 0x0000, 0x0000, 0x0000, 0x0000, 0x0000, 0x0000, 0x0000, 0x0000, 0x0000, 0x0000, 0x0000, 0x0000, 0x0000, 0x0000,
    0x0000, 0x0000, 0x0000, 0x0000, 0x0000, 0x0000, 0x0000, 0x0000, 0x0000, 0x0000, 0x0000, 0x0000, 0x0000, 0x0000, 0x0000, 0x0000,
    0x0000, 0x0000, 0x0000, 0x0000, 0x0000, 0x0000, 0x0000, 0x0000, 0x0000, 0x0000, 0x0000, 0x0000, 0x0000, 0x0000, 0x0000, 0x0000,
    0x0000, 0x0000, 0x0000, 0x0000, 0x0000, 0x0000, 0x0000, 0x0000, 0x0000, 0x0000, 0x0000, 0x0000, 0x0000, 0x0000, 0x0000, 0x0000,
    0x0000, 0x0000, 0x0000, 0x0000, 0x0000, 0x0000, 0x0000, 0x0000, 0x0000, 0x0000, 0x0000, 0x0000, 0x0000, 0x0000, 0x0000, 0x0000,
    0x0000, 0x0000, 0x0000, 0x0000, 0x0000, 0x0000, 0x0000, 0x0000, 0x0000, 0x0000, 0x0000, 0x0000, 0x0000, 0x0000, 0x0000, 0x0000,
    0x0000, 0x0000, 0x0000, 0x0000, 0x0000, 0x0000, 0x0000, 0x0000, 0x0000, 0x0000, 0x0000, 0x0000, 0x0000, 0x0000, 0x0000, 0x0000,
    0x0000, 0x0000, 0x0000, 0x0000, 0x0000, 0x0000, 0x0000, 0x0000, 0x0000, 0x0000, 0x0000, 0x0000, 0x0000, 0x0000, 0x0000, 0x0000,
    0x0000, 0x0000, 0x0000, 0x0000, 0x0000, 0x0000, 0x0000, 0x0000, 0x0000, 0x0000, 0x0000, 0x0000, 0x0000, 0x0000, 0x0000, 0x0000,
    0x0000, 0x0000, 0x0000, 0x0000, 0x0000, 0x0000, 0x0000, 0x0000, 0x0000, 0x0000, 0x0000, 0x0000, 0x0000, 0x0000, 0x0000, 0x0000,
    0x0000, 0x0000, 0x0000, 0x0000, 0x0000, 0x0000, 0x0000, 0x0000, 0x0000, 0x0000, 0x0000, 0x0000, 0x0000, 0x0000, 0x0000, 0x0000,
    0x0000, 0x0000, 0x0000, 0x0000, 0x0000, 0x0000, 0x0000, 0x0000, 0x0000, 0x0000, 0x0000, 0x0000, 0x0000, 0x0000, 0x0000, 0x0000,
    0x0000, 0x0000, 0x0000, 0x0000, 0x0000, 0x0000, 0x0000, 0x0000, 0x0000, 0x0000, 0x0000, 0x0000, 0x0000, 0x0000, 0x0000, 0x0000,
    0x0000, 0x0000, 0x0000, 0x0000, 0x0000, 0x0000, 0x0000, 0x0000, 0x0000, 0x0000, 0x0000, 0x0000, 0x0000, 0x0000, 0x0000, 0x0000,
    0x0000, 0x0000, 0x0000, 0x0000, 0x0000, 0x0000, 0x0000, 0x0000, 0x0000, 0x0000, 0x0000, 0x0000, 0x0000, 0x0000, 0x0000, 0x0000,
    0x0000, 0x0000, 0x0000, 0x0000, 0x0000, 0x0000, 0x0000, 0x0000, 0x0000, 0x0000, 0x0000, 0x0000, 0x0000, 0x0000, 0x0000, 0x0000,
    0x0000, 0x0000, 0x0000, 0x0000, 0x0000, 0x0000, 0x0000, 0x0000, 0x0000, 0x0000, 0x0000, 0x0000, 0x0000, 0x0000, 0x0000, 0x0000,
    0x0000, 0x0000, 0x0000, 0x0000, 0x0000, 0x0000, 0x0000, 0x0000, 0x0000, 0x0000, 0x0000, 0x0000, 0x0000, 0x0000, 0x0000, 0x0000,
    0x0000, 0x0000, 0x0000, 0x0000, 0x0000, 0x0000, 0x0000, 0x0000, 0x0000, 0x0000, 0x0000, 0x0000, 0x0000, 0x0000, 0x0000, 0x0000,
    0x0000, 0x0000, 0x0000, 0x0000, 0x0000, 0x0000, 0x0000, 0x0000, 0x0000, 0x0000, 0x0000, 0x0000, 0x0000, 0x0000, 0x0000, 0x0000,
    0x0000, 0x0000, 0x0000, 0x0000, 0x0000, 0x0000, 0x0000, 0x0000, 0x0000, 0x0000, 0x0000, 0x0000, 0x0000, 0x0000, 0x0000, 0x0000,
    0x0000, 0x0000, 0x0000, 0x0000, 0x0000, 0x0000, 0x0000, 0x0000, 0x0000, 0x0000, 0x0000, 0x0000, 0x0000, 0x0000, 0x0000, 0x0000,
    0x0000, 0x0000, 0x0000, 0x0000, 0x0000, 0x0000, 0x0000, 0x0000, 0x0000, 0x0000, 0x0000, 0x0000, 0x0000, 0x0000, 0x0000, 0x0000,
    0x0000, 0x0000, 0x0000, 0x0000, 0x0000, 0x0000, 0x0000, 0x0000, 0x0000, 0x0000, 0x0000, 0x0000, 0x0000, 0x0000, 0x0000, 0x0000,
    0x0000, 0x0000, 0x0000, 0x0000, 0x0000, 0x0000, 0x0000, 0x0000, 0x0000, 0x0000, 0x0000, 0x0000, 0x0000, 0x0000, 0x0000, 0x0000,
    0x0000, 0x0000, 0x0000, 0x0000, 0x0000, 0x0000, 0x0000, 0x0000, 0x0000, 0x0000, 0x0000, 0x0000, 0x0000, 0x0000, 0x0000, 0x0000,
    0x0000, 0x0000, 0x0000, 0x0000, 0x0000, 0x0000, 0x0000, 0x0000, 0x0000, 0x0000, 0x0000, 0x0000, 0x0000, 0x0000, 0x0000, 0x0000,
    0x0000, 0x0000, 0x0000, 0x0000, 0x0000, 0x0000, 0x0000, 0x0000, 0x0000, 0x0000, 0x0000, 0x0000, 0x0000, 0x0000, 0x0000, 0x0000,
    0x0000, 0x0000, 0x0000, 0x0000, 0x0000, 0x0000, 0x0000, 0x0000, 0x0000, 0x0000, 0x0000, 0x0000, 0x0000, 0x0000, 0x0000, 0x0000,
    0x0000, 0x0000, 0x0000, 0x0000, 0x0000, 0x0000, 0x0000, 0x0000, 0x0000, 0x0000, 0x0000, 0x0000, 0x0000, 0x0000, 0x0000, 0x0000,
    0x0000, 0x0000, 0x0000, 0x0000, 0x0000, 0x0000, 0x0000, 0x0000, 0x0000, 0x0000, 0x0000, 0x0000, 0x0000, 0x0000, 0x0000, 0x0000,
    0x0000, 0x0000, 0x0000, 0x0000, 0x0000, 0x0000, 0x0000, 0x0000, 0x0000, 0x0000, 0x0000, 0x0000, 0x0000, 0x0000, 0x0000, 0x0000,
    0x0000, 0x0000, 0x0000, 0x0000, 0x0000, 0x0000, 0x0000, 0x0000, 0x0000, 0x0000, 0x0000, 0x0000, 0x0000, 0x0000, 0x0000, 0x0000,
    0x0000, 0x0000, 0x0000, 0x0000, 0x0000, 0x0000, 0x0000, 0x0000, 0x0000, 0x0000, 0x0000, 0x0000, 0x0000, 0x0000, 0x0000, 0x0000,
    0x0000, 0x0000, 0x0000, 0x0000, 0x0000, 0x0000, 0x0000, 0x0000, 0x0000, 0x0000, 0x0000, 0x0000, 0x0000, 0x0000, 0x0000, 0x0000,
    0x0000, 0x0000, 0x0000, 0x0000, 0x0000, 0x0000, 0x0000, 0x0000, 0x0000, 0x0000, 0x0000, 0x0000, 0x0000, 0x0000, 0x0000, 0x0000,
    0x0000, 0x0000, 0x0000, 0x0000, 0x0000, 0x0000, 0x0000, 0x0000, 0x0000, 0x0000, 0x0000, 0x0000, 0x0000, 0x0000, 0x0000, 0x0000,
    0x0000, 0x0000, 0x0000, 0x0000, 0x0000, 0x0000, 0x0000, 0x0000, 0x0000, 0x0000, 0x0000, 0x0000, 0x0000, 0x0000, 0x0000, 0x0000,
    0x0000, 0x0000, 0x0000, 0x0000, 0x0000, 0x0000, 0x0000, 0x0000, 0x0000, 0x0000, 0x0000, 0x0000, 0x0000, 0x0000, 0x0000, 0x0000,
    0x0000, 0x0000, 0x0000, 0x0000, 0x0000, 0x0000, 0x0000, 0x0000, 0x0000, 0x0000, 0x0000, 0x0000, 0x0000, 0x0000, 0x0000, 0x0000,
    0x0000, 0x0000, 0x0000, 0x0000, 0x0000, 0x0000, 0x0000, 0x0000, 0x0000, 0x0000, 0x0000, 0x0000, 0x0000, 0x0000, 0x0000, 0x0000,
    0x0000, 0x0000, 0x0000, 0x0000, 0x0000, 0x0000, 0x0000, 0x0000, 0x0000, 0x0000, 0x0000, 0x0000, 0x0000, 0x0000, 0x0000, 0x0000,
    0x0000, 0x0000, 0x0000, 0x0000, 0x0000, 0x0000, 0x0000, 0x0000, 0x0000, 0x0000, 0x0000, 0x0000, 0x0000, 0x0000, 0x0000, 0x0000,
    0x0000, 0x0000, 0x0000, 0x0000, 0x0000, 0x0000, 0x0000, 0x0000, 0x0000, 0x0000, 0x0000, 0x0000, 0x0000, 0x0000, 0x0000, 0x0000,
    0x0000, 0x0000, 0x0000, 0x0000, 0x0000, 0x0000, 0x0000, 0x0000, 0x0000, 0x0000, 0x0000, 0x0000, 0x0000, 0x0000, 0x0000, 0x0000,
    0x0000, 0x0000, 0x0000, 0x0000, 0x0000, 0x0000, 0x0000, 0x0000, 0x0000, 0x0000, 0x0000, 0x0000, 0x0000, 0x0000, 0x0000, 0x0000,
    0x0000, 0x0000, 0x0000, 0x0000, 0x0000, 0x0000, 0x0000, 0x0000, 0x0000, 0x0000, 0x0000, 0x0000, 0x0000, 0x0000, 0x0000, 0x0000,
    0x0000, 0x0000, 0x0000, 0x0000, 0x0000, 0x0000, 0x0000, 0x0000, 0x0000, 0x0000, 0x0000, 0x0000, 0x0000, 0x0000, 0x0000, 0x0000,
    0x0000, 0x0000, 0x0000, 0x0000, 0x0000, 0x0000, 0x0000, 0x0000, 0x0000, 0x0000, 0x0000, 0x0000, 0x0000, 0x0000, 0x0000, 0x0000,
    0x0000, 0x0000, 0x0000, 0x0000, 0x0000, 0x0000, 0x0000, 0x0000, 0x0000, 0x0000, 0x0000, 0x0000, 0x0000, 0x0000, 0x0000, 0x0000,
    0x0000, 0x0000, 0x0000, 0x0000, 0x0000, 0x0000, 0x0000, 0x0000, 0x0000, 0x0000, 0x0000, 0x0000, 0x0000, 0x0000, 0x0000, 0x0000,
    0x0000, 0x0000, 0x0000, 0x0000, 0x0000, 0x0000, 0x0000, 0x0000, 0x0000, 0x0000, 0x0000, 0x0000, 0x0000, 0x0000, 0x0000, 0x0000,
    0x0000, 0x0000, 0x0000, 0x0000, 0x0000, 0x0000, 0x0000, 0x0000, 0x0000, 0x0000, 0x0000, 0x0000, 0x0000, 0x0000, 0x0000, 0x0000,
    0x0000, 0x0000, 0x0000, 0x0000, 0x0000, 0x0000, 0x0000, 0x0000, 0x0000, 0x0000, 0x0000, 0x0000, 0x0000, 0x0000, 0x0000, 0x0000,
    0x0000, 0x0000, 0x0000, 0x0000, 0x0000, 0x0000, 0x0000, 0x0000, 0x0000, 0x0000, 0x0000, 0x0000, 0x0000, 0x0000, 0x0000, 0x0000,
    0x0000, 0x0000, 0x0000, 0x0000, 0x0000, 0x0000, 0x0000, 0x0000, 0x0000, 0x0000, 0x0000, 0x0000, 0x0000, 0x0000, 0x0000, 0x0000,
    0x0000, 0x0000, 0x0000, 0x0000, 0x0000, 0x0000, 0x0000, 0x0000, 0x0000, 0x0000, 0x0000, 0x0000, 0x0000, 0x0000, 0x0000, 0x0000,
    0x0000, 0x0000, 0x0000, 0x0000, 0x0000, 0x0000, 0x0000, 0x0000, 0x0000, 0x0000, 0x0000, 0x0000, 0x0000, 0x0000, 0x0000, 0x0000,
    0x0000, 0x0000, 0x0000, 0x0000, 0x0000, 0x0000, 0x0000, 0x0000, 0x0000, 0x0000, 0x0000, 0x0000, 0x0000, 0x0000, 0x0000, 0x0000,
    0x0000, 0x0000, 0x0000, 0x0000, 0x0000, 0x0000, 0x0000, 0x0000, 0x0000, 0x0000, 0x0000, 0x0000, 0x0000, 0x0000, 0x0000, 0x0000,
    0x0000, 0x0000, 0x0000, 0x0000, 0x0000, 0x0000, 0x0000, 0x0000, 0x0000, 0x0000, 0x0000, 0x0000, 0x0000, 0x0000, 0x0000, 0x0000,
    0x0000, 0x0000, 0x0000, 0x0000, 0x0000, 0x0000, 0x0000, 0x0000, 0x0000, 0x0000, 0x0000, 0x0000, 0x0000, 0x0000, 0x0000, 0x0000,
    0x0000, 0x0000, 0x0000, 0x0000, 0x0000, 0x0000, 0x0000, 0x0000, 0x0000, 0x0000, 0x0000, 0x0000, 0x0000, 0x0000, 0x0000, 0x0000,
    0x0000, 0x0000, 0x0000, 0x0000, 0x0000, 0x0000, 0x0000, 0x0000, 0x0000, 0x0000, 0x0000, 0x0000, 0x0000, 0x0000, 0x0000, 0x0000,
    0x0000, 0x0000, 0x0000, 0x0000, 0x0000, 0x0000, 0x0000, 0x0000, 0x0000, 0x0000, 0x0000, 0x0000, 0x0000, 0x0000, 0x0000, 0x0000,
    0x0000, 0x0000, 0x0000, 0x0000, 0x0000, 0x0000, 0x0000, 0x0000, 0x0000, 0x0000, 0x0000, 0x0000, 0x0000, 0x0000, 0x0000, 0x0000,
    0x0000, 0x0000, 0x0000, 0x0000, 0x0000, 0x0000, 0x0000, 0x0000, 0x0000, 0x0000, 0x0000, 0x0000, 0x0000, 0x0000, 0x0000, 0x0000,
    0x0000, 0x0000, 0x0000, 0x0000, 0x0000, 0x0000, 0x0000, 0x0000, 0x0000, 0x0000, 0x0000, 0x0000, 0x0000, 0x0000, 0x0000, 0x0000,
    0x0000, 0x0000, 0x0000, 0x0000, 0x0000, 0x0000, 0x0000, 0x0000, 0x0000, 0x0000, 0x0000, 0x0000, 0x0000, 0x0000, 0x0000, 0x0000,
    0x0000, 0x0000, 0x0000, 0x0000, 0x0000, 0x0000, 0x0000, 0x0000, 0x0000, 0x0000, 0x0000, 0x0000, 0x0000, 0x0000, 0x0000, 0x0000,
    0x0000, 0x0000, 0x0000, 0x0000, 0x0000, 0x0000, 0x0000, 0x0000, 0x0000, 0x0000, 0x0000, 0x0000, 0x0000, 0x0000, 0x0000, 0x0000,
    0x0000, 0x0000, 0x0000, 0x0000, 0x0000, 0x0000, 0x0000, 0x0000, 0x0000, 0x0000, 0x0000, 0x0000, 0x0000, 0x0000, 0x0000, 0x0000,
    0x0000, 0x0000, 0x0000, 0x0000, 0x0000, 0x0000, 0x0000, 0x0000, 0x0000, 0x0000, 0x0000, 0x0000, 0x0000, 0x0000, 0x0000, 0x0000,
    0x0000, 0x0000, 0x0000, 0x0000, 0x0000, 0x0000, 0x0000, 0x0000, 0x0000, 0x0000, 0x0000, 0x0000, 0x0000, 0x0000, 0x0000, 0x0000,
    0x0000, 0x0000, 0x0000, 0x0000, 0x0000, 0x0000, 0x0000, 0x0000, 0x0000, 0x0000, 0x0000, 0x0000, 0x0000, 0x0000, 0x0000, 0x0000,
    0x0000, 0x0000, 0x0000, 0x0000, 0x0000, 0x0000, 0x0000, 0x0000, 0x0000, 0x0000, 0x0000, 0x0000, 0x0000, 0x0000, 0x0000, 0x0000,
    0x0000, 0x0000, 0x0000, 0x0000, 0x0000, 0x0000, 0x0000, 0x0000, 0x0000, 0x0000, 0x0000, 0x0000, 0x0000, 0x0000, 0x0000, 0x0000,
    0x0000, 0x0000, 0x0000, 0x0000, 0x0000, 0x0000, 0x0000, 0x0000, 0x0000, 0x0000, 0x0000, 0x0000, 0x0000, 0x0000, 0x0000, 0x0000,
    0x0000, 0x0000, 0x0000, 0x0000, 0x0000, 0x0000, 0x0000, 0x0000, 0x0000, 0x0000, 0x0000, 0x0000, 0x0000, 0x0000, 0x0000, 0x0000,
    0x0000, 0x0000, 0x0000, 0x0000, 0x0000, 0x0000, 0x0000, 0x0000, 0x0000, 0x0000, 0x0000, 0x0000, 0x0000, 0x0000, 0x0000, 0x0000,
    0x0000, 0x0000, 0x0000, 0x0000, 0x0000, 0x0000, 0x0000, 0x0000, 0x0000, 0x0000, 0x0000, 0x0000, 0x0000, 0x0000, 0x0000, 0x0000,
    0x0000, 0x0000, 0x0000, 0x0000, 0x0000, 0x0000, 0x0000, 0x0000, 0x0000, 0x0000, 0x0000, 0x0000, 0x0000, 0x0000, 0x0000, 0x0000,
    0x0000, 0x0000, 0x0000, 0x0000, 0x0000, 0x0000, 0x0000, 0x0000, 0x0000, 0x0000, 0x0000, 0x0000, 0x0000, 0x0000, 0x0000, 0x0000,
    0x0000, 0x0000, 0x0000, 0x0000, 0x0000, 0x0000, 0x0000, 0x0000, 0x0000, 0x0000, 0x0000, 0x0000, 0x0000, 0x0000, 0x0000, 0x0000,
};
