// Generated from /mnt/Storage/Coding/Misc/Mascot assets via ImageMagick resize +
// plain RGB->RGB565 packing (main.cpp's setSwapBytes(true) handles display byte
// order, same convention as logo.h). See devices/t-dongle-s3/README.md for the
// regeneration commands.
#pragma once
#include <cstdint>

// Small circular Zeta headshot badge, flattened onto the brand navy (#08283E)
// background so it drops onto the dashboard screens with no visible box.
static const uint16_t kZetaIconWidth = 40;
static const uint16_t kZetaIconHeight = 40;
static const uint16_t kZetaIconImage[40 * 40] PROGMEM = {
    0x0947, 0x0947, 0x0947, 0x0947, 0x0947, 0x0947, 0x0947, 0x0947, 0x0947, 0x0947, 0x0947, 0x0947, 0x0927, 0x0947, 0x01CA, 0x02AD,
    0x034F, 0x0390, 0x0390, 0x03B0, 0x03B0, 0x0390, 0x0390, 0x036F, 0x02CD, 0x020A, 0x0968, 0x0927, 0x0927, 0x0947, 0x0947, 0x0947,
    0x0947, 0x0947, 0x0947, 0x0947, 0x0947, 0x0947, 0x0947, 0x0947, 0x0947, 0x0947, 0x0947, 0x0947, 0x0947, 0x0947, 0x0947, 0x0947,
    0x0947, 0x0947, 0x0927, 0x0968, 0x024B, 0x032F, 0x032F, 0x028C, 0x01EA, 0x0189, 0x0188, 0x0168, 0x0168, 0x0168, 0x0188, 0x01EA,
    0x028C, 0x032F, 0x034F, 0x028C, 0x0988, 0x0927, 0x0947, 0x0947, 0x0947, 0x0947, 0x0947, 0x0947, 0x0947, 0x0947, 0x0947, 0x0947,
    0x0947, 0x0947, 0x0947, 0x0947, 0x0947, 0x0947, 0x0947, 0x0947, 0x0927, 0x0947, 0x024B, 0x034F, 0x02CD, 0x01C9, 0x0947, 0x0927,
    0x0147, 0x0A09, 0x226A, 0x2249, 0x1229, 0x09E9, 0x0148, 0x0927, 0x0927, 0x0927, 0x01A9, 0x02AD, 0x0370, 0x026C, 0x0948, 0x0927,
    0x0947, 0x0947, 0x0947, 0x0947, 0x0947, 0x0947, 0x0947, 0x0947, 0x0947, 0x0947, 0x0947, 0x0947, 0x0947, 0x0947, 0x0947, 0x0927,
    0x01A9, 0x032E, 0x030E, 0x01A9, 0x0927, 0x0927, 0x0927, 0x0148, 0x22AC, 0x4AEB, 0x2229, 0x124A, 0x19C7, 0x21E7, 0x124A, 0x09EA,
    0x0168, 0x0927, 0x0127, 0x0947, 0x09C9, 0x030E, 0x034F, 0x01A9, 0x0927, 0x0947, 0x0947, 0x0947, 0x0947, 0x0947, 0x0947, 0x0947,
    0x0947, 0x0947, 0x0947, 0x0947, 0x0947, 0x0947, 0x0927, 0x020A, 0x036F, 0x024B, 0x0947, 0x0927, 0x0927, 0x0968, 0x0ACD, 0x2ACC,
    0x532C, 0x1AED, 0x0B50, 0x02AD, 0x02EE, 0x0A2A, 0x326A, 0x5C91, 0x33F0, 0x0A4B, 0x120A, 0x2208, 0x19C7, 0x11C8, 0x028C, 0x0390,
    0x022B, 0x0927, 0x0947, 0x0947, 0x0947, 0x0947, 0x0947, 0x0947, 0x0947, 0x0947, 0x0947, 0x0947, 0x0947, 0x0927, 0x024B, 0x036F,
    0x01A9, 0x0927, 0x0947, 0x0927, 0x01A9, 0x036F, 0x2B8E, 0x734A, 0x52EB, 0x0413, 0x3CB5, 0x3BD1, 0x0126, 0x02EE, 0x222A, 0x5A67,
    0x6B09, 0x3B2B, 0x4B0B, 0x1A08, 0x0A0A, 0x11C8, 0x19C7, 0x0A4B, 0x0370, 0x026C, 0x0927, 0x0947, 0x0947, 0x0947, 0x0947, 0x0947,
    0x0947, 0x0947, 0x0947, 0x0947, 0x0927, 0x024B, 0x034F, 0x01A9, 0x0947, 0x0947, 0x0947, 0x024B, 0x138F, 0x4B2A, 0x4A06, 0x5226,
    0x4A89, 0x0413, 0x3C95, 0x4C94, 0x1A8C, 0x02AD, 0x1A4A, 0x2965, 0x2945, 0x2903, 0x42AA, 0x020A, 0x33F2, 0x3C74, 0x09E9, 0x1A09,
    0x09E9, 0x036F, 0x024B, 0x0927, 0x0947, 0x0947, 0x0947, 0x0947, 0x0947, 0x0947, 0x0947, 0x0927, 0x020A, 0x034F, 0x0188, 0x026C,
    0x01EA, 0x0927, 0x026C, 0x1BF0, 0x6BCC, 0x5A67, 0x4A27, 0x2145, 0x39A6, 0x33B0, 0x0371, 0x130E, 0x3495, 0x0BD2, 0x3A49, 0x2965,
    0x31E8, 0x1904, 0x3228, 0x02AC, 0x4453, 0x2B4F, 0x026C, 0x1A6B, 0x122A, 0x0188, 0x0370, 0x020A, 0x0927, 0x0947, 0x0947, 0x0947,
    0x0947, 0x0947, 0x0927, 0x0189, 0x034F, 0x01A9, 0x0927, 0x022B, 0x01A9, 0x01C9, 0x03D0, 0x634A, 0x5A67, 0x4208, 0x39A6, 0x1904,
    0x10C4, 0x31E8, 0x32AB, 0x230D, 0x1AED, 0x2A6A, 0x2186, 0x3102, 0x4163, 0x10A2, 0x2986, 0x236F, 0x2C12, 0x5D77, 0x134F, 0x126B,
    0x226A, 0x0127, 0x01C9, 0x0370, 0x0189, 0x0927, 0x0947, 0x0947, 0x0947, 0x0947, 0x0947, 0x030E, 0x022B, 0x0927, 0x0988, 0x026C,
    0x024B, 0x132D, 0x32EB, 0x39A5, 0x2124, 0x2945, 0x28E2, 0x3164, 0x1925, 0x10E4, 0x1905, 0x2124, 0x2124, 0x1965, 0x49E5, 0xB3E8,
    0xCC69, 0x7244, 0x1146, 0x328B, 0x1B4F, 0x34B5, 0x13B1, 0x326A, 0x224A, 0x0188, 0x01EA, 0x032F, 0x032E, 0x0947, 0x0947, 0x0947,
    0x0947, 0x0927, 0x022B, 0x030E, 0x01EA, 0x022B, 0x026C, 0x02CD, 0x53EE, 0xA4AD, 0xBD0E, 0xAC8D, 0x5A46, 0x51C4, 0xB3E9, 0xDD6E,
    0xA46C, 0x49E5, 0x1061, 0x0841, 0x18C2, 0x7B29, 0xDDB0, 0xF630, 0xF5CE, 0xDD0C, 0x6AA7, 0x1904, 0x2986, 0x2229, 0x2A6A, 0x2AAB,
    0x09EA, 0x026C, 0x024C, 0x01EA, 0x032F, 0x022B, 0x0927, 0x0947, 0x0947, 0x0968, 0x034F, 0x020B, 0x026C, 0x026C, 0x02CE, 0x43EE,
    0x8B48, 0x28E2, 0x2902, 0x9368, 0xD4CB, 0xDCEB, 0xF630, 0xF631, 0x8B69, 0x3102, 0x1881, 0x1040, 0x0000, 0x20C2, 0x8BAB, 0xEDCF,
    0xF5CF, 0xF5CE, 0xE5CF, 0x836A, 0x18E3, 0x08C3, 0x01E9, 0x020A, 0x01CA, 0x020B, 0x0927, 0x0927, 0x01EA, 0x0370, 0x0948, 0x0947,
    0x0927, 0x024B, 0x032F, 0x024C, 0x01A9, 0x0168, 0x0AED, 0x7BCA, 0x30E2, 0x1040, 0x0000, 0x1881, 0xA367, 0xEDAE, 0xEDEF, 0x8B27,
    0x2081, 0x1040, 0x1925, 0x21A7, 0x0082, 0x0861, 0x28C1, 0xCCCC, 0xF5EF, 0xED8E, 0x8328, 0x2944, 0x18A2, 0x21A6, 0x0B0D, 0x02CD,
    0x026C, 0x026C, 0x024C, 0x024C, 0x022B, 0x0370, 0x024B, 0x0927, 0x0947, 0x032E, 0x020A, 0x01EA, 0x02AD, 0x0148, 0x1B0D, 0x7307,
    0x30E2, 0x20A2, 0x0000, 0x1061, 0xAC8B, 0xF630, 0xBC4A, 0x3902, 0x2081, 0x10A2, 0x2965, 0x2923, 0x52CA, 0x3A08, 0x30E1, 0xD50D,
    0xFE51, 0xDD6E, 0x39A5, 0x10E4, 0x08A3, 0x1965, 0x29E6, 0x0B8F, 0x028D, 0x022B, 0x024B, 0x024C, 0x022B, 0x02AD, 0x034F, 0x0947,
    0x01C9, 0x032F, 0x0947, 0x01A9, 0x026C, 0x0147, 0x12CC, 0x72E7, 0x4143, 0x20A2, 0x0000, 0x4205, 0xEE52, 0xF5EF, 0xDD6E, 0x8B69,
    0x4164, 0x3103, 0x2984, 0x4A06, 0x83EE, 0x3965, 0x59E4, 0xEE11, 0xFF36, 0xEE73, 0x5B8C, 0x2985, 0x42CB, 0x0166, 0x0861, 0x1AAA,
    0x024C, 0x028D, 0x02EE, 0x02EE, 0x01A9, 0x01A9, 0x0370, 0x01C9, 0x028C, 0x02AD, 0x0947, 0x024C, 0x01C9, 0x0927, 0x028C, 0x5309,
    0x59C4, 0x30E2, 0x0841, 0x9C6D, 0xEDCF, 0xE56E, 0xFEB4, 0xF6F6, 0xBD0F, 0x6A67, 0x3923, 0x3123, 0x3923, 0x6246, 0xD612, 0xFF57,
    0xD5F3, 0x8BCC, 0x52E9, 0x3AAA, 0x29C7, 0x0A08, 0x08C3, 0x12AB, 0x032F, 0x032F, 0x022B, 0x022B, 0x028C, 0x0968, 0x02CD, 0x028C,
    0x034F, 0x02AD, 0x024C, 0x024C, 0x028C, 0x01EA, 0x01A9, 0x130D, 0x5225, 0x4942, 0x3143, 0xCDD1, 0xDD2D, 0xDD8F, 0xF6B5, 0xFF57,
    0xFF58, 0xEEB5, 0xC591, 0xACCE, 0xC52F, 0xEE94, 0xFF78, 0xFF78, 0x940C, 0x20C3, 0x20E3, 0x1925, 0x21C7, 0x432B, 0x12EB, 0x028C,
    0x020A, 0x020A, 0x01EA, 0x024B, 0x02CE, 0x01EA, 0x022B, 0x034F, 0x0390, 0x022B, 0x020B, 0x01EA, 0x022B, 0x0988, 0x0968, 0x020B,
    0x0AEC, 0x1965, 0x3164, 0xD5B0, 0xD50D, 0xDD90, 0xF674, 0xFED5, 0xFF16, 0xFF36, 0xE694, 0xAC8E, 0xD5B1, 0xF716, 0xFF57, 0xFF57,
    0xD5D2, 0x41A5, 0x1062, 0x31E7, 0x84B0, 0x8D11, 0x13F0, 0x0390, 0x034F, 0x030E, 0x02AD, 0x020B, 0x024B, 0x01EA, 0x01A9, 0x03B1,
    0x03B1, 0x020A, 0x020B, 0x01EA, 0x024C, 0x024B, 0x1A8A, 0x0A2A, 0x024C, 0x03B0, 0x12AA, 0xB4EE, 0xD50D, 0xCCED, 0xEDF1, 0xF673,
    0xFEB4, 0xFEB4, 0xF694, 0xEE94, 0xD5B1, 0xCD70, 0xD5D2, 0xDDF2, 0xD590, 0x8329, 0x5206, 0x8CF1, 0x8D73, 0x8553, 0x0B8E, 0x0619,
    0x073E, 0x06FD, 0x071D, 0x06BC, 0x0598, 0x02CE, 0x0189, 0x03B1, 0x03B1, 0x020B, 0x024C, 0x020B, 0x0948, 0x0A0A, 0x1A49, 0x02AD,
    0x02EE, 0x02EE, 0x02ED, 0x432A, 0xBCAB, 0xBC4B, 0xCD0E, 0xDDB0, 0xF653, 0xFE94, 0xFEB4, 0xFEB5, 0xFEB5, 0xEE74, 0xDDF2, 0xD591,
    0xCD4F, 0xAC4C, 0x638C, 0x6490, 0x94F1, 0x44D2, 0x03F0, 0x071D, 0x077F, 0x079F, 0x07BF, 0x073D, 0x0412, 0x01A9, 0x0968, 0x03D1,
    0x03B1, 0x01EA, 0x01EA, 0x022B, 0x022B, 0x0A0A, 0x1A29, 0x026C, 0x02AD, 0x0391, 0x0516, 0x05B7, 0x332A, 0x8307, 0xA389, 0xBC6C,
    0xCCEE, 0xD570, 0xDDB1, 0xE5D1, 0xE5D2, 0xE5F2, 0xE612, 0xEE33, 0xE613, 0xB571, 0x6D33, 0x74B2, 0x4491, 0x03AF, 0x0639, 0x075F,
    0x077F, 0x079F, 0x071D, 0x03F2, 0x01A9, 0x0948, 0x0968, 0x03B1, 0x03B1, 0x01CA, 0x020A, 0x026C, 0x024B, 0x022B, 0x1A29, 0x0A6C,
    0x03F2, 0x0D77, 0x24D2, 0x1B0B, 0x0145, 0x10A1, 0x5A04, 0x7AA6, 0x9B69, 0x9BCB, 0x9BEC, 0x9C0C, 0x9C0D, 0x940D, 0x8BCC, 0x7B6B,
    0x534C, 0x33D0, 0x2C31, 0x13F0, 0x030E, 0x0412, 0x06BC, 0x077F, 0x079F, 0x06DC, 0x0390, 0x0947, 0x024C, 0x024B, 0x0968, 0x03B1,
    0x03B1, 0x0188, 0x0927, 0x0988, 0x0A4B, 0x0A6B, 0x1A28, 0x0494, 0x1576, 0x4B09, 0x2923, 0x18A2, 0x0861, 0x0841, 0x72E6, 0x8AC6,
    0x9307, 0xAC0B, 0xBCAE, 0xAC6D, 0x9BED, 0x83AC, 0x632B, 0x4ACB, 0x32EC, 0x0AAC, 0x02AC, 0x022B, 0x02AD, 0x063A, 0x079F, 0x079F,
    0x06DC, 0x030E, 0x0968, 0x022B, 0x024C, 0x01C9, 0x0188, 0x03D1, 0x0370, 0x01EA, 0x0927, 0x0927, 0x09E9, 0x22CA, 0x1A8A, 0x0618,
    0x54D0, 0x72C7, 0x41C5, 0x4A06, 0x3164, 0x2103, 0x4A05, 0x82E6, 0x9B27, 0xD50D, 0xEDF1, 0xE5F2, 0xCD50, 0xB48E, 0x93EC, 0x734C,
    0x3BCF, 0x032D, 0x026C, 0x022B, 0x061A, 0x079F, 0x079F, 0x069C, 0x032F, 0x01A9, 0x020B, 0x030F, 0x020B, 0x01A9, 0x02AD, 0x0390,
    0x02EE, 0x026C, 0x0927, 0x01A9, 0x0BB0, 0x1AAA, 0x1A8A, 0x14B2, 0x5B4A, 0x41C6, 0x39A6, 0x41E6, 0x4207, 0x4A48, 0x4A49, 0x4207,
    0x49E6, 0x8328, 0xD570, 0xFEF5, 0xFEF5, 0xE612, 0xB4AE, 0x93ED, 0x4C50, 0x0186, 0x01A7, 0x0536, 0x077F, 0x079F, 0x06FD, 0x03B1,
    0x028D, 0x024B, 0x01CA, 0x01A9, 0x0189, 0x024C, 0x02CD, 0x02EE, 0x022B, 0x032E, 0x01A9, 0x04F5, 0x0E39, 0x1A69, 0x1228, 0x2AC9,
    0x39C6, 0x3165, 0x3985, 0x3985, 0x3164, 0x2104, 0x1925, 0x2166, 0x31C8, 0x31C7, 0x4207, 0x9C2D, 0xF694, 0xFF16, 0xEE53, 0xBCCF,
    0x6C90, 0x0166, 0x0021, 0x028B, 0x06BB, 0x071D, 0x03B1, 0x01A9, 0x024C, 0x022B, 0x02AD, 0x030F, 0x032F, 0x020B, 0x032F, 0x020B,
    0x0968, 0x0390, 0x04F6, 0x077F, 0x1534, 0x2165, 0x1124, 0x3226, 0x5267, 0x18E3, 0x2103, 0x3184, 0x3985, 0x39A6, 0x2104, 0x10A2,
    0x10C3, 0x1925, 0x2166, 0x2187, 0x6B2B, 0xE633, 0xFEF5, 0xEE33, 0xA510, 0x1A28, 0x0021, 0x0105, 0x0473, 0x04F6, 0x03D1, 0x0516,
    0x061A, 0x06BC, 0x071D, 0x0619, 0x0350, 0x01EA, 0x0370, 0x0968, 0x0927, 0x02CD, 0x05B9, 0x073F, 0x23CF, 0x2104, 0x2103, 0x5246,
    0x10A2, 0x3984, 0x5A87, 0x4A27, 0x39C7, 0x2125, 0x2124, 0x2965, 0x2125, 0x0862, 0x0041, 0x08A3, 0x1146, 0x5B4C, 0xDE12, 0xFED5,
    0xE612, 0x73AB, 0x0041, 0x00A4, 0x02CD, 0x05B7, 0x077F, 0x079F, 0x079F, 0x075E, 0x0598, 0x0350, 0x0188, 0x02AD, 0x02AD, 0x0927,
    0x0927, 0x0189, 0x04F6, 0x05FA, 0x3ACA, 0x2103, 0x2924, 0x2924, 0x3983, 0x6AE7, 0x49E6, 0x39A5, 0x39C7, 0x39E8, 0x2987, 0x10C3,
    0x3186, 0x1925, 0x10A3, 0x0041, 0x0082, 0x0967, 0x638C, 0xE612, 0xF673, 0xB48D, 0x10A2, 0x08E4, 0x0AAD, 0x05B8, 0x079F, 0x077F,
    0x075E, 0x05F9, 0x0391, 0x01CA, 0x0189, 0x0390, 0x0189, 0x0927, 0x0947, 0x0927, 0x02EE, 0x0BF1, 0x4A68, 0x39A6, 0x10A2, 0x20E2,
    0x41E5, 0x1904, 0x0925, 0x0966, 0x1105, 0x2945, 0x31C7, 0x2166, 0x2124, 0x39E7, 0x2966, 0x08A3, 0x0042, 0x0083, 0x0967, 0x6BAC,
    0xE5B1, 0x9BCB, 0x18C3, 0x19A8, 0x0187, 0x0493, 0x075E, 0x05F9, 0x0391, 0x020B, 0x02EE, 0x028C, 0x034F, 0x02AD, 0x0927, 0x0947,
    0x0947, 0x0927, 0x0168, 0x13B0, 0x3A68, 0x2945, 0x08A2, 0x3984, 0x31C6, 0x1209, 0x11E8, 0x09C8, 0x0A2A, 0x09A7, 0x1905, 0x2987,
    0x18E4, 0x3186, 0x18E4, 0x0882, 0x08A3, 0x0946, 0x00E5, 0x1145, 0x7B6B, 0x5A26, 0x1945, 0x0146, 0x00A3, 0x02AC, 0x0433, 0x022B,
    0x02AD, 0x022B, 0x026C, 0x02AD, 0x0390, 0x0968, 0x0947, 0x0947, 0x0947, 0x0947, 0x0927, 0x022B, 0x1BAF, 0x2165, 0x1082, 0x3185,
    0x1A2A, 0x0A09, 0x0B2D, 0x0431, 0x0BF0, 0x0A6A, 0x0946, 0x2125, 0x10E4, 0x2965, 0x3185, 0x2124, 0x18E4, 0x0987, 0x01A7, 0x08A3,
    0x2185, 0x2924, 0x08C4, 0x0145, 0x08A3, 0x0167, 0x02AC, 0x020A, 0x030F, 0x02EE, 0x026C, 0x03B1, 0x01EA, 0x0927, 0x0947, 0x0947,
    0x0947, 0x0947, 0x0947, 0x0927, 0x02AD, 0x0ACC, 0x0862, 0x29C6, 0x09A8, 0x0A8B, 0x04D4, 0x065A, 0x0ACB, 0x0905, 0x0A09, 0x10C3,
    0x10E4, 0x18E3, 0x2924, 0x2145, 0x10C3, 0x0926, 0x0A29, 0x10E4, 0x18E4, 0x29A6, 0x00C4, 0x01C8, 0x0083, 0x0946, 0x024B, 0x028D,
    0x022B, 0x01CA, 0x0390, 0x028C, 0x0927, 0x0947, 0x0947, 0x0947, 0x0947, 0x0947, 0x0947, 0x0947, 0x0947, 0x02EE, 0x12CB, 0x2208,
    0x0905, 0x0A09, 0x0535, 0x038F, 0x0A8B, 0x0946, 0x0A09, 0x08A3, 0x08A3, 0x1082, 0x39E7, 0x31C7, 0x2166, 0x0925, 0x09E8, 0x1105,
    0x10C3, 0x31A6, 0x0905, 0x034F, 0x0146, 0x00E4, 0x01A8, 0x0350, 0x024B, 0x034F, 0x02CD, 0x0927, 0x0947, 0x0947, 0x0947, 0x0947,
    0x0947, 0x0947, 0x0947, 0x0947, 0x0947, 0x0947, 0x0AED, 0x0B90, 0x01C9, 0x0536, 0x05D8, 0x0556, 0x032D, 0x0926, 0x09C9, 0x08A3,
    0x0862, 0x0021, 0x2986, 0x2A08, 0x1209, 0x0125, 0x026B, 0x08E5, 0x18E4, 0x31A6, 0x10E4, 0x09C8, 0x0105, 0x0082, 0x00A4, 0x030E,
    0x03F1, 0x02AD, 0x0947, 0x0947, 0x0947, 0x0947, 0x0947, 0x0947, 0x0947, 0x0947, 0x0947, 0x0947, 0x0947, 0x0947, 0x0947, 0x026C,
    0x03D1, 0x02CC, 0x0145, 0x08E4, 0x08C4, 0x09A9, 0x1126, 0x08A3, 0x0021, 0x1061, 0x2965, 0x224A, 0x136F, 0x0146, 0x024A, 0x08C4,
    0x1904, 0x2124, 0x10C4, 0x08C4, 0x0083, 0x0021, 0x01A7, 0x03B0, 0x026C, 0x0927, 0x0947, 0x0947, 0x0947, 0x0947, 0x0947, 0x0947,
    0x0947, 0x0947, 0x0947, 0x0947, 0x0947, 0x0947, 0x0947, 0x0927, 0x01EA, 0x034F, 0x02CC, 0x01C9, 0x0188, 0x0926, 0x10E4, 0x0883,
    0x0021, 0x18C3, 0x2124, 0x21A7, 0x12ED, 0x0925, 0x00C4, 0x08E4, 0x10A3, 0x2965, 0x08A3, 0x0883, 0x0125, 0x02AC, 0x034F, 0x01C9,
    0x0927, 0x0947, 0x0947, 0x0947, 0x0947, 0x0947, 0x0947, 0x0947, 0x0947, 0x0947, 0x0947, 0x0947, 0x0947, 0x0947, 0x0947, 0x0947,
    0x0927, 0x0948, 0x026C, 0x0390, 0x02ED, 0x09A7, 0x08E4, 0x0062, 0x0021, 0x0862, 0x10A2, 0x2945, 0x1925, 0x10E5, 0x00C4, 0x0883,
    0x0882, 0x2165, 0x0187, 0x02EC, 0x036F, 0x024B, 0x0948, 0x0927, 0x0947, 0x0947, 0x0947, 0x0947, 0x0947, 0x0947, 0x0947, 0x0947,
    0x0947, 0x0947, 0x0947, 0x0947, 0x0947, 0x0947, 0x0947, 0x0947, 0x0947, 0x0947, 0x0927, 0x0968, 0x024B, 0x032E, 0x034E, 0x02AC,
    0x01E8, 0x0166, 0x0104, 0x0904, 0x00E4, 0x0105, 0x0187, 0x0229, 0x02CC, 0x0B8F, 0x032E, 0x022B, 0x0948, 0x0927, 0x0947, 0x0947,
    0x0947, 0x0947, 0x0947, 0x0947, 0x0947, 0x0947, 0x0947, 0x0947, 0x0947, 0x0947, 0x0947, 0x0947, 0x0947, 0x0947, 0x0947, 0x0947,
    0x0947, 0x0947, 0x0947, 0x0947, 0x0927, 0x0927, 0x0189, 0x024B, 0x02CD, 0x032F, 0x036F, 0x036F, 0x036F, 0x036F, 0x032F, 0x02CD,
    0x022B, 0x0189, 0x0927, 0x0927, 0x0947, 0x0947, 0x0947, 0x0947, 0x0947, 0x0947, 0x0947, 0x0947, 0x0947, 0x0947, 0x0947, 0x0947,
};

// "Tail-pulse" boot animation, 6 frames sampled from
// zetascrub_tail_pulse_boot.gif, cropped to the mascot+glowing-tail portion and
// flattened onto the brand navy background.
static const uint16_t kBootFrameWidth = 64;
static const uint16_t kBootFrameHeight = 98;
static const uint16_t kBootFrameCount = 6;
static const uint16_t kBootFrame0[64 * 98] PROGMEM = {
    0x0021, 0x0021, 0x0021, 0x0041, 0x0021, 0x0021, 0x0021, 0x0021, 0x0021, 0x0021, 0x0021, 0x0021, 0x0021, 0x0021, 0x0021, 0x0021,
    0x0021, 0x0021, 0x0021, 0x0021, 0x0021, 0x0021, 0x0021, 0x0021, 0x0021, 0x0021, 0x0021, 0x0021, 0x0021, 0x0021, 0x0021, 0x0021,
    0x0021, 0x0021, 0x0021, 0x0021, 0x0021, 0x0021, 0x0021, 0x0021, 0x0021, 0x0021, 0x0021, 0x0021, 0x0021, 0x0021, 0x0021, 0x0021,
    0x0021, 0x0021, 0x0021, 0x0021, 0x0021, 0x0021, 0x0021, 0x0041, 0x0021, 0x0021, 0x0021, 0x0021, 0x0021, 0x0021, 0x0021, 0x0021,
    0x0021, 0x0021, 0x0021, 0x0041, 0x0041, 0x0041, 0x0021, 0x0021, 0x0021, 0x0021, 0x0021, 0x0021, 0x0021, 0x0021, 0x0021, 0x0021,
    0x0041, 0x0021, 0x0021, 0x0021, 0x0021, 0x0021, 0x0021, 0x0021, 0x0021, 0x0021, 0x0021, 0x0021, 0x0021, 0x0021, 0x0021, 0x0021,
    0x0021, 0x0021, 0x0021, 0x0021, 0x0021, 0x0021, 0x0021, 0x0021, 0x0021, 0x0021, 0x0021, 0x0021, 0x0021, 0x0021, 0x0021, 0x0041,
    0x0041, 0x0041, 0x0041, 0x0041, 0x0041, 0x0082, 0x01A7, 0x00C3, 0x0062, 0x0082, 0x0041, 0x0021, 0x0021, 0x0021, 0x0021, 0x0021,
    0x0021, 0x0021, 0x0041, 0x0021, 0x0021, 0x0021, 0x0021, 0x0021, 0x0021, 0x0041, 0x0041, 0x0021, 0x0021, 0x0021, 0x0021, 0x0021,
    0x0021, 0x0021, 0x0021, 0x0021, 0x0021, 0x0021, 0x0021, 0x0021, 0x0021, 0x0021, 0x0021, 0x0021, 0x0021, 0x0021, 0x0021, 0x0021,
    0x0021, 0x0021, 0x0021, 0x0021, 0x0021, 0x0021, 0x0021, 0x0021, 0x0021, 0x0021, 0x0021, 0x0021, 0x0041, 0x0062, 0x0062, 0x0041,
    0x0082, 0x00C4, 0x0166, 0x022A, 0x02EC, 0x0229, 0x032E, 0x04D5, 0x026B, 0x028C, 0x0166, 0x0061, 0x0041, 0x0021, 0x0021, 0x0021,
    0x0041, 0x0021, 0x0041, 0x0041, 0x0021, 0x0021, 0x0021, 0x0021, 0x0021, 0x0021, 0x0021, 0x0021, 0x0041, 0x0041, 0x0021, 0x0021,
    0x0021, 0x0021, 0x0021, 0x0021, 0x0021, 0x0021, 0x0021, 0x0021, 0x0021, 0x0021, 0x0021, 0x0021, 0x0021, 0x0021, 0x0021, 0x0021,
    0x0021, 0x0021, 0x0021, 0x0021, 0x0021, 0x0021, 0x0021, 0x0021, 0x0021, 0x0021, 0x0041, 0x0041, 0x0041, 0x0125, 0x038F, 0x0412,
    0x0453, 0x04F5, 0x0578, 0x0515, 0x0598, 0x05FA, 0x04D5, 0x061A, 0x05FA, 0x0599, 0x0598, 0x02CD, 0x00C3, 0x0041, 0x0021, 0x0021,
    0x0021, 0x0021, 0x0021, 0x0041, 0x0041, 0x0082, 0x0041, 0x0041, 0x0041, 0x0021, 0x0021, 0x0021, 0x0021, 0x0041, 0x0021, 0x0021,
    0x0021, 0x0021, 0x0021, 0x0021, 0x0021, 0x0021, 0x0021, 0x0021, 0x0021, 0x0021, 0x0021, 0x0021, 0x0021, 0x0021, 0x0021, 0x0021,
    0x0021, 0x0021, 0x0021, 0x0021, 0x0021, 0x0021, 0x0021, 0x0041, 0x0041, 0x0041, 0x0041, 0x00C3, 0x02ED, 0x0474, 0x04D5, 0x0453,
    0x024A, 0x01C7, 0x09C7, 0x0924, 0x1103, 0x11A6, 0x0945, 0x0965, 0x01C8, 0x03D1, 0x0578, 0x065C, 0x03B0, 0x00E4, 0x0041, 0x0021,
    0x0041, 0x0041, 0x0021, 0x0021, 0x0021, 0x0021, 0x0021, 0x0041, 0x0041, 0x0021, 0x0021, 0x0021, 0x0021, 0x0041, 0x0021, 0x0021,
    0x0041, 0x0021, 0x0021, 0x0021, 0x0021, 0x0021, 0x0021, 0x0021, 0x0041, 0x0021, 0x0021, 0x0021, 0x0021, 0x0021, 0x0021, 0x0021,
    0x0021, 0x0021, 0x0021, 0x0021, 0x0021, 0x0021, 0x0041, 0x0041, 0x0082, 0x0166, 0x032E, 0x04B4, 0x04B4, 0x034F, 0x0925, 0x2103,
    0x49C4, 0x59E3, 0x6A44, 0x51A3, 0x4983, 0x4184, 0x49A4, 0x51E4, 0x4142, 0x3102, 0x08E3, 0x030D, 0x04F6, 0x0453, 0x0126, 0x0041,
    0x0062, 0x0062, 0x0062, 0x0062, 0x0061, 0x0041, 0x0041, 0x0021, 0x0021, 0x0021, 0x0021, 0x0021, 0x0021, 0x0041, 0x0021, 0x0021,
    0x0041, 0x0021, 0x0021, 0x0021, 0x0021, 0x0021, 0x0021, 0x0021, 0x0041, 0x0041, 0x0021, 0x0021, 0x0021, 0x0021, 0x0021, 0x0021,
    0x0021, 0x0021, 0x0021, 0x0041, 0x0041, 0x0041, 0x0041, 0x0041, 0x01C8, 0x0557, 0x04F6, 0x024A, 0x10E3, 0x5245, 0x8348, 0xA3C8,
    0x9B46, 0x6A45, 0x4184, 0x3185, 0x3A49, 0x3249, 0x324A, 0x2209, 0x3207, 0x6245, 0x6A24, 0x28C1, 0x0904, 0x036F, 0x03D1, 0x024A,
    0x0021, 0x0021, 0x0021, 0x0041, 0x0041, 0x0062, 0x0062, 0x0062, 0x0041, 0x0061, 0x0062, 0x0021, 0x0041, 0x0041, 0x0021, 0x0021,
    0x0041, 0x0021, 0x0021, 0x0021, 0x0021, 0x0021, 0x0021, 0x0021, 0x0061, 0x0041, 0x0021, 0x0021, 0x0021, 0x0021, 0x0021, 0x0021,
    0x0021, 0x0021, 0x0041, 0x0041, 0x0041, 0x0061, 0x0862, 0x01C8, 0x0494, 0x036F, 0x08C3, 0x49E5, 0xA42A, 0xC48A, 0xBBE7, 0x92E5,
    0x6245, 0x62A8, 0x4A69, 0x2A6A, 0x1209, 0x026C, 0x028D, 0x0A4C, 0x120A, 0x19E8, 0x5205, 0x92C5, 0x59A2, 0x28E2, 0x0966, 0x02ED,
    0x0062, 0x0062, 0x0062, 0x0062, 0x0041, 0x0021, 0x0021, 0x0041, 0x0041, 0x0062, 0x00A3, 0x0021, 0x0041, 0x0062, 0x0062, 0x0062,
    0x0041, 0x0021, 0x0021, 0x0021, 0x0021, 0x0021, 0x0021, 0x0041, 0x0062, 0x0041, 0x0021, 0x0021, 0x0021, 0x0021, 0x0021, 0x0021,
    0x0041, 0x0041, 0x0041, 0x0041, 0x0061, 0x0882, 0x02AC, 0x0537, 0x028B, 0x2103, 0x8BC9, 0xC48A, 0xC428, 0x92E5, 0x59E4, 0x4183,
    0x7B49, 0x5267, 0x2A6A, 0x02ED, 0x0538, 0x0E3C, 0x05FB, 0x04F7, 0x02EF, 0x0A0B, 0x1209, 0x6224, 0x9B05, 0x8AC5, 0x5A87, 0x1986,
    0x0041, 0x0041, 0x0041, 0x0061, 0x0061, 0x0061, 0x0062, 0x0062, 0x0041, 0x0021, 0x0021, 0x0021, 0x0041, 0x0062, 0x0083, 0x00A3,
    0x0061, 0x0021, 0x0021, 0x0021, 0x0021, 0x0021, 0x0021, 0x0041, 0x0882, 0x0041, 0x0021, 0x0021, 0x0021, 0x0021, 0x0041, 0x0041,
    0x0041, 0x0061, 0x0862, 0x0862, 0x0862, 0x08E4, 0x04D5, 0x038F, 0x18E3, 0x93E9, 0xBC49, 0xA346, 0x7244, 0x49E5, 0x2944, 0x39A5,
    0x4A06, 0x4269, 0x12ED, 0x0E3B, 0x2F9F, 0x57BF, 0x5FBF, 0x375F, 0x15BB, 0x02EF, 0x120A, 0x29C6, 0x9AE5, 0xA346, 0x8AC5, 0x6266,
    0x0082, 0x0082, 0x0082, 0x0062, 0x0061, 0x0041, 0x0041, 0x0041, 0x0041, 0x0041, 0x0021, 0x0021, 0x0041, 0x0062, 0x0041, 0x0041,
    0x0041, 0x0021, 0x0021, 0x0021, 0x0021, 0x0021, 0x0021, 0x0041, 0x0882, 0x0041, 0x0021, 0x0021, 0x0021, 0x0021, 0x0041, 0x0061,
    0x0062, 0x08C3, 0x0987, 0x02CD, 0x026B, 0x030E, 0x0473, 0x08E3, 0x6AA6, 0x9306, 0x6A23, 0x51E4, 0x41C5, 0x3184, 0x10C2, 0x3164,
    0x3144, 0x3A49, 0x0C74, 0x2F7F, 0x67BF, 0x97BF, 0x8FBF, 0x6FBF, 0x371E, 0x0496, 0x0A0A, 0x1A29, 0x6224, 0x92C5, 0x9AE5, 0x8AA4,
    0x0041, 0x0041, 0x0061, 0x0062, 0x0062, 0x0082, 0x0082, 0x0062, 0x0062, 0x0061, 0x0041, 0x0041, 0x0062, 0x0062, 0x0041, 0x0041,
    0x0041, 0x0021, 0x0021, 0x0021, 0x0021, 0x0021, 0x0021, 0x0041, 0x0061, 0x0041, 0x0021, 0x0021, 0x0021, 0x0041, 0x0061, 0x0882,
    0x028B, 0x04F6, 0x0453, 0x03D1, 0x02AC, 0x02ED, 0x0187, 0x20C1, 0x51C3, 0x41A4, 0x39C5, 0x2944, 0x10A2, 0x2103, 0x0882, 0x10A2,
    0x18E3, 0x3A8A, 0x0D15, 0x47BF, 0x8FBF, 0x77BF, 0x57BF, 0x379F, 0x277F, 0x0D9A, 0x0A6C, 0x224A, 0x10E3, 0x41C5, 0x4A05, 0x51A3,
    0x00A3, 0x0083, 0x0082, 0x0062, 0x0062, 0x0061, 0x0041, 0x0061, 0x0062, 0x0062, 0x0082, 0x0041, 0x0062, 0x0082, 0x0041, 0x0041,
    0x0041, 0x0021, 0x0021, 0x0021, 0x0021, 0x0021, 0x0021, 0x0021, 0x0041, 0x0021, 0x0021, 0x0041, 0x0041, 0x0041, 0x08A3, 0x02AC,
    0x0432, 0x026A, 0x29A5, 0x62A7, 0x72E7, 0x7B48, 0x4A05, 0x20C2, 0x2102, 0x18E3, 0x10A2, 0x18C2, 0x10A2, 0x10C3, 0x0882, 0x0882,
    0x10C2, 0x3A49, 0x0C52, 0x1F7F, 0x4F9F, 0x2F9F, 0x279F, 0x0F7F, 0x1F5F, 0x15BA, 0x128C, 0x2A29, 0x08A3, 0x31A6, 0x31E7, 0x08E4,
    0x0061, 0x0062, 0x0082, 0x00A3, 0x00A3, 0x00A3, 0x00A3, 0x0083, 0x0082, 0x0062, 0x0062, 0x0041, 0x0062, 0x0062, 0x0041, 0x0041,
    0x0041, 0x0021, 0x0021, 0x0021, 0x0021, 0x0041, 0x0041, 0x0021, 0x0021, 0x0021, 0x0021, 0x0041, 0x0041, 0x0862, 0x028C, 0x03F2,
    0x1986, 0x7307, 0x9368, 0x82E6, 0x8AE6, 0xA387, 0xC46A, 0xA409, 0x3164, 0x0041, 0x0861, 0x10A2, 0x0882, 0x10A2, 0x0861, 0x0061,
    0x0882, 0x2986, 0x1AED, 0x05FA, 0x0F1F, 0x175F, 0x175F, 0x0F3F, 0x273F, 0x0CD7, 0x228C, 0x21C8, 0x0062, 0x2965, 0x39C6, 0x10C3,
    0x0041, 0x0041, 0x0062, 0x0082, 0x0862, 0x0882, 0x0882, 0x0082, 0x0082, 0x0882, 0x0082, 0x0041, 0x0062, 0x0062, 0x0041, 0x0041,
    0x0061, 0x0021, 0x0041, 0x0041, 0x0041, 0x0041, 0x0041, 0x0021, 0x0021, 0x0021, 0x0041, 0x0041, 0x0041, 0x0125, 0x0453, 0x11A7,
    0x7B07, 0x7A85, 0x30E1, 0x1860, 0x1860, 0x38E1, 0x7203, 0xC428, 0xABE8, 0x20C1, 0x0021, 0x0841, 0x1061, 0x0861, 0x0041, 0x0041,
    0x0062, 0x10A2, 0x29E8, 0x0B6F, 0x05BA, 0x069E, 0x06DE, 0x1F1E, 0x261B, 0x134F, 0x328B, 0x0905, 0x0882, 0x29A6, 0x31C7, 0x10E3,
    0x0061, 0x0041, 0x00A3, 0x00C4, 0x0862, 0x00C4, 0x00E5, 0x0862, 0x0062, 0x0082, 0x0041, 0x0041, 0x0062, 0x0082, 0x0041, 0x0061,
    0x0061, 0x0021, 0x0041, 0x0061, 0x0041, 0x0041, 0x0021, 0x0021, 0x0021, 0x0041, 0x0041, 0x0041, 0x0062, 0x02CC, 0x02AC, 0x5225,
    0x6A44, 0x1060, 0x0020, 0x0021, 0x0021, 0x0840, 0x28A0, 0x7223, 0xCC08, 0x7A64, 0x28C1, 0x61C3, 0x7A43, 0x6A03, 0x59A2, 0x3102,
    0x0062, 0x0082, 0x1146, 0x2229, 0x1AED, 0x0C53, 0x1516, 0x1C33, 0x230D, 0x2A8A, 0x11A7, 0x0861, 0x18A1, 0x1881, 0x0882, 0x00A3,
    0x0041, 0x0041, 0x0062, 0x0082, 0x0062, 0x00E4, 0x0126, 0x0862, 0x00A3, 0x0105, 0x0061, 0x0041, 0x0062, 0x0082, 0x0041, 0x0061,
    0x0041, 0x0021, 0x0041, 0x0041, 0x0041, 0x0021, 0x0021, 0x0021, 0x0041, 0x0041, 0x0041, 0x0041, 0x00C4, 0x03D1, 0x11C7, 0x6A85,
    0x28A1, 0x0020, 0x0020, 0x0020, 0x0021, 0x0021, 0x0840, 0x30E1, 0x92C4, 0xA325, 0xAB66, 0xD489, 0xD489, 0xCC69, 0xCC69, 0x9B67,
    0x2923, 0x00E5, 0x0147, 0x0988, 0x1A6B, 0x226A, 0x2A8B, 0x326A, 0x2A8A, 0x09E9, 0x08E3, 0x3901, 0x61A2, 0x5982, 0x3901, 0x0861,
    0x0041, 0x0041, 0x0062, 0x0082, 0x0061, 0x0882, 0x0083, 0x0061, 0x0082, 0x00A3, 0x0061, 0x0061, 0x0082, 0x0082, 0x0061, 0x0062,
    0x0061, 0x0021, 0x0041, 0x0021, 0x0021, 0x0021, 0x0021, 0x0041, 0x0041, 0x0041, 0x0041, 0x0062, 0x08C3, 0x02CD, 0x2984, 0x5A04,
    0x1040, 0x1040, 0x1040, 0x0820, 0x0021, 0x0021, 0x0020, 0x2080, 0x71E2, 0xA304, 0xCC48, 0xDCCA, 0xDD0B, 0xDD0B, 0xEDCF, 0xEE52,
    0x9C0B, 0x2944, 0x00A3, 0x00C4, 0x0188, 0x0146, 0x0946, 0x0146, 0x0146, 0x1945, 0x4962, 0x92C5, 0xAB45, 0x92E5, 0x8AA4, 0x4122,
    0x0041, 0x0061, 0x0082, 0x0082, 0x0862, 0x0082, 0x0082, 0x0061, 0x0082, 0x0082, 0x0061, 0x0062, 0x0882, 0x0062, 0x0061, 0x0062,
    0x0061, 0x0021, 0x0041, 0x0021, 0x0021, 0x0041, 0x0021, 0x0041, 0x0061, 0x0041, 0x0041, 0x0061, 0x08E4, 0x0390, 0x31A5, 0x4963,
    0x1040, 0x1860, 0x1040, 0x0020, 0x0021, 0x0021, 0x0021, 0x1040, 0x5982, 0xB386, 0xD489, 0xDCAA, 0xDCEB, 0xE58E, 0xE5D0, 0xB48C,
    0x6A65, 0x20C1, 0x0820, 0x0041, 0x0062, 0x0041, 0x0861, 0x2923, 0x5A46, 0x9368, 0xA326, 0xC3E7, 0xBBE7, 0xB3A6, 0xBBA7, 0x92A4,
    0x0062, 0x0061, 0x0082, 0x0082, 0x0862, 0x0082, 0x0082, 0x0062, 0x0082, 0x0082, 0x0082, 0x0083, 0x0862, 0x0061, 0x0061, 0x0062,
    0x0061, 0x0021, 0x0041, 0x0021, 0x0021, 0x0041, 0x0021, 0x0041, 0x0061, 0x0041, 0x0041, 0x0061, 0x08C4, 0x0370, 0x2165, 0x4122,
    0x2060, 0x2060, 0x1040, 0x0840, 0x0021, 0x0021, 0x0021, 0x1881, 0x9B05, 0xCC48, 0xD489, 0xDCCA, 0xD4AA, 0xC46A, 0x6A66, 0x2081,
    0x1040, 0x0840, 0x0820, 0x0020, 0x0020, 0x0020, 0x0840, 0x59E4, 0xCD4F, 0xEE32, 0xCC8A, 0xCC69, 0xCC49, 0xC408, 0xC408, 0xB3A7,
    0x0062, 0x0062, 0x0082, 0x0082, 0x0862, 0x0082, 0x0083, 0x0862, 0x0082, 0x00A3, 0x0882, 0x0882, 0x0862, 0x0061, 0x0061, 0x0062,
    0x0062, 0x0041, 0x0041, 0x0021, 0x0021, 0x0041, 0x0041, 0x0041, 0x0061, 0x0041, 0x0041, 0x0061, 0x0882, 0x034F, 0x19A6, 0x4942,
    0x28A0, 0x2880, 0x1860, 0x0840, 0x0021, 0x0021, 0x1061, 0x8306, 0xD489, 0xD468, 0xD489, 0xD448, 0xAB46, 0x4942, 0x1860, 0x0840,
    0x0020, 0x0820, 0x1061, 0x1061, 0x0841, 0x0041, 0x0841, 0x1881, 0x93CA, 0xEE53, 0xDD0C, 0xD48A, 0xCC69, 0xCC49, 0xCC69, 0xD54E,
    0x0061, 0x0862, 0x0882, 0x00A3, 0x0862, 0x0882, 0x00A3, 0x0862, 0x0882, 0x00A3, 0x0882, 0x08A3, 0x00A3, 0x00A3, 0x0082, 0x0882,
    0x0041, 0x0041, 0x0041, 0x0021, 0x0041, 0x0041, 0x0021, 0x0041, 0x0061, 0x0041, 0x0041, 0x0061, 0x0862, 0x022B, 0x024B, 0x38E1,
    0x38C1, 0x30A1, 0x2080, 0x1040, 0x0020, 0x0841, 0x7B07, 0xDD2C, 0xD468, 0xD489, 0xD448, 0xA305, 0x4942, 0x1860, 0x1040, 0x0020,
    0x0020, 0x0841, 0x18C2, 0x18E3, 0x08A3, 0x0041, 0x0021, 0x0841, 0x3143, 0xC4AC, 0xD4AA, 0xD4AA, 0xCC49, 0xC429, 0xD4AB, 0xEE32,
    0x0082, 0x0082, 0x00C4, 0x00C4, 0x0882, 0x0883, 0x08A3, 0x0882, 0x0882, 0x00A3, 0x0082, 0x0082, 0x00C4, 0x00E4, 0x00E5, 0x00C4,
    0x0082, 0x0041, 0x0041, 0x0021, 0x0041, 0x0041, 0x0021, 0x0041, 0x0062, 0x0041, 0x0041, 0x0041, 0x0862, 0x08E4, 0x030F, 0x1924,
    0x38C1, 0x40E1, 0x30C1, 0x1060, 0x0020, 0x49E4, 0xD52C, 0xD448, 0xCC07, 0xD489, 0xD4AA, 0xAB46, 0x4921, 0x30C1, 0x1860, 0x0020,
    0x2123, 0x736C, 0x8C2F, 0x6B4C, 0x3A08, 0x10E3, 0x0021, 0x0820, 0x1061, 0x7AA6, 0xCC6A, 0xD4AB, 0xC449, 0xC449, 0xC48B, 0x93CA,
    0x00A3, 0x00C3, 0x0126, 0x0106, 0x0882, 0x08A3, 0x08A3, 0x0882, 0x0882, 0x00A3, 0x0082, 0x0082, 0x0882, 0x0882, 0x0882, 0x0082,
    0x0062, 0x0041, 0x0041, 0x0021, 0x0041, 0x0041, 0x0021, 0x0041, 0x0062, 0x0041, 0x0041, 0x0041, 0x0061, 0x0862, 0x01EA, 0x028D,
    0x18A2, 0x30C1, 0x38C1, 0x1860, 0x0861, 0x9BEA, 0xD4A9, 0xC3A6, 0xD448, 0xDCCA, 0xDCEB, 0xCC69, 0x8264, 0x3901, 0x28A1, 0x1040,
    0x734B, 0xB552, 0x842F, 0x6B4D, 0x1904, 0x29C7, 0x0041, 0x0840, 0x1881, 0x8AE6, 0xD4AB, 0xCCAB, 0xC46A, 0xC46A, 0x8B48, 0x18E3,
    0x0882, 0x0882, 0x08A3, 0x08A3, 0x0882, 0x08A3, 0x00A3, 0x0882, 0x0882, 0x00A3, 0x0082, 0x00A3, 0x0882, 0x0882, 0x0862, 0x0862,
    0x0061, 0x0041, 0x0041, 0x0021, 0x0041, 0x0041, 0x0021, 0x0041, 0x0062, 0x0041, 0x0041, 0x0041, 0x0061, 0x0862, 0x0882, 0x01EA,
    0x022B, 0x1082, 0x2080, 0x1040, 0x3163, 0xBC8A, 0xBBA6, 0xC407, 0xE54D, 0xEE31, 0xEE73, 0xEE32, 0xC46A, 0x5982, 0x30C1, 0x28A1,
    0x62A8, 0x5247, 0x1082, 0x10C3, 0x0146, 0x1966, 0x0882, 0x0840, 0x20A1, 0xABC8, 0xD4AA, 0xCC8A, 0xC46A, 0xBC6B, 0x5226, 0x0082,
    0x0082, 0x0882, 0x0882, 0x0882, 0x0882, 0x08A3, 0x00A3, 0x0882, 0x0882, 0x00A3, 0x00E4, 0x0106, 0x00A3, 0x00C3, 0x00A3, 0x00A3,
    0x0062, 0x0061, 0x0041, 0x0021, 0x0041, 0x0041, 0x0041, 0x0041, 0x0862, 0x0061, 0x0061, 0x0061, 0x0061, 0x0062, 0x0862, 0x08A3,
    0x01A8, 0x022B, 0x0105, 0x0041, 0x39A4, 0xC46A, 0xAB45, 0xD48A, 0xEE31, 0xF6B4, 0xF6D5, 0xF6F6, 0xF694, 0xBC8C, 0x59A3, 0x30E1,
    0x28C2, 0x28E2, 0x0840, 0x0062, 0x1104, 0x10C3, 0x1881, 0x1840, 0x4122, 0xC449, 0xDD0B, 0xDCEB, 0xD48A, 0xAC2B, 0x1924, 0x29A6,
    0x00E4, 0x00C3, 0x00A3, 0x0882, 0x0882, 0x08A3, 0x08A3, 0x0882, 0x08A3, 0x00C3, 0x08C3, 0x00C4, 0x0882, 0x0882, 0x0882, 0x0882,
    0x0061, 0x0041, 0x0041, 0x0021, 0x0041, 0x0041, 0x0041, 0x0062, 0x0882, 0x0966, 0x0187, 0x00C3, 0x0062, 0x0062, 0x0062, 0x0882,
    0x0882, 0x0105, 0x022B, 0x01EA, 0x41C4, 0xABE8, 0xA305, 0xD4EC, 0xEE73, 0xEE94, 0xF6D6, 0xF717, 0xF6F6, 0xF6D5, 0xBC8C, 0x5182,
    0x30C1, 0x28E2, 0x1881, 0x08A2, 0x2123, 0x1061, 0x2080, 0x4962, 0xABC8, 0xE54C, 0xEDAE, 0xED6D, 0xE50B, 0xB48D, 0x1104, 0x0882,
    0x0082, 0x0082, 0x00A3, 0x0882, 0x0882, 0x08A3, 0x08A3, 0x0882, 0x08A3, 0x00C4, 0x00C3, 0x08A3, 0x0882, 0x0862, 0x0862, 0x0862,
    0x0061, 0x0041, 0x0041, 0x0021, 0x0041, 0x0061, 0x0041, 0x0862, 0x0104, 0x1A28, 0x11A7, 0x0146, 0x0862, 0x0062, 0x0862, 0x0882,
    0x08A2, 0x08A3, 0x0126, 0x028D, 0x10E3, 0x9B87, 0x9B25, 0xBC8C, 0xE612, 0xEE94, 0xF6B5, 0xF6F6, 0xF6F7, 0xF717, 0xF694, 0xC4ED,
    0x82E7, 0x4142, 0x20A1, 0x2081, 0x28A1, 0x4122, 0x82C6, 0xD54E, 0xF673, 0xEDF0, 0xED6D, 0xE52C, 0xE4EB, 0xCD0D, 0x3A07, 0x0000,
    0x08C4, 0x08A3, 0x00E4, 0x08A3, 0x0882, 0x08A3, 0x08A3, 0x0882, 0x00C4, 0x0126, 0x00C4, 0x00C4, 0x00A3, 0x00C3, 0x0882, 0x0882,
    0x0061, 0x0041, 0x0041, 0x0021, 0x0041, 0x0061, 0x0041, 0x0862, 0x0125, 0x1A08, 0x1124, 0x0146, 0x0882, 0x0862, 0x0882, 0x0882,
    0x08A3, 0x08A3, 0x00C4, 0x02AE, 0x09E9, 0x49A3, 0x8AC4, 0x9BA9, 0xC550, 0xE633, 0xEE94, 0xEEB5, 0xF6F6, 0xF6F6, 0xF717, 0xF717,
    0xEE94, 0xCD70, 0xB4AD, 0xAC4B, 0xBC8C, 0xD52E, 0xEE73, 0xF6F5, 0xF6F6, 0xF6B4, 0xEDAE, 0xDD2C, 0xCC69, 0xDD0B, 0x9C4D, 0x1082,
    0x00C4, 0x00C4, 0x0147, 0x00E4, 0x0882, 0x08A3, 0x00C3, 0x0882, 0x08A3, 0x00C4, 0x0882, 0x0883, 0x0883, 0x08A3, 0x0882, 0x08A3,
    0x0062, 0x0061, 0x0041, 0x0021, 0x0041, 0x0061, 0x0041, 0x0862, 0x0125, 0x2269, 0x1945, 0x0167, 0x0882, 0x0882, 0x0882, 0x08A3,
    0x08A3, 0x00C3, 0x00C4, 0x0146, 0x028D, 0x08E4, 0x6A23, 0x8B27, 0x9C2D, 0xC570, 0xE633, 0xEE74, 0xEEB5, 0xF6D6, 0xF6F6, 0xF6F7,
    0xE6B6, 0xB551, 0xC592, 0xF6F6, 0xF6F6, 0xF6F6, 0xF717, 0xF738, 0xFF59, 0xEEF6, 0x9C0B, 0x49E4, 0x3963, 0x51E4, 0x8BCC, 0x634C,
    0x08A3, 0x0882, 0x08A3, 0x08A3, 0x0882, 0x08C3, 0x00C4, 0x0882, 0x00C4, 0x00E5, 0x0882, 0x0862, 0x0882, 0x08A3, 0x0882, 0x0882,
    0x0062, 0x0061, 0x0041, 0x0021, 0x0061, 0x0062, 0x0061, 0x0882, 0x0105, 0x1A08, 0x1124, 0x0187, 0x08A3, 0x08A3, 0x08A3, 0x00A3,
    0x00C4, 0x0126, 0x0167, 0x0188, 0x028D, 0x028D, 0x10A2, 0x5182, 0x8307, 0xA48E, 0xBD51, 0xD613, 0xEE95, 0xEEB5, 0xEED6, 0xF6F7,
    0xDE75, 0xA48F, 0x7B6B, 0xEEB5, 0xF6F6, 0xF738, 0xF738, 0xF759, 0xFF7A, 0xAD11, 0x51C4, 0x5A26, 0x3984, 0x1904, 0x21A7, 0x7C92,
    0x00E4, 0x00C4, 0x00E4, 0x00E4, 0x00C4, 0x0127, 0x0126, 0x08A3, 0x0105, 0x08C3, 0x0882, 0x0882, 0x0882, 0x08A3, 0x00A3, 0x0882,
    0x0062, 0x0061, 0x0061, 0x0041, 0x0061, 0x0862, 0x0062, 0x0882, 0x00E4, 0x11E7, 0x10E3, 0x0187, 0x08A3, 0x08A3, 0x00C4, 0x0147,
    0x022B, 0x024C, 0x01CA, 0x0188, 0x0126, 0x00E4, 0x0041, 0x1040, 0x30E1, 0x72E8, 0x9C6E, 0xAD10, 0xCDF3, 0xDE75, 0xE6B6, 0xEEB6,
    0xF6D6, 0xF717, 0xB552, 0xB510, 0xF717, 0xF738, 0xF739, 0xF759, 0xFF79, 0x944E, 0x18A2, 0x2103, 0x2924, 0x1125, 0x0946, 0x3B4E,
    0x0882, 0x0882, 0x0882, 0x0882, 0x08A3, 0x08C4, 0x00C4, 0x00C4, 0x00C4, 0x08A3, 0x00A3, 0x00C4, 0x00E4, 0x00C4, 0x00A3, 0x0882,
    0x0061, 0x0062, 0x0061, 0x0041, 0x0061, 0x0862, 0x0862, 0x0882, 0x00C4, 0x19E7, 0x2144, 0x0167, 0x00C4, 0x00E4, 0x01C9, 0x022B,
    0x01C9, 0x0946, 0x08A3, 0x0062, 0x0041, 0x0020, 0x0021, 0x28A1, 0x1880, 0x30E1, 0x6A87, 0x8C4E, 0x9CF2, 0xAD73, 0xC5F4, 0xDE76,
    0xE6B6, 0xEED7, 0xEEF7, 0xACF1, 0xB572, 0xEEF7, 0xF718, 0xF738, 0xFF59, 0xBD93, 0x2124, 0x0882, 0x08C3, 0x0105, 0x0987, 0x74B3,
    0x0882, 0x0882, 0x0882, 0x0882, 0x0882, 0x0882, 0x00A3, 0x00E5, 0x08A3, 0x0882, 0x08A3, 0x08A3, 0x08A3, 0x08A3, 0x08A3, 0x0882,
    0x0061, 0x0061, 0x0061, 0x0041, 0x0061, 0x0862, 0x0862, 0x0882, 0x00C4, 0x19E7, 0x1903, 0x0167, 0x00E4, 0x01EA, 0x0A2A, 0x1966,
    0x08C4, 0x0062, 0x0021, 0x0041, 0x0881, 0x0861, 0x0841, 0x30E1, 0x30C1, 0x40E1, 0x4962, 0x6287, 0x7BCC, 0x8C91, 0x8D33, 0xA5B5,
    0xC615, 0xD656, 0xE6B6, 0xE6B7, 0xA532, 0x9513, 0xC677, 0xDEF9, 0xE71A, 0xBEB9, 0x3C32, 0x0A2A, 0x01C9, 0x0ACD, 0x4C93, 0x7618,
    0x00C4, 0x08C4, 0x08C4, 0x08C4, 0x08C4, 0x08A3, 0x00A3, 0x00A3, 0x08A3, 0x0105, 0x08A3, 0x08A3, 0x08A3, 0x0882, 0x0882, 0x0882,
    0x0062, 0x0062, 0x0862, 0x0041, 0x0062, 0x0862, 0x0882, 0x08A3, 0x0105, 0x11E8, 0x18E3, 0x0187, 0x0147, 0x02CE, 0x2944, 0x10E3,
    0x0061, 0x0020, 0x2923, 0x41C4, 0x4A05, 0x41A4, 0x2103, 0x18C2, 0x1881, 0x30C1, 0x5982, 0x6A24, 0x7329, 0x83ED, 0x8470, 0x7CF3,
    0x7D55, 0x8DB6, 0xAE17, 0xCE77, 0xE6D7, 0xC615, 0x7D34, 0x6596, 0x5E39, 0x4E7B, 0x2DF9, 0x0C12, 0x1D36, 0x469C, 0x3E7B, 0x1DD8,
    0x08C3, 0x08C4, 0x00C4, 0x00E4, 0x00E4, 0x00E4, 0x00C4, 0x00C4, 0x00E4, 0x0147, 0x0105, 0x0126, 0x0105, 0x00C4, 0x0882, 0x0882,
    0x0062, 0x0862, 0x0862, 0x0041, 0x0062, 0x0882, 0x0882, 0x00C4, 0x020A, 0x19C7, 0x0882, 0x0167, 0x01C9, 0x024C, 0x28E2, 0x18C2,
    0x3184, 0x4A06, 0x41C5, 0x3964, 0x2903, 0x2902, 0x18C2, 0x2103, 0x2103, 0x18C2, 0x28E1, 0x59C3, 0x8B48, 0x940D, 0x946E, 0x8C70,
    0x7492, 0x6515, 0x65B8, 0x6E39, 0x8E9A, 0xBEDA, 0xCEFA, 0xB699, 0x8E18, 0x6619, 0x35D8, 0x2557, 0x1DF9, 0x1DD8, 0x0CB4, 0x036F,
    0x0882, 0x08A3, 0x08A3, 0x00A3, 0x08A3, 0x08A3, 0x0882, 0x08A2, 0x08A3, 0x08C3, 0x08A3, 0x08A3, 0x00A3, 0x00A3, 0x0882, 0x0882,
    0x0062, 0x0882, 0x0882, 0x0041, 0x0862, 0x0882, 0x08A3, 0x09C8, 0x11E8, 0x2123, 0x0061, 0x01A8, 0x026D, 0x3227, 0x62A7, 0x5246,
    0x5267, 0x41E5, 0x3164, 0x3984, 0x4184, 0x49C5, 0x3164, 0x2103, 0x18C2, 0x20E3, 0x10C3, 0x18C2, 0x7265, 0xB44B, 0xB50F, 0xACCF,
    0x9490, 0x7CB1, 0x5CB3, 0x3CF6, 0x2D78, 0x363A, 0x5E9B, 0x7F1C, 0x7F5E, 0x775E, 0x56BC, 0x2CB4, 0x0B2E, 0x024B, 0x0188, 0x0126,
    0x0147, 0x0126, 0x0105, 0x0105, 0x00E5, 0x00E5, 0x08A3, 0x0882, 0x08A3, 0x08A3, 0x08A3, 0x0882, 0x0882, 0x0882, 0x0882, 0x0882,
    0x0062, 0x0882, 0x08A3, 0x0041, 0x0862, 0x0882, 0x00E4, 0x1A28, 0x2923, 0x2943, 0x0061, 0x0146, 0x4A88, 0x5A66, 0x2923, 0x10A2,
    0x0882, 0x0841, 0x0861, 0x0861, 0x10A2, 0x18E3, 0x2944, 0x2124, 0x2944, 0x20E3, 0x10A2, 0x0882, 0x10C2, 0x7AC6, 0xDDB0, 0xD5D2,
    0xBD71, 0xA4F1, 0x84D2, 0x5CD4, 0x3473, 0x2C53, 0x1C12, 0x0BF1, 0x0AEC, 0x128B, 0x0966, 0x0082, 0x00A3, 0x020B, 0x01A9, 0x0126,
    0x0147, 0x0106, 0x0105, 0x0106, 0x0126, 0x0147, 0x00A3, 0x08A3, 0x00E5, 0x00E4, 0x00E4, 0x00C4, 0x00C4, 0x00A3, 0x00A3, 0x0882,
    0x0062, 0x0082, 0x00A3, 0x0062, 0x0882, 0x08A3, 0x00E4, 0x19E7, 0x2923, 0x3163, 0x0061, 0x2923, 0x6287, 0x2103, 0x0882, 0x0841,
    0x0021, 0x0021, 0x0021, 0x0021, 0x0020, 0x0041, 0x0861, 0x10A2, 0x2104, 0x2944, 0x2103, 0x10A2, 0x0082, 0x18E3, 0xA3EA, 0xE633,
    0xE674, 0xD5F3, 0xAD52, 0x8D13, 0x6D14, 0x54D5, 0x2D16, 0x0B6F, 0x0021, 0x0000, 0x0020, 0x0082, 0x00C4, 0x01A8, 0x020A, 0x0188,
    0x0082, 0x0882, 0x08A3, 0x08A3, 0x08A3, 0x08A3, 0x0882, 0x08A3, 0x08A3, 0x0882, 0x0082, 0x0082, 0x0882, 0x0882, 0x0882, 0x0882,
    0x0862, 0x0082, 0x00A3, 0x0062, 0x0882, 0x08A3, 0x00E5, 0x19E8, 0x2923, 0x2923, 0x0841, 0x2943, 0x3144, 0x18C2, 0x0041, 0x0021,
    0x0021, 0x0021, 0x0041, 0x0041, 0x0021, 0x0021, 0x0021, 0x0020, 0x0041, 0x10A2, 0x18E3, 0x18E3, 0x10E3, 0x00C4, 0x3143, 0xCD0E,
    0xEEB5, 0xEEB6, 0xDE55, 0xBDB3, 0x9554, 0x7D55, 0x4577, 0x128B, 0x0020, 0x0021, 0x0082, 0x00A3, 0x0082, 0x01E9, 0x022B, 0x02CD,
    0x0083, 0x08A3, 0x08A3, 0x08A3, 0x08A3, 0x08A3, 0x08A3, 0x08A3, 0x0882, 0x0882, 0x0882, 0x0862, 0x0862, 0x0862, 0x0882, 0x0882,
    0x0062, 0x0083, 0x00A3, 0x0862, 0x0882, 0x08A3, 0x00E5, 0x11E8, 0x2943, 0x2902, 0x0041, 0x10A1, 0x10A2, 0x0041, 0x0021, 0x0021,
    0x0861, 0x20C2, 0x20E3, 0x2903, 0x2903, 0x20E2, 0x1081, 0x0021, 0x0021, 0x0021, 0x0861, 0x0882, 0x10A2, 0x1124, 0x0905, 0x6AC7,
    0xE633, 0xF6F7, 0xEEB6, 0xE675, 0xCE15, 0xADD5, 0x8575, 0x4289, 0x0021, 0x0041, 0x00A3, 0x00A3, 0x01A8, 0x0188, 0x01A8, 0x132E,
    0x08A3, 0x08C3, 0x08C4, 0x08C4, 0x00C4, 0x00C4, 0x00C4, 0x00C3, 0x00A3, 0x00A3, 0x00A3, 0x08A3, 0x0882, 0x0882, 0x0882, 0x08A3,
    0x0062, 0x0083, 0x00C4, 0x0882, 0x0882, 0x00A3, 0x0146, 0x09E8, 0x2103, 0x2943, 0x0041, 0x0841, 0x0841, 0x0021, 0x0021, 0x10A2,
    0x5A45, 0x5205, 0x5A05, 0x5205, 0x5205, 0x41A5, 0x3144, 0x18A2, 0x0021, 0x0021, 0x0021, 0x0021, 0x0041, 0x08C3, 0x0146, 0x09A8,
    0x7B6A, 0xE654, 0xEED6, 0xEED7, 0xE6B7, 0xD677, 0xA5B5, 0x4A89, 0x0041, 0x00A3, 0x00E5, 0x0167, 0x020A, 0x00A3, 0x01C9, 0x32AA,
    0x0041, 0x0041, 0x0061, 0x0062, 0x0061, 0x0041, 0x0041, 0x0061, 0x0062, 0x0062, 0x0041, 0x0061, 0x0061, 0x0062, 0x0062, 0x0882,
    0x0061, 0x00A3, 0x00C4, 0x0882, 0x0882, 0x00C4, 0x11E8, 0x31C5, 0x20C2, 0x18C2, 0x0041, 0x0841, 0x0041, 0x0041, 0x0020, 0x6AA6,
    0x93A9, 0x5A25, 0x5A05, 0x5205, 0x5206, 0x5226, 0x3984, 0x20E2, 0x0861, 0x0041, 0x20C2, 0x0861, 0x0021, 0x0041, 0x0082, 0x0146,
    0x09A8, 0x7B8B, 0xE675, 0xEED7, 0xEED7, 0xD697, 0xA5D6, 0x4A88, 0x0062, 0x00E4, 0x01A9, 0x0167, 0x0082, 0x00C3, 0x128B, 0x4268,
    0x0041, 0x0041, 0x0041, 0x0061, 0x0061, 0x0041, 0x0061, 0x0082, 0x0862, 0x0062, 0x0062, 0x0062, 0x0041, 0x0061, 0x0862, 0x0882,
    0x0882, 0x08A3, 0x00C4, 0x0882, 0x0882, 0x00E5, 0x21E8, 0x3163, 0x0841, 0x1061, 0x20C1, 0x1081, 0x0021, 0x0020, 0x2943, 0xB4AB,
    0x72A6, 0x49A4, 0x3123, 0x2103, 0x2123, 0x3144, 0x41C5, 0x3164, 0x1082, 0x0041, 0x2103, 0x2943, 0x10A2, 0x0041, 0x0041, 0x0062,
    0x0146, 0x09C8, 0x8C2D, 0xE696, 0xE6D8, 0xCE98, 0xA573, 0x39C5, 0x0082, 0x0147, 0x0147, 0x0062, 0x00A3, 0x0105, 0x1A6A, 0x3164,
    0x0041, 0x0041, 0x0041, 0x0061, 0x0061, 0x0041, 0x0062, 0x00C3, 0x08A3, 0x08A3, 0x08A3, 0x0082, 0x0041, 0x0062, 0x0882, 0x08A3,
    0x00C3, 0x08A3, 0x00A3, 0x0882, 0x0882, 0x00C4, 0x1187, 0x2943, 0x3184, 0x49E5, 0x2903, 0x10A2, 0x0021, 0x0020, 0x6AE7, 0xA3E9,
    0x4183, 0x31A5, 0x22CB, 0x1B0C, 0x1249, 0x1104, 0x2103, 0x41A5, 0x20E3, 0x0041, 0x0041, 0x3143, 0x39A5, 0x18E3, 0x0021, 0x0020,
    0x0041, 0x0167, 0x1A09, 0xA4B0, 0xD676, 0xC616, 0x83ED, 0x10C3, 0x0167, 0x0126, 0x0062, 0x00C4, 0x0126, 0x01A7, 0x2A07, 0x2103,
    0x0061, 0x0061, 0x0062, 0x0061, 0x0061, 0x0041, 0x0041, 0x00A3, 0x08A3, 0x08A3, 0x0882, 0x0862, 0x0041, 0x0061, 0x0862, 0x0882,
    0x08A3, 0x08A3, 0x0882, 0x0882, 0x08A3, 0x00E4, 0x0967, 0x5A66, 0x62C7, 0x3184, 0x2103, 0x1082, 0x0021, 0x0861, 0x9C2B, 0x7286,
    0x2923, 0x1A08, 0x1536, 0x0E9B, 0x0C32, 0x1104, 0x1082, 0x3144, 0x2924, 0x0861, 0x0020, 0x0861, 0x39A5, 0x2944, 0x0862, 0x0882,
    0x0041, 0x0041, 0x0126, 0x2A08, 0x9CD0, 0xA511, 0x4227, 0x0167, 0x00C4, 0x0041, 0x00C4, 0x0147, 0x0146, 0x1229, 0x4207, 0x2944,
    0x0041, 0x0041, 0x0041, 0x0041, 0x0041, 0x0041, 0x0041, 0x0041, 0x0061, 0x0041, 0x0041, 0x0041, 0x0041, 0x0041, 0x0041, 0x0061,
    0x0061, 0x0062, 0x0061, 0x0882, 0x08A3, 0x0105, 0x29E7, 0x6AA6, 0x2943, 0x2123, 0x18E3, 0x0861, 0x0021, 0x18C2, 0xA44B, 0x51E4,
    0x20E2, 0x1945, 0x136F, 0x0CF5, 0x11A7, 0x10C3, 0x0882, 0x18E3, 0x2944, 0x10A2, 0x0021, 0x0021, 0x0861, 0x2944, 0x3185, 0x1125,
    0x0083, 0x0041, 0x0021, 0x0146, 0x32AA, 0x5AC9, 0x1166, 0x00E4, 0x0021, 0x0082, 0x0167, 0x0147, 0x0167, 0x2269, 0x39A5, 0x2103,
    0x0021, 0x0021, 0x0021, 0x0021, 0x0021, 0x0021, 0x0021, 0x0021, 0x0021, 0x0021, 0x0021, 0x0021, 0x0021, 0x0021, 0x0021, 0x0041,
    0x0041, 0x0061, 0x0862, 0x0882, 0x08A3, 0x00E5, 0x29C6, 0x5A46, 0x5267, 0x4A26, 0x20E3, 0x0882, 0x0041, 0x3164, 0x9C0A, 0x3122,
    0x10A2, 0x1208, 0x0CB4, 0x0ACC, 0x1104, 0x10E3, 0x08A2, 0x18C3, 0x2944, 0x08A3, 0x0041, 0x0021, 0x0862, 0x0861, 0x1904, 0x1986,
    0x0926, 0x0905, 0x0083, 0x0062, 0x0926, 0x1925, 0x0126, 0x0041, 0x08C4, 0x00C4, 0x0146, 0x0126, 0x0A0A, 0x29C7, 0x2923, 0x10A2,
    0x0021, 0x0021, 0x0021, 0x0021, 0x0021, 0x0021, 0x0021, 0x0021, 0x0021, 0x0021, 0x0021, 0x0041, 0x0041, 0x0041, 0x0041, 0x0061,
    0x0061, 0x0882, 0x0882, 0x0882, 0x08A3, 0x00E4, 0x21A6, 0x5A86, 0x39E5, 0x3143, 0x18C2, 0x0882, 0x0041, 0x2943, 0x8369, 0x20C2,
    0x10A2, 0x0B6F, 0x0C93, 0x09A7, 0x0ACC, 0x0904, 0x08A2, 0x18E3, 0x2124, 0x08A3, 0x0062, 0x0021, 0x0882, 0x0861, 0x0021, 0x00A3,
    0x0125, 0x0966, 0x0905, 0x10C3, 0x0083, 0x0967, 0x00C3, 0x0083, 0x0905, 0x00C4, 0x00E5, 0x01C9, 0x12AC, 0x2944, 0x18E2, 0x0882,
    0x0041, 0x0041, 0x0061, 0x0061, 0x0041, 0x0021, 0x0021, 0x0021, 0x0041, 0x0041, 0x0041, 0x0041, 0x0041, 0x0061, 0x0062, 0x0062,
    0x0862, 0x0862, 0x0882, 0x0882, 0x0882, 0x00C4, 0x1986, 0x5A65, 0x3143, 0x3122, 0x18C2, 0x10A2, 0x0021, 0x3164, 0x9BEA, 0x3102,
    0x10A2, 0x09C8, 0x0CF5, 0x0D16, 0x0BB0, 0x08E3, 0x0882, 0x2923, 0x2944, 0x0904, 0x00A4, 0x0021, 0x0861, 0x0882, 0x08A3, 0x0083,
    0x0041, 0x0083, 0x0882, 0x29A6, 0x1104, 0x0126, 0x0105, 0x0146, 0x0126, 0x0105, 0x01A9, 0x024B, 0x2269, 0x3144, 0x18C2, 0x0882,
    0x0061, 0x0061, 0x0062, 0x0041, 0x0041, 0x0021, 0x0041, 0x0041, 0x0041, 0x0062, 0x0062, 0x0062, 0x0862, 0x0862, 0x0882, 0x0882,
    0x0882, 0x0882, 0x0882, 0x0862, 0x0882, 0x00A3, 0x1146, 0x5225, 0x2902, 0x3122, 0x18E2, 0x10A2, 0x0021, 0x3163, 0x93A9, 0x3943,
    0x1081, 0x08A2, 0x0A09, 0x0AAC, 0x0905, 0x0862, 0x18C2, 0x3144, 0x2924, 0x10E4, 0x0105, 0x0041, 0x0041, 0x10C3, 0x08E4, 0x00E4,
    0x00A3, 0x0125, 0x00C4, 0x19E9, 0x11C8, 0x00E5, 0x0987, 0x09A8, 0x01C9, 0x0A2A, 0x1B90, 0x1B0D, 0x31A6, 0x3165, 0x10A2, 0x0882,
    0x0021, 0x0021, 0x0021, 0x0021, 0x0021, 0x0041, 0x0041, 0x0062, 0x0082, 0x0882, 0x0882, 0x0882, 0x00A3, 0x08A3, 0x08A3, 0x08A3,
    0x08A3, 0x08A3, 0x0882, 0x0882, 0x0882, 0x00C4, 0x0925, 0x5225, 0x2103, 0x10C2, 0x1082, 0x0861, 0x0021, 0x1061, 0x8347, 0x51E4,
    0x28E2, 0x0882, 0x0862, 0x0861, 0x0861, 0x18C2, 0x2923, 0x2923, 0x18C2, 0x08A2, 0x0105, 0x0082, 0x0041, 0x0082, 0x00A3, 0x0105,
    0x0105, 0x0988, 0x0946, 0x19C8, 0x11A8, 0x0146, 0x01C9, 0x09C9, 0x332D, 0x74D3, 0x7D13, 0x42AA, 0x3165, 0x2103, 0x0882, 0x0882,
    0x0041, 0x0041, 0x0021, 0x0021, 0x0021, 0x0061, 0x0882, 0x00A3, 0x00A3, 0x00C4, 0x0105, 0x0146, 0x0188, 0x0987, 0x0987, 0x0967,
    0x0147, 0x0126, 0x08C4, 0x08A3, 0x08A3, 0x00E5, 0x2964, 0x20E2, 0x0861, 0x0861, 0x18A2, 0x0861, 0x0021, 0x0041, 0x8348, 0x6265,
    0x4184, 0x2903, 0x2903, 0x2903, 0x2943, 0x41C5, 0x49E6, 0x39A5, 0x2124, 0x1104, 0x0925, 0x00E5, 0x0021, 0x0062, 0x0083, 0x0105,
    0x0126, 0x0988, 0x0966, 0x1A4A, 0x09E8, 0x01E9, 0x09EA, 0x6BEE, 0xCDF2, 0xB592, 0x7B8B, 0x6AC7, 0x5A25, 0x28E2, 0x0862, 0x0882,
    0x0882, 0x0062, 0x0021, 0x0021, 0x0041, 0x0062, 0x08A3, 0x00C3, 0x0126, 0x0167, 0x0967, 0x3207, 0x5287, 0x7328, 0x8BEA, 0x7B69,
    0x5AA7, 0x21A6, 0x0126, 0x0105, 0x00C3, 0x0105, 0x3163, 0x3163, 0x3963, 0x20E2, 0x10C3, 0x0061, 0x0862, 0x0020, 0x5246, 0x8B48,
    0x2903, 0x3164, 0x3144, 0x2923, 0x41A5, 0x4A06, 0x49E6, 0x2964, 0x18C3, 0x18A2, 0x1903, 0x1187, 0x10A3, 0x10E3, 0x29E8, 0x1A29,
    0x128B, 0x128C, 0x128B, 0x3249, 0x1986, 0x0105, 0x6B29, 0xE58E, 0xED4C, 0xE54C, 0xE54C, 0xE52B, 0xD469, 0x8264, 0x18A1, 0x0862,
    0x0041, 0x0021, 0x0021, 0x0021, 0x0041, 0x0862, 0x08A3, 0x0167, 0x01C9, 0x29A6, 0x7B48, 0xD5AE, 0xF650, 0xF64F, 0xF60E, 0xEDAD,
    0xE56C, 0xC4EC, 0x72E7, 0x1925, 0x0105, 0x00E5, 0x3984, 0x41E5, 0x2103, 0x18E2, 0x0061, 0x0041, 0x10A2, 0x0021, 0x39A4, 0xA409,
    0x3963, 0x20E3, 0x18C2, 0x3144, 0x3985, 0x3985, 0x2903, 0x28E2, 0x7A64, 0xA367, 0xBC4A, 0xBC8B, 0x836A, 0x4228, 0x22CC, 0x0C94,
    0x3DF9, 0x1DB9, 0x1433, 0x39E7, 0x2124, 0x49A4, 0xCC89, 0xDCA9, 0xDC89, 0xCC07, 0xB365, 0xB386, 0x9AE4, 0x61C2, 0x1081, 0x0862,
    0x0021, 0x0021, 0x0021, 0x0041, 0x0041, 0x08A3, 0x0167, 0x0167, 0x3163, 0xAC08, 0xEE0E, 0xEDAD, 0xE50A, 0xDCA9, 0xDC88, 0xDCA9,
    0xDCA9, 0xDCA9, 0xD489, 0x9347, 0x1904, 0x0148, 0x2943, 0x2102, 0x18C2, 0x2923, 0x0041, 0x0021, 0x10A2, 0x0041, 0x18A2, 0x8347,
    0x7285, 0x18A1, 0x18E2, 0x2123, 0x2103, 0x1081, 0x4122, 0xAB46, 0xDC89, 0xE52C, 0xE52B, 0xDCAA, 0x6A86, 0x31C7, 0x0B90, 0x1EBC,
    0x471D, 0x261A, 0x238F, 0x2944, 0x2103, 0x7A23, 0xD427, 0xD469, 0xDCA9, 0xCC48, 0x8AA4, 0x7223, 0x5982, 0x4121, 0x1881, 0x0862,
    0x0021, 0x0021, 0x0041, 0x0061, 0x0882, 0x0126, 0x0967, 0x3142, 0x6A44, 0xCC48, 0xD447, 0xCC27, 0xC3C6, 0xB365, 0xC3E7, 0xDC89,
    0xDCCA, 0xDCCB, 0xD448, 0xC3E7, 0x6245, 0x0147, 0x0905, 0x2922, 0x10A2, 0x18A2, 0x0041, 0x0041, 0x0861, 0x0041, 0x0020, 0x49E4,
    0x8307, 0x2102, 0x18C2, 0x18E3, 0x1061, 0x4121, 0xAB66, 0xDCA9, 0xE50B, 0xE54C, 0xE50B, 0xB3C8, 0x41C5, 0x29A7, 0x0474, 0x1EBC,
    0x269C, 0x0D97, 0x22AB, 0x18E3, 0x20C2, 0x8A83, 0xC3E7, 0xCC07, 0xCC07, 0xD469, 0xD448, 0xCC48, 0xBBA6, 0x8263, 0x20C2, 0x0061,
    0x0021, 0x0021, 0x0041, 0x0862, 0x00E5, 0x0947, 0x28E2, 0x2902, 0x4982, 0x9AE4, 0xA304, 0xA2E4, 0x8A83, 0x92A4, 0xB386, 0xD448,
    0xDCEA, 0xE50B, 0xD489, 0xBBC7, 0x8AC5, 0x2103, 0x0106, 0x2923, 0x1081, 0x0861, 0x0841, 0x0881, 0x0861, 0x0041, 0x0020, 0x18C2,
    0x51E4, 0x3143, 0x1082, 0x0882, 0x20A1, 0x92A4, 0xD448, 0xDCA9, 0xE4EA, 0xDCCA, 0xDCA9, 0x8AA5, 0x2103, 0x2165, 0x226A, 0x22CC,
    0x22AB, 0x2A28, 0x31C6, 0x18E3, 0x1881, 0x7A23, 0xB365, 0xBB85, 0xB345, 0xAB25, 0x8A84, 0x8AA4, 0x7A43, 0x4983, 0x0881, 0x0862,
    0x0020, 0x0021, 0x0061, 0x08A3, 0x0168, 0x2103, 0x18A1, 0x0841, 0x18A1, 0x5162, 0x61C2, 0x69E3, 0x69C2, 0x7A23, 0xA304, 0xD427,
    0xDCA9, 0xDCA9, 0xCC28, 0xB386, 0x8264, 0x3943, 0x0106, 0x2964, 0x20E2, 0x0861, 0x1081, 0x10C2, 0x0862, 0x0861, 0x0021, 0x0020,
    0x3143, 0x3963, 0x0861, 0x0841, 0x5142, 0xA304, 0xCBE7, 0xD448, 0xD489, 0xD448, 0xCC07, 0x6A03, 0x20E3, 0x18E3, 0x20E3, 0x18E3,
    0x18C3, 0x10A2, 0x10A2, 0x0881, 0x0861, 0x61A2, 0x9AA4, 0x9AE4, 0xA2E4, 0xAB25, 0x8A63, 0x7203, 0x5162, 0x20C2, 0x0061, 0x0862,
    0x0062, 0x0062, 0x0882, 0x0126, 0x1146, 0x20C1, 0x0041, 0x0021, 0x0021, 0x1081, 0x20E2, 0x3101, 0x3901, 0x5162, 0xA324, 0xDC88,
    0xE4A9, 0xD468, 0xBBC7, 0x7A44, 0x4962, 0x3942, 0x00C4, 0x2165, 0x3164, 0x10A2, 0x18E2, 0x10C2, 0x0861, 0x0862, 0x0021, 0x0021,
    0x10A1, 0x49A3, 0x18A2, 0x1861, 0x69C2, 0x92A4, 0xB365, 0xBBA6, 0xC3E7, 0xC3C6, 0xBB86, 0x61C2, 0x0861, 0x0861, 0x0841, 0x0841,
    0x0041, 0x0041, 0x0041, 0x0041, 0x0041, 0x30C1, 0x69E2, 0x7A23, 0x7A23, 0x7203, 0x7A44, 0x7A44, 0x4983, 0x1081, 0x0862, 0x0862,
    0x00A3, 0x08A3, 0x00C3, 0x01A9, 0x10A2, 0x0841, 0x0083, 0x0105, 0x0105, 0x0168, 0x0168, 0x00E5, 0x0861, 0x4962, 0xCC27, 0xE4E9,
    0xDC88, 0xB386, 0x61E3, 0x28E1, 0x1061, 0x20E3, 0x00C4, 0x1965, 0x3163, 0x10A2, 0x10C2, 0x10A2, 0x0861, 0x0862, 0x0021, 0x0021,
    0x0020, 0x2902, 0x2923, 0x2081, 0x61A2, 0x8243, 0x92A4, 0xA2E4, 0xAB25, 0xA305, 0x9AC4, 0x69E2, 0x1061, 0x0041, 0x0041, 0x0841,
    0x0841, 0x0841, 0x0041, 0x0041, 0x0021, 0x0841, 0x28C1, 0x4142, 0x3143, 0x18C2, 0x1082, 0x08A2, 0x0062, 0x0061, 0x0861, 0x0861,
    0x0062, 0x00A3, 0x00E4, 0x0147, 0x0882, 0x0106, 0x0168, 0x0147, 0x0105, 0x0105, 0x0126, 0x01A9, 0x08E4, 0x8B47, 0xED4B, 0xD427,
    0x92C5, 0x4962, 0x1881, 0x0841, 0x0041, 0x0882, 0x00A3, 0x1125, 0x3143, 0x0861, 0x0861, 0x10A2, 0x0861, 0x0061, 0x0021, 0x0021,
    0x0021, 0x0041, 0x0861, 0x20C1, 0x7A43, 0x7A23, 0x7203, 0x7A23, 0x8243, 0x8243, 0x7A23, 0x61A2, 0x28C1, 0x0041, 0x0041, 0x0041,
    0x0041, 0x0041, 0x0041, 0x0041, 0x0061, 0x0041, 0x00E5, 0x0967, 0x08A2, 0x0882, 0x0041, 0x0041, 0x0061, 0x0041, 0x0041, 0x0041,
    0x0021, 0x0062, 0x0105, 0x0147, 0x0126, 0x00E4, 0x0882, 0x0882, 0x08A3, 0x00C4, 0x0126, 0x0168, 0x4A46, 0xDD8D, 0xBBE7, 0x6A03,
    0x3102, 0x18A1, 0x1061, 0x0020, 0x0021, 0x0041, 0x00A3, 0x00E4, 0x2102, 0x10A2, 0x0882, 0x0862, 0x0041, 0x0021, 0x0021, 0x0021,
    0x0021, 0x0021, 0x0021, 0x0841, 0x59A2, 0x8263, 0x7203, 0x7202, 0x69E2, 0x61C2, 0x59A2, 0x5183, 0x3922, 0x0861, 0x0041, 0x0041,
    0x0041, 0x0041, 0x0041, 0x0041, 0x0062, 0x0083, 0x0188, 0x09C9, 0x10C2, 0x10A2, 0x0061, 0x0061, 0x0061, 0x0041, 0x0041, 0x0041,
    0x0021, 0x0041, 0x00A3, 0x0105, 0x0882, 0x0882, 0x0062, 0x0082, 0x00C4, 0x0147, 0x01EA, 0x31E6, 0xBC8A, 0xA367, 0x59A3, 0x30E2,
    0x18A1, 0x1081, 0x0841, 0x0021, 0x0041, 0x0062, 0x00A3, 0x00C4, 0x08C3, 0x0861, 0x0062, 0x0061, 0x0021, 0x0021, 0x0021, 0x0021,
    0x0021, 0x0841, 0x0021, 0x0020, 0x0041, 0x3102, 0x51A2, 0x61C2, 0x5182, 0x3963, 0x3164, 0x2103, 0x0881, 0x0021, 0x0021, 0x0021,
    0x0021, 0x0021, 0x0021, 0x0041, 0x0041, 0x0082, 0x01A9, 0x0945, 0x18C2, 0x0882, 0x0041, 0x0061, 0x0041, 0x0041, 0x0041, 0x0041,
    0x0041, 0x0083, 0x00A3, 0x00C3, 0x0082, 0x0882, 0x00A3, 0x00A3, 0x0126, 0x024C, 0x2A07, 0xAC6A, 0xBC08, 0x6A04, 0x3943, 0x2902,
    0x10A2, 0x0861, 0x0021, 0x0021, 0x0062, 0x0062, 0x00A3, 0x0862, 0x08A3, 0x00A3, 0x00A3, 0x0083, 0x0062, 0x0041, 0x0041, 0x0021,
    0x0841, 0x0840, 0x0861, 0x0881, 0x0021, 0x0020, 0x0021, 0x0841, 0x0841, 0x0041, 0x0021, 0x0021, 0x0021, 0x0021, 0x0021, 0x0020,
    0x0841, 0x0841, 0x0041, 0x0021, 0x0062, 0x0062, 0x0187, 0x1904, 0x18E3, 0x0861, 0x0061, 0x0061, 0x0061, 0x0061, 0x0061, 0x0061,
    0x0062, 0x0062, 0x0062, 0x0062, 0x0062, 0x08A3, 0x00C4, 0x0105, 0x026C, 0x1A09, 0xA48B, 0xDDAE, 0x840B, 0x53CD, 0x436C, 0x2A69,
    0x1145, 0x08A3, 0x0041, 0x0062, 0x0082, 0x00A3, 0x0062, 0x0041, 0x0061, 0x0062, 0x0082, 0x00A3, 0x00A3, 0x00A3, 0x0082, 0x0062,
    0x1081, 0x3942, 0x3943, 0x0986, 0x00C4, 0x0082, 0x0021, 0x0041, 0x0041, 0x0041, 0x0021, 0x0021, 0x0021, 0x1061, 0x3922, 0x6A03,
    0x8AA4, 0x9305, 0x82A4, 0x4962, 0x0861, 0x0082, 0x0167, 0x1145, 0x10C3, 0x0061, 0x0061, 0x0061, 0x0061, 0x0061, 0x0061, 0x0861,
    0x0041, 0x0041, 0x0021, 0x0021, 0x0041, 0x0882, 0x00E4, 0x024B, 0x0A8C, 0x7C6F, 0xD718, 0x973C, 0x7F7D, 0x7F9E, 0x5F5D, 0x36BC,
    0x0CD5, 0x09E9, 0x08C3, 0x00C3, 0x0062, 0x0083, 0x0041, 0x0021, 0x0021, 0x0041, 0x0061, 0x0062, 0x0882, 0x00A3, 0x0083, 0x2922,
    0x49E4, 0x41C4, 0x10A2, 0x0105, 0x0187, 0x0105, 0x0861, 0x1081, 0x0861, 0x0841, 0x0861, 0x0841, 0x4121, 0x8A84, 0xB386, 0xD468,
    0xDCCA, 0xE4EA, 0xDC89, 0xBC08, 0x8B48, 0x2944, 0x00C4, 0x0946, 0x0882, 0x0041, 0x0041, 0x0061, 0x0061, 0x0061, 0x0061, 0x0061,
    0x0021, 0x0021, 0x0021, 0x0021, 0x0062, 0x00A3, 0x0188, 0x02AE, 0x33AF, 0xD73C, 0xCFBE, 0x8FBF, 0x9FBF, 0x97BF, 0x77BF, 0x47BF,
    0x0F9F, 0x05F9, 0x02AC, 0x00C4, 0x00A3, 0x0082, 0x0062, 0x0062, 0x0082, 0x0082, 0x0082, 0x08A3, 0x00C4, 0x1903, 0x20C1, 0x41A3,
    0x2943, 0x18E3, 0x0862, 0x10A2, 0x08C4, 0x0082, 0x0861, 0x0861, 0x0882, 0x0041, 0x1061, 0x5982, 0xAB45, 0xCC27, 0xDCA9, 0xE4EA,
    0xE50B, 0xE52C, 0xE54C, 0xDCEA, 0xCC69, 0x8BA9, 0x2144, 0x08E4, 0x08A3, 0x0062, 0x0062, 0x0061, 0x0061, 0x0061, 0x0062, 0x0061,
    0x0021, 0x0021, 0x0041, 0x0041, 0x0082, 0x00E4, 0x028D, 0x12CD, 0x9E9A, 0xE7DE, 0x9FBF, 0x97BF, 0xA7BF, 0x87BF, 0x5FBF, 0x2FBF,
    0x0FBF, 0x079F, 0x04D5, 0x00A3, 0x00A3, 0x08A3, 0x0082, 0x0082, 0x0082, 0x00A3, 0x0082, 0x08E4, 0x3984, 0x3143, 0x10A1, 0x3143,
    0x2903, 0x18C3, 0x0882, 0x1081, 0x08A3, 0x08E4, 0x0041, 0x0881, 0x0882, 0x0841, 0x59A2, 0xB365, 0xD447, 0xDCA9, 0xE50B, 0xE52C,
    0xED6C, 0xED8D, 0xED6D, 0xE54C, 0xDCCA, 0xC46A, 0x632A, 0x10A2, 0x18A1, 0x1881, 0x1881, 0x1881, 0x1861, 0x0841, 0x0021, 0x0021,
    0x0021, 0x0041, 0x0062, 0x0082, 0x00C3, 0x01A8, 0x02EF, 0x4C52, 0xCFBE, 0xA7BF, 0x77BF, 0x8FBF, 0x7F7E, 0x5F5E, 0x3F5E, 0x17BF,
    0x079F, 0x075F, 0x038F, 0x00E5, 0x08A3, 0x0062, 0x0041, 0x0041, 0x0041, 0x0041, 0x0082, 0x2123, 0x3143, 0x1081, 0x1081, 0x18E2,
    0x18A2, 0x18E3, 0x0861, 0x0861, 0x0882, 0x08C3, 0x0061, 0x0861, 0x1061, 0x4941, 0xA304, 0xD447, 0xDCA9, 0xE4EA, 0xE50B, 0xE54C,
    0xEDAE, 0xED8D, 0xE54C, 0xE52B, 0xDCCA, 0xD448, 0xA3C9, 0x2165, 0x20A1, 0x3901, 0x38E1, 0x38E1, 0x30E1, 0x1881, 0x0021, 0x0020,
    0x0021, 0x0021, 0x0021, 0x0062, 0x00A3, 0x020A, 0x126B, 0x9659, 0xC7DF, 0x775D, 0x45B7, 0x3C10, 0x234D, 0x1AEC, 0x0B0E, 0x0C33,
    0x05B9, 0x06BD, 0x026B, 0x0126, 0x0882, 0x0041, 0x0021, 0x0061, 0x0061, 0x0041, 0x0083, 0x2923, 0x2902, 0x0882, 0x0861, 0x20E2,
    0x2103, 0x10A2, 0x0041, 0x0861, 0x0882, 0x0083, 0x0041, 0x0020, 0x3901, 0x92A4, 0xC3C6, 0xD468, 0xE4CA, 0xE4EA, 0xE4EB, 0xE50B,
    0xE52B, 0xE52B, 0xE50B, 0xE4CA, 0xDC89, 0xD428, 0xBBC7, 0x4A05, 0x20A1, 0x4962, 0x4962, 0x4962, 0x4962, 0x30E1, 0x0840, 0x1040,
    0x0062, 0x0021, 0x0021, 0x0061, 0x00C3, 0x020B, 0x126A, 0x9F1C, 0x9698, 0x5BED, 0x29C6, 0x2123, 0x18E3, 0x10C2, 0x08A3, 0x00C4,
    0x0167, 0x032F, 0x01A7, 0x00E4, 0x0062, 0x0061, 0x0041, 0x0041, 0x0061, 0x0061, 0x0083, 0x20E2, 0x10A2, 0x0881, 0x20E2, 0x3943,
    0x18E3, 0x0041, 0x0041, 0x0041, 0x08A3, 0x00A3, 0x0021, 0x2081, 0x7203, 0xB365, 0xD427, 0xDC68, 0xE4C9, 0xE4C9, 0xE4EA, 0xE4CA,
    0xDCCA, 0xE4EA, 0xE4C9, 0xDC89, 0xD448, 0xCC07, 0xBBC7, 0x7308, 0x28E1, 0x59C3, 0x61E3, 0x59C3, 0x61E3, 0x4142, 0x0840, 0x1860,
    0x0082, 0x0062, 0x0021, 0x0061, 0x00C4, 0x020B, 0x12EC, 0x7E37, 0x6AC7, 0x2922, 0x18C2, 0x18A2, 0x10A2, 0x0861, 0x0861, 0x0041,
    0x0041, 0x00C4, 0x0082, 0x00E4, 0x0882, 0x0062, 0x0041, 0x0041, 0x0041, 0x0061, 0x00A3, 0x1082, 0x28E2, 0x18A1, 0x20E2, 0x18C2,
    0x0881, 0x0021, 0x0841, 0x0882, 0x0882, 0x0082, 0x0841, 0x4121, 0x9AC4, 0xCBE6, 0xD447, 0xDC68, 0xDC89, 0xDC88, 0xE4A9, 0xDCC9,
    0xDCA9, 0xE4C9, 0xD468, 0xD448, 0xCC07, 0xBBA6, 0xB365, 0x8327, 0x3102, 0x61E3, 0x7A85, 0x7264, 0x6A24, 0x4962, 0x1060, 0x2060,
    0x0021, 0x0041, 0x0041, 0x0041, 0x00C4, 0x0188, 0x1A69, 0x7B89, 0x30E1, 0x1061, 0x1081, 0x1081, 0x1082, 0x0861, 0x0841, 0x0041,
    0x0062, 0x00E4, 0x00E5, 0x00C4, 0x08E5, 0x0882, 0x0041, 0x0041, 0x0041, 0x0062, 0x08A3, 0x2902, 0x3122, 0x0861, 0x0041, 0x0041,
    0x0041, 0x0861, 0x1082, 0x0862, 0x0041, 0x0041, 0x1861, 0x61A2, 0xA304, 0xC3A6, 0xD427, 0xD447, 0xD427, 0xD447, 0xDC88, 0xDC88,
    0xDC68, 0xDCA9, 0xD448, 0xCC07, 0xC3C6, 0xB365, 0xA305, 0x7AE7, 0x2902, 0x6203, 0x82C5, 0x82A5, 0x7244, 0x5182, 0x1060, 0x2080,
    0x0021, 0x0061, 0x0062, 0x0062, 0x08A3, 0x0147, 0x2902, 0x7223, 0x1861, 0x0841, 0x0861, 0x1061, 0x1081, 0x0861, 0x0882, 0x1104,
    0x21A6, 0x228A, 0x0C74, 0x026B, 0x00C4, 0x00C4, 0x0882, 0x0061, 0x0041, 0x0062, 0x08C3, 0x2902, 0x0881, 0x0021, 0x0041, 0x0861,
    0x1082, 0x18C2, 0x08A2, 0x0862, 0x0041, 0x0021, 0x30C1, 0x7A23, 0xAB04, 0xBB85, 0xC3C6, 0xCC07, 0xCC07, 0xCC07, 0xCC27, 0xD427,
    0xD427, 0xD448, 0xCC07, 0xC3C6, 0xBB86, 0xAB25, 0x9AC4, 0x7AA6, 0x2902, 0x61E3, 0x82C5, 0x7AA5, 0x7244, 0x4142, 0x1040, 0x2880,
    0x0041, 0x0021, 0x0041, 0x0041, 0x0083, 0x0126, 0x28E1, 0x5982, 0x0840, 0x0840, 0x0841, 0x0861, 0x1082, 0x1903, 0x41E6, 0x534B,
    0x3D14, 0x1E9C, 0x0F7F, 0x269B, 0x0AEC, 0x0147, 0x00E5, 0x00A3, 0x0083, 0x0082, 0x00A3, 0x1081, 0x0841, 0x0041, 0x0861, 0x10A2,
    0x1081, 0x2103, 0x0882, 0x0882, 0x0041, 0x0841, 0x4101, 0x8243, 0xAB04, 0xBB65, 0xBB86, 0xC3C6, 0xC3E7, 0xC3C6, 0xC3C6, 0xCC07,
    0xCC07, 0xC3E7, 0xBB86, 0xB365, 0xAB45, 0x9AE5, 0x8A84, 0x6A86, 0x28E1, 0x6203, 0x7264, 0x7244, 0x61E3, 0x28C1, 0x1860, 0x30C1,
    0x0041, 0x0021, 0x0041, 0x0062, 0x0882, 0x0126, 0x10A2, 0x3901, 0x0840, 0x0021, 0x0841, 0x0861, 0x2923, 0x62C8, 0x742F, 0x4E59,
    0x5FBF, 0x4FBF, 0x1FBF, 0x1FBF, 0x475E, 0x2C93, 0x1166, 0x08A2, 0x00C4, 0x00C4, 0x00C4, 0x20C2, 0x18A1, 0x0882, 0x1081, 0x20E2,
    0x18C2, 0x20E3, 0x0882, 0x0861, 0x0041, 0x0841, 0x4941, 0x8243, 0x9AC4, 0xA304, 0xAB45, 0xB385, 0xB366, 0xBB86, 0xBBA6, 0xC3C6,
    0xC3C6, 0xBB86, 0xB365, 0xAB25, 0xA2E4, 0x92A4, 0x8264, 0x5A45, 0x28C1, 0x59C3, 0x61E3, 0x59C3, 0x4962, 0x1861, 0x2060, 0x38E1,
    0x0041, 0x0041, 0x0083, 0x00A3, 0x0083, 0x0106, 0x00E4, 0x30E1, 0x0841, 0x0021, 0x0840, 0x28E2, 0x5A66, 0x844F, 0x567A, 0x6FBF,
    0x87BF, 0x7FBF, 0x67BF, 0x277F, 0x1556, 0x2AEC, 0x5246, 0x6A03, 0x4962, 0x5182, 0x3901, 0x28E1, 0x18C2, 0x0881, 0x20C2, 0x20E2,
    0x20E2, 0x20E3, 0x0861, 0x0041, 0x0041, 0x1060, 0x5162, 0x7A43, 0x9283, 0x92C4, 0x9AC4, 0x9AC4, 0xA304, 0xAB05, 0xB345, 0xB365,
    0xB365, 0xB365, 0xAB45, 0xA304, 0x92A4, 0x8263, 0x7223, 0x41A4, 0x2081, 0x4162, 0x4962, 0x4962, 0x28C1, 0x1040, 0x28A1, 0x38E1,
    0x00C3, 0x00C3, 0x00C4, 0x00C4, 0x0062, 0x0082, 0x0106, 0x20A1, 0x1881, 0x0021, 0x1040, 0x4163, 0x72E8, 0x6554, 0x4F9F, 0x6FBF,
    0x7FBF, 0x7FBF, 0x577E, 0x1CF5, 0x09C8, 0x10C3, 0x20E2, 0x3102, 0x5182, 0x8A83, 0x5162, 0x2902, 0x18E3, 0x10A2, 0x20C2, 0x2902,
    0x20E3, 0x08A2, 0x0041, 0x0041, 0x0021, 0x1860, 0x4941, 0x69E2, 0x7A23, 0x8263, 0x8A83, 0x8A63, 0x92A4, 0x92A4, 0x9AC4, 0xA304,
    0xAB25, 0xAB45, 0xA305, 0x92A4, 0x8A63, 0x7203, 0x5A25, 0x7B07, 0x6245, 0x8307, 0x9389, 0x4163, 0x1061, 0x1860, 0x30C1, 0x38E1,
    0x0062, 0x0062, 0x0062, 0x0041, 0x0041, 0x0041, 0x00A3, 0x0082, 0x1881, 0x0840, 0x2080, 0x51A3, 0x62E9, 0x3DF8, 0x47BF, 0x5FBF,
    0x5FBF, 0x5FBF, 0x25D9, 0x0A4A, 0x1104, 0x18C2, 0x1081, 0x20A1, 0x5182, 0x8A84, 0x5182, 0x2902, 0x18C2, 0x0861, 0x1081, 0x10A2,
    0x0041, 0x0021, 0x0021, 0x0041, 0x0021, 0x1860, 0x4121, 0x61A2, 0x69E2, 0x7203, 0x7A23, 0x7202, 0x7A23, 0x8263, 0x8A83, 0x9AC4,
    0xA2E4, 0xA305, 0x9AE4, 0x8A83, 0x61E3, 0x51E4, 0xA3C9, 0xD4CB, 0xCC49, 0x7A44, 0xB386, 0x82C6, 0x49C4, 0x20A1, 0x30C1, 0x30E1,
    0x00A3, 0x0083, 0x0082, 0x0041, 0x0041, 0x0021, 0x0041, 0x00C4, 0x0061, 0x1040, 0x28A1, 0x4983, 0x5B2B, 0x1E5A, 0x17BF, 0x2FBF,
    0x47BF, 0x26FD, 0x0B0E, 0x0945, 0x10A2, 0x18A2, 0x10A1, 0x1081, 0x5162, 0x92A4, 0x59A2, 0x18A1, 0x1081, 0x0041, 0x0021, 0x0021,
    0x0021, 0x0041, 0x0041, 0x0021, 0x1040, 0x2880, 0x4101, 0x5162, 0x61A2, 0x69C2, 0x69E2, 0x69E2, 0x69E2, 0x7A02, 0x8243, 0x8A84,
    0x92A4, 0x9AC4, 0x92A4, 0x6A03, 0x8347, 0xC46A, 0x82A5, 0x92E5, 0x82A5, 0x3922, 0x5162, 0x3922, 0x6203, 0x28C1, 0x20A1, 0x30C1,
    0x0041, 0x0041, 0x0021, 0x0041, 0x0041, 0x0041, 0x0041, 0x0082, 0x00C4, 0x0061, 0x20A1, 0x4163, 0x4A68, 0x1D37, 0x073F, 0x077F,
    0x0F7F, 0x0DD9, 0x0187, 0x0882, 0x0861, 0x0861, 0x0841, 0x1041, 0x3901, 0x6A03, 0x61A2, 0x20A1, 0x0041, 0x0021, 0x0021, 0x0021,
    0x0021, 0x0021, 0x0021, 0x0021, 0x1060, 0x28A1, 0x30C1, 0x4101, 0x5141, 0x5982, 0x5982, 0x5982, 0x5162, 0x61A2, 0x71E2, 0x8243,
    0x8A63, 0x9284, 0x8A64, 0x6224, 0xBBC7, 0xB386, 0x59A3, 0x4921, 0x2080, 0x0840, 0x1860, 0x1040, 0x1880, 0x1860, 0x2080, 0x2081,
    0x0041, 0x0041, 0x0021, 0x0041, 0x0021, 0x0041, 0x0041, 0x0041, 0x00A3, 0x00C4, 0x0041, 0x20A1, 0x39A5, 0x1BF2, 0x05DC, 0x065D,
    0x06BE, 0x0413, 0x00C4, 0x0041, 0x0841, 0x0820, 0x0820, 0x0840, 0x1881, 0x4962, 0x59A2, 0x4101, 0x2080, 0x0840, 0x0021, 0x0021,
    0x0021, 0x0020, 0x0021, 0x0021, 0x0041, 0x2081, 0x30C1, 0x38E1, 0x3901, 0x4941, 0x4921, 0x4101, 0x4101, 0x4941, 0x5982, 0x69E2,
    0x7A23, 0x8A63, 0x7A43, 0x7A64, 0x9AC4, 0x5182, 0x1060, 0x1040, 0x1040, 0x0840, 0x0840, 0x1040, 0x0840, 0x0840, 0x0840, 0x0840,
    0x0021, 0x0021, 0x0021, 0x0021, 0x0041, 0x0861, 0x0861, 0x0041, 0x0041, 0x0062, 0x0083, 0x0062, 0x10A2, 0x19E8, 0x0477, 0x051A,
    0x055A, 0x03B2, 0x00A3, 0x0041, 0x0021, 0x0021, 0x0021, 0x0021, 0x0840, 0x28A1, 0x4962, 0x4941, 0x38E1, 0x2080, 0x1860, 0x1040,
    0x1040, 0x0840, 0x0020, 0x0021, 0x0021, 0x0840, 0x1861, 0x30C1, 0x30C1, 0x30C1, 0x38E1, 0x38E1, 0x28A1, 0x2081, 0x3901, 0x5982,
    0x69E2, 0x8243, 0x6A03, 0x8AA4, 0x61A2, 0x1860, 0x1040, 0x1860, 0x28C1, 0x2080, 0x1860, 0x0840, 0x0021, 0x0021, 0x0021, 0x0021,
    0x0021, 0x0021, 0x0021, 0x0841, 0x0861, 0x0862, 0x0061, 0x0041, 0x0021, 0x0021, 0x0041, 0x0062, 0x0041, 0x0062, 0x01A9, 0x0310,
    0x03D4, 0x0393, 0x0126, 0x0041, 0x0021, 0x0021, 0x0021, 0x0021, 0x0021, 0x1060, 0x30C1, 0x30C1, 0x28A1, 0x1860, 0x1040, 0x0840,
    0x0020, 0x0021, 0x0021, 0x0021, 0x0021, 0x0021, 0x0021, 0x0041, 0x1061, 0x1881, 0x2081, 0x1881, 0x1881, 0x1040, 0x0841, 0x38E1,
    0x5982, 0x69E2, 0x6A03, 0x92A4, 0x4941, 0x1880, 0x38E1, 0x4121, 0x4941, 0x38E1, 0x1060, 0x0021, 0x0021, 0x0021, 0x0021, 0x0021,
    0x0062, 0x0062, 0x08A2, 0x10C3, 0x08C3, 0x08A3, 0x00A3, 0x0083, 0x0082, 0x0062, 0x0041, 0x0021, 0x0021, 0x0041, 0x0021, 0x0082,
    0x0105, 0x0147, 0x00C4, 0x0041, 0x0021, 0x0021, 0x0021, 0x0021, 0x0021, 0x0021, 0x0840, 0x0841, 0x0041, 0x0020, 0x0021, 0x0021,
    0x0021, 0x0021, 0x0021, 0x0021, 0x0021, 0x0021, 0x0021, 0x0021, 0x0021, 0x0021, 0x0021, 0x0021, 0x0021, 0x0021, 0x0021, 0x0841,
    0x30C1, 0x5982, 0x7202, 0x8263, 0x30C1, 0x28C1, 0x30E1, 0x1880, 0x28A0, 0x20A1, 0x0021, 0x0021, 0x0021, 0x0021, 0x0021, 0x0021,
    0x08C3, 0x08C3, 0x10C3, 0x08C3, 0x08E4, 0x0925, 0x08E4, 0x08C3, 0x0083, 0x00C4, 0x00C4, 0x00C4, 0x00C4, 0x0082, 0x0062, 0x0061,
    0x0041, 0x0041, 0x0021, 0x0021, 0x0021, 0x0021, 0x0021, 0x0021, 0x0021, 0x0021, 0x0021, 0x0021, 0x0021, 0x0021, 0x0041, 0x0041,
    0x0021, 0x0021, 0x0021, 0x0021, 0x0021, 0x0021, 0x0021, 0x0021, 0x0021, 0x0021, 0x0021, 0x0021, 0x0021, 0x0021, 0x0021, 0x0021,
    0x0841, 0x4121, 0x69C2, 0x69C2, 0x2081, 0x1040, 0x1040, 0x1860, 0x2080, 0x0841, 0x0021, 0x0021, 0x0041, 0x0041, 0x0041, 0x0041,
    0x08E4, 0x00A3, 0x0882, 0x00A3, 0x08E4, 0x08E5, 0x0904, 0x0905, 0x00E4, 0x00E4, 0x00E4, 0x0105, 0x0126, 0x0167, 0x01A8, 0x0146,
    0x00A3, 0x0082, 0x0041, 0x0041, 0x0841, 0x0841, 0x0841, 0x0021, 0x0041, 0x0061, 0x0062, 0x0062, 0x0062, 0x0062, 0x0062, 0x0062,
    0x0062, 0x0062, 0x0061, 0x0061, 0x0062, 0x0062, 0x0062, 0x0062, 0x0041, 0x0041, 0x0021, 0x0021, 0x0021, 0x0021, 0x0021, 0x0021,
    0x0021, 0x1881, 0x5982, 0x5162, 0x1860, 0x1040, 0x1840, 0x1860, 0x1061, 0x0041, 0x0041, 0x0041, 0x0062, 0x0062, 0x0082, 0x0082,
    0x0082, 0x0083, 0x00C3, 0x08E4, 0x08C3, 0x00A3, 0x00C4, 0x0905, 0x0925, 0x0126, 0x0105, 0x00E5, 0x0126, 0x0188, 0x0187, 0x01A8,
    0x0188, 0x0105, 0x0861, 0x0881, 0x0861, 0x0861, 0x0841, 0x0841, 0x0841, 0x0841, 0x0841, 0x0882, 0x08A2, 0x08A3, 0x08C3, 0x08C3,
    0x08A3, 0x08A3, 0x00A3, 0x00A3, 0x00A3, 0x00C3, 0x00C3, 0x00A3, 0x00C4, 0x00A3, 0x00A3, 0x0062, 0x0041, 0x0041, 0x0021, 0x0021,
    0x0021, 0x0841, 0x3901, 0x4121, 0x1860, 0x1040, 0x1860, 0x1861, 0x0021, 0x0041, 0x0061, 0x0082, 0x00A3, 0x0083, 0x00C3, 0x00E4,
    0x0020, 0x0021, 0x0041, 0x0082, 0x00C4, 0x00E4, 0x0905, 0x08E4, 0x08E4, 0x0946, 0x0167, 0x0167, 0x0146, 0x0105, 0x00C4, 0x00A3,
    0x0062, 0x0041, 0x0861, 0x1082, 0x1082, 0x1061, 0x0841, 0x0861, 0x0861, 0x1061, 0x1061, 0x0841, 0x0841, 0x0061, 0x0882, 0x08C3,
    0x08C4, 0x08C3, 0x00A3, 0x00C3, 0x00C4, 0x00C4, 0x00C4, 0x00C4, 0x00C4, 0x00E4, 0x00E4, 0x00C4, 0x00C4, 0x0082, 0x0041, 0x0041,
    0x0021, 0x0021, 0x1061, 0x28C1, 0x2081, 0x1881, 0x1061, 0x0021, 0x0021, 0x0041, 0x0041, 0x0082, 0x00C4, 0x0105, 0x0105, 0x00E4,
    0x0021, 0x0021, 0x0021, 0x0041, 0x0041, 0x0041, 0x0082, 0x08E4, 0x1187, 0x0105, 0x08C4, 0x08A3, 0x00A3, 0x00A3, 0x00C4, 0x0105,
    0x0062, 0x0062, 0x0861, 0x1082, 0x1061, 0x0861, 0x0861, 0x0861, 0x0861, 0x0841, 0x0841, 0x0841, 0x0841, 0x0841, 0x0861, 0x0861,
    0x0882, 0x08A3, 0x08C3, 0x08C4, 0x00E4, 0x00E5, 0x00E4, 0x00C4, 0x00C4, 0x00E4, 0x00E5, 0x0105, 0x0905, 0x00E4, 0x00C4, 0x00C3,
    0x00A3, 0x0041, 0x0021, 0x0020, 0x0841, 0x0021, 0x0021, 0x0021, 0x0021, 0x0041, 0x0041, 0x0062, 0x00A3, 0x00E4, 0x0105, 0x0105,
    0x0021, 0x0021, 0x0021, 0x0041, 0x0021, 0x0021, 0x0020, 0x0062, 0x00C4, 0x0062, 0x00A3, 0x0147, 0x01EB, 0x024D, 0x026E, 0x020C,
    0x00A3, 0x0062, 0x0041, 0x0041, 0x0861, 0x1081, 0x1082, 0x1061, 0x0861, 0x1061, 0x1061, 0x0861, 0x0841, 0x0841, 0x0841, 0x0861,
    0x0861, 0x0861, 0x0861, 0x0882, 0x08A3, 0x00E4, 0x0105, 0x0105, 0x0105, 0x00E5, 0x00E4, 0x0105, 0x0125, 0x0126, 0x0926, 0x0926,
    0x0925, 0x08E4, 0x00A3, 0x0082, 0x0061, 0x0041, 0x0041, 0x0041, 0x0041, 0x0041, 0x0082, 0x08A3, 0x00C4, 0x00E4, 0x00E5, 0x0105,
    0x0021, 0x0021, 0x0041, 0x0021, 0x0021, 0x0021, 0x0021, 0x0041, 0x0082, 0x0062, 0x0189, 0x028F, 0x024D, 0x01EA, 0x0168, 0x00E4,
    0x0062, 0x0041, 0x0021, 0x0021, 0x0021, 0x0021, 0x0041, 0x1081, 0x0841, 0x0861, 0x1061, 0x0861, 0x0861, 0x0861, 0x0841, 0x0841,
    0x0841, 0x0841, 0x0841, 0x0841, 0x0841, 0x0861, 0x0082, 0x00C4, 0x0105, 0x0146, 0x0147, 0x0126, 0x0105, 0x0105, 0x0126, 0x0126,
    0x0926, 0x0925, 0x0905, 0x0905, 0x08E4, 0x00C4, 0x00A3, 0x00A3, 0x0083, 0x00C4, 0x00C4, 0x00E4, 0x0105, 0x0126, 0x0126, 0x0105,
    0x0021, 0x0021, 0x0041, 0x0041, 0x0021, 0x0021, 0x0021, 0x0041, 0x0082, 0x0061, 0x00C4, 0x00E4, 0x00A3, 0x0083, 0x0082, 0x0062,
    0x0041, 0x0021, 0x0021, 0x0041, 0x0041, 0x0021, 0x0021, 0x0861, 0x0861, 0x0041, 0x0841, 0x0861, 0x0861, 0x1061, 0x1061, 0x1061,
    0x1061, 0x0861, 0x0861, 0x1061, 0x1061, 0x1081, 0x1081, 0x1081, 0x0882, 0x00A3, 0x00E5, 0x0146, 0x0988, 0x0988, 0x0967, 0x0126,
    0x0126, 0x0105, 0x0926, 0x0925, 0x0925, 0x0905, 0x0905, 0x0105, 0x0105, 0x0105, 0x0105, 0x0105, 0x0126, 0x0126, 0x0126, 0x0105,
    0x0021, 0x0021, 0x0021, 0x0021, 0x0021, 0x0021, 0x0021, 0x0041, 0x0062, 0x0041, 0x0041, 0x0061, 0x0062, 0x0061, 0x0041, 0x0021,
    0x0021, 0x0021, 0x0021, 0x0041, 0x0041, 0x0041, 0x0841, 0x0861, 0x0041, 0x0021, 0x0841, 0x0861, 0x0861, 0x10A2, 0x0881, 0x1081,
    0x1081, 0x18A2, 0x1061, 0x1061, 0x1081, 0x1081, 0x18A1, 0x18A2, 0x1881, 0x1061, 0x0861, 0x0882, 0x00E4, 0x0126, 0x0167, 0x0167,
    0x0167, 0x0146, 0x0125, 0x0905, 0x0105, 0x0105, 0x0126, 0x0126, 0x0126, 0x0125, 0x0126, 0x0147, 0x0147, 0x0147, 0x0167, 0x0167,
    0x0021, 0x0021, 0x0021, 0x0021, 0x0021, 0x0021, 0x0021, 0x0041, 0x0041, 0x0041, 0x0041, 0x0041, 0x0082, 0x0062, 0x0061, 0x0041,
    0x0061, 0x0041, 0x0041, 0x0061, 0x0861, 0x0861, 0x0841, 0x0021, 0x0021, 0x0841, 0x0861, 0x0861, 0x0041, 0x0021, 0x0021, 0x0021,
    0x0021, 0x0041, 0x0861, 0x1081, 0x1081, 0x1061, 0x1081, 0x1881, 0x18A1, 0x18A1, 0x18A2, 0x18A1, 0x1081, 0x0861, 0x0082, 0x00E4,
    0x0146, 0x0967, 0x0167, 0x0146, 0x0926, 0x0925, 0x0125, 0x0126, 0x0146, 0x0147, 0x0167, 0x0167, 0x0146, 0x0126, 0x0105, 0x00C4,
    0x0041, 0x0041, 0x0041, 0x0021, 0x0041, 0x0021, 0x0021, 0x0021, 0x0021, 0x0021, 0x0021, 0x0021, 0x0021, 0x0041, 0x0062, 0x0062,
    0x0062, 0x0062, 0x0041, 0x0041, 0x0041, 0x0021, 0x0021, 0x0041, 0x0862, 0x0841, 0x0021, 0x0021, 0x0021, 0x0041, 0x0841, 0x0841,
    0x0041, 0x0021, 0x0021, 0x0841, 0x0861, 0x0861, 0x1061, 0x1081, 0x18A2, 0x20C2, 0x18C2, 0x18A2, 0x1881, 0x1881, 0x1081, 0x1061,
    0x0862, 0x00A3, 0x00E4, 0x0146, 0x0988, 0x0988, 0x0967, 0x0167, 0x0146, 0x0126, 0x00E5, 0x00A3, 0x0082, 0x0861, 0x0861, 0x1061,
    0x0021, 0x0041, 0x0841, 0x0861, 0x0841, 0x0841, 0x0021, 0x0021, 0x0021, 0x0021, 0x0041, 0x0061, 0x0041, 0x0021, 0x0020, 0x0021,
    0x0021, 0x0021, 0x0021, 0x0020, 0x0021, 0x0841, 0x0861, 0x0862, 0x0061, 0x0021, 0x0021, 0x0021, 0x0841, 0x0841, 0x0861, 0x0861,
    0x0841, 0x0041, 0x0041, 0x0861, 0x0041, 0x0841, 0x1081, 0x1081, 0x18A2, 0x18A2, 0x18A2, 0x18C2, 0x1881, 0x1881, 0x18A1, 0x1081,
    0x1061, 0x0841, 0x0041, 0x0083, 0x0105, 0x0147, 0x0105, 0x00A3, 0x0062, 0x0861, 0x0861, 0x1061, 0x1081, 0x1081, 0x1061, 0x1081,
};

static const uint16_t kBootFrame1[64 * 98] PROGMEM = {
    0x0021, 0x0021, 0x0021, 0x0041, 0x0021, 0x0021, 0x0021, 0x0021, 0x0021, 0x0021, 0x0021, 0x0021, 0x0021, 0x0021, 0x0021, 0x0021,
    0x0021, 0x0021, 0x0021, 0x0021, 0x0021, 0x0021, 0x0021, 0x0021, 0x0021, 0x0021, 0x0021, 0x0021, 0x0021, 0x0021, 0x0021, 0x0021,
    0x0021, 0x0021, 0x0021, 0x0021, 0x0021, 0x0021, 0x0021, 0x0021, 0x0021, 0x0021, 0x0021, 0x0021, 0x0021, 0x0021, 0x0021, 0x0021,
    0x0021, 0x0021, 0x0021, 0x0021, 0x0021, 0x0021, 0x0021, 0x0041, 0x0021, 0x0021, 0x0021, 0x0021, 0x0021, 0x0021, 0x0021, 0x0021,
    0x0021, 0x0021, 0x0021, 0x0041, 0x0041, 0x0041, 0x0021, 0x0021, 0x0021, 0x0021, 0x0021, 0x0021, 0x0021, 0x0021, 0x0021, 0x0021,
    0x0041, 0x0021, 0x0021, 0x0021, 0x0021, 0x0021, 0x0021, 0x0021, 0x0021, 0x0021, 0x0021, 0x0021, 0x0021, 0x0021, 0x0021, 0x0021,
    0x0021, 0x0021, 0x0021, 0x0021, 0x0021, 0x0021, 0x0021, 0x0021, 0x0021, 0x0021, 0x0021, 0x0021, 0x0021, 0x0021, 0x0021, 0x0041,
    0x0041, 0x0041, 0x0041, 0x0041, 0x0041, 0x0082, 0x01A7, 0x00C3, 0x0062, 0x0082, 0x0041, 0x0021, 0x0021, 0x0021, 0x0021, 0x0021,
    0x0021, 0x0021, 0x0041, 0x0021, 0x0021, 0x0021, 0x0021, 0x0021, 0x0021, 0x0041, 0x0041, 0x0021, 0x0021, 0x0021, 0x0021, 0x0021,
    0x0021, 0x0021, 0x0021, 0x0021, 0x0021, 0x0021, 0x0021, 0x0021, 0x0021, 0x0021, 0x0021, 0x0021, 0x0021, 0x0021, 0x0021, 0x0021,
    0x0021, 0x0021, 0x0021, 0x0021, 0x0021, 0x0021, 0x0021, 0x0021, 0x0021, 0x0021, 0x0021, 0x0021, 0x0041, 0x0062, 0x0062, 0x0041,
    0x0082, 0x00C4, 0x0166, 0x022A, 0x02EC, 0x0229, 0x032E, 0x04D5, 0x026B, 0x028C, 0x0166, 0x0061, 0x0041, 0x0021, 0x0021, 0x0021,
    0x0041, 0x0021, 0x0041, 0x0041, 0x0021, 0x0021, 0x0021, 0x0021, 0x0021, 0x0021, 0x0021, 0x0021, 0x0041, 0x0041, 0x0021, 0x0021,
    0x0021, 0x0021, 0x0021, 0x0021, 0x0021, 0x0021, 0x0021, 0x0021, 0x0021, 0x0021, 0x0021, 0x0021, 0x0021, 0x0021, 0x0021, 0x0021,
    0x0021, 0x0021, 0x0021, 0x0021, 0x0021, 0x0021, 0x0021, 0x0021, 0x0021, 0x0021, 0x0041, 0x0041, 0x0041, 0x0125, 0x038F, 0x0412,
    0x0453, 0x04F5, 0x0578, 0x0515, 0x0598, 0x05FA, 0x04D5, 0x061A, 0x05FA, 0x0599, 0x0598, 0x02CD, 0x00C3, 0x0041, 0x0021, 0x0021,
    0x0021, 0x0021, 0x0021, 0x0041, 0x0041, 0x0082, 0x0041, 0x0041, 0x0041, 0x0021, 0x0021, 0x0021, 0x0021, 0x0041, 0x0021, 0x0021,
    0x0021, 0x0021, 0x0021, 0x0021, 0x0021, 0x0021, 0x0021, 0x0021, 0x0021, 0x0021, 0x0021, 0x0021, 0x0021, 0x0021, 0x0021, 0x0021,
    0x0021, 0x0021, 0x0021, 0x0021, 0x0021, 0x0021, 0x0021, 0x0041, 0x0041, 0x0041, 0x0041, 0x00C3, 0x02ED, 0x0474, 0x04D5, 0x0453,
    0x024A, 0x01C7, 0x09C7, 0x0924, 0x1103, 0x11A6, 0x0945, 0x0965, 0x01C8, 0x03D1, 0x0578, 0x065C, 0x03B0, 0x00E4, 0x0041, 0x0021,
    0x0041, 0x0041, 0x0021, 0x0021, 0x0021, 0x0021, 0x0021, 0x0041, 0x0041, 0x0021, 0x0021, 0x0021, 0x0021, 0x0041, 0x0021, 0x0021,
    0x0041, 0x0021, 0x0021, 0x0021, 0x0021, 0x0021, 0x0021, 0x0021, 0x0041, 0x0021, 0x0021, 0x0021, 0x0021, 0x0021, 0x0021, 0x0021,
    0x0021, 0x0021, 0x0021, 0x0021, 0x0021, 0x0021, 0x0041, 0x0041, 0x0082, 0x0166, 0x032E, 0x04B4, 0x04B4, 0x034F, 0x0925, 0x2103,
    0x49C4, 0x59E3, 0x6A44, 0x51A3, 0x4983, 0x4184, 0x49A4, 0x51E4, 0x4142, 0x3102, 0x08E3, 0x030D, 0x04F6, 0x0453, 0x0126, 0x0041,
    0x0062, 0x0062, 0x0062, 0x0062, 0x0061, 0x0041, 0x0041, 0x0021, 0x0021, 0x0021, 0x0021, 0x0021, 0x0021, 0x0041, 0x0021, 0x0021,
    0x0041, 0x0021, 0x0021, 0x0021, 0x0021, 0x0021, 0x0021, 0x0021, 0x0041, 0x0041, 0x0021, 0x0021, 0x0021, 0x0021, 0x0021, 0x0021,
    0x0021, 0x0021, 0x0021, 0x0041, 0x0041, 0x0041, 0x0041, 0x0041, 0x01C8, 0x0557, 0x04F6, 0x024A, 0x10E3, 0x5245, 0x8348, 0xA3C8,
    0x9B46, 0x6A45, 0x4184, 0x3185, 0x3A49, 0x3249, 0x324A, 0x2209, 0x3207, 0x6245, 0x6A24, 0x28C1, 0x0904, 0x036F, 0x03D1, 0x024A,
    0x0021, 0x0021, 0x0021, 0x0041, 0x0041, 0x0062, 0x0062, 0x0062, 0x0041, 0x0061, 0x0062, 0x0021, 0x0041, 0x0041, 0x0021, 0x0021,
    0x0041, 0x0021, 0x0021, 0x0021, 0x0021, 0x0021, 0x0021, 0x0021, 0x0061, 0x0041, 0x0021, 0x0021, 0x0021, 0x0021, 0x0021, 0x0021,
    0x0021, 0x0021, 0x0041, 0x0041, 0x0041, 0x0061, 0x0862, 0x01C8, 0x0494, 0x036F, 0x08C3, 0x49E5, 0xA42A, 0xC48A, 0xBBE7, 0x92E5,
    0x6245, 0x62A8, 0x4A69, 0x2A6A, 0x1209, 0x026C, 0x028D, 0x0A4C, 0x120A, 0x19E8, 0x5205, 0x92C5, 0x59A2, 0x28E2, 0x0966, 0x02ED,
    0x0062, 0x0062, 0x0062, 0x0062, 0x0041, 0x0021, 0x0021, 0x0041, 0x0041, 0x0062, 0x00A3, 0x0021, 0x0041, 0x0062, 0x0062, 0x0062,
    0x0041, 0x0021, 0x0021, 0x0021, 0x0021, 0x0021, 0x0021, 0x0041, 0x0062, 0x0041, 0x0021, 0x0021, 0x0021, 0x0021, 0x0021, 0x0021,
    0x0041, 0x0041, 0x0041, 0x0041, 0x0061, 0x0882, 0x02AC, 0x0537, 0x028B, 0x2103, 0x8BC9, 0xC48A, 0xC428, 0x92E5, 0x59E4, 0x4183,
    0x7B49, 0x5267, 0x2A6A, 0x02ED, 0x0538, 0x0E3C, 0x05FB, 0x04F7, 0x02EF, 0x0A0B, 0x1209, 0x6224, 0x9B05, 0x8AC5, 0x5A87, 0x1986,
    0x0041, 0x0041, 0x0041, 0x0061, 0x0061, 0x0061, 0x0062, 0x0062, 0x0041, 0x0021, 0x0021, 0x0021, 0x0041, 0x0062, 0x0083, 0x00A3,
    0x0061, 0x0021, 0x0021, 0x0021, 0x0021, 0x0021, 0x0021, 0x0041, 0x0882, 0x0041, 0x0021, 0x0021, 0x0021, 0x0021, 0x0041, 0x0041,
    0x0041, 0x0061, 0x0862, 0x0862, 0x0862, 0x08E4, 0x04D5, 0x038F, 0x18E3, 0x93E9, 0xBC49, 0xA346, 0x7244, 0x49E5, 0x2944, 0x39A5,
    0x4A06, 0x4269, 0x12ED, 0x0E3B, 0x2F9F, 0x57BF, 0x5FBF, 0x375F, 0x15BB, 0x02EF, 0x120A, 0x29C6, 0x9AE5, 0xA346, 0x8AC5, 0x6266,
    0x0082, 0x0082, 0x0082, 0x0062, 0x0061, 0x0041, 0x0041, 0x0041, 0x0041, 0x0041, 0x0021, 0x0021, 0x0041, 0x0062, 0x0041, 0x0041,
    0x0041, 0x0021, 0x0021, 0x0021, 0x0021, 0x0021, 0x0021, 0x0041, 0x0882, 0x0041, 0x0021, 0x0021, 0x0021, 0x0021, 0x0041, 0x0061,
    0x0062, 0x08C3, 0x0987, 0x02CD, 0x026B, 0x030E, 0x0473, 0x08E3, 0x6AA6, 0x9306, 0x6A23, 0x51E4, 0x41C5, 0x3184, 0x10C2, 0x3164,
    0x3144, 0x3A49, 0x0C74, 0x2F7F, 0x67BF, 0x97BF, 0x8FBF, 0x6FBF, 0x371E, 0x0496, 0x0A0A, 0x1A29, 0x6224, 0x92C5, 0x9AE5, 0x8AA4,
    0x0041, 0x0041, 0x0061, 0x0062, 0x0062, 0x0082, 0x0082, 0x0062, 0x0062, 0x0061, 0x0041, 0x0041, 0x0062, 0x0062, 0x0041, 0x0041,
    0x0041, 0x0021, 0x0021, 0x0021, 0x0021, 0x0021, 0x0021, 0x0041, 0x0061, 0x0041, 0x0021, 0x0021, 0x0021, 0x0041, 0x0061, 0x0882,
    0x028B, 0x04F6, 0x0453, 0x03D1, 0x02AC, 0x02ED, 0x0187, 0x20C1, 0x51C3, 0x41A4, 0x39C5, 0x2944, 0x10A2, 0x2103, 0x0882, 0x10A2,
    0x18E3, 0x3A8A, 0x0D15, 0x47BF, 0x8FBF, 0x77BF, 0x57BF, 0x379F, 0x277F, 0x0D9A, 0x0A6C, 0x224A, 0x10E3, 0x41C5, 0x4A05, 0x51A3,
    0x00A3, 0x0083, 0x0082, 0x0062, 0x0062, 0x0061, 0x0041, 0x0061, 0x0062, 0x0062, 0x0082, 0x0041, 0x0062, 0x0082, 0x0041, 0x0041,
    0x0041, 0x0021, 0x0021, 0x0021, 0x0021, 0x0021, 0x0021, 0x0021, 0x0041, 0x0021, 0x0021, 0x0041, 0x0041, 0x0041, 0x08A3, 0x02AC,
    0x0432, 0x026A, 0x29A5, 0x62A7, 0x72E7, 0x7B48, 0x4A05, 0x20C2, 0x2102, 0x18E3, 0x10A2, 0x18C2, 0x10A2, 0x10C3, 0x0882, 0x0882,
    0x10C2, 0x3A49, 0x0C52, 0x1F7F, 0x4F9F, 0x2F9F, 0x279F, 0x0F7F, 0x1F5F, 0x15BA, 0x128C, 0x2A29, 0x08A3, 0x31A6, 0x31E7, 0x08E4,
    0x0061, 0x0062, 0x0082, 0x00A3, 0x00A3, 0x00A3, 0x00A3, 0x0083, 0x0082, 0x0062, 0x0062, 0x0041, 0x0062, 0x0062, 0x0041, 0x0041,
    0x0041, 0x0021, 0x0021, 0x0021, 0x0021, 0x0041, 0x0041, 0x0021, 0x0021, 0x0021, 0x0021, 0x0041, 0x0041, 0x0862, 0x028C, 0x03F2,
    0x1986, 0x7307, 0x9368, 0x82E6, 0x8AE6, 0xA387, 0xC46A, 0xA409, 0x3164, 0x0041, 0x0861, 0x10A2, 0x0882, 0x10A2, 0x0861, 0x0061,
    0x0882, 0x2986, 0x1AED, 0x05FA, 0x0F1F, 0x175F, 0x175F, 0x0F3F, 0x273F, 0x0CD7, 0x228C, 0x21C8, 0x0062, 0x2965, 0x39C6, 0x10C3,
    0x0041, 0x0041, 0x0062, 0x0082, 0x0862, 0x0882, 0x0882, 0x0082, 0x0082, 0x0882, 0x0082, 0x0041, 0x0062, 0x0062, 0x0041, 0x0041,
    0x0061, 0x0021, 0x0041, 0x0041, 0x0041, 0x0041, 0x0041, 0x0021, 0x0021, 0x0021, 0x0041, 0x0041, 0x0041, 0x0125, 0x0453, 0x11A7,
    0x7B07, 0x7A85, 0x30E1, 0x1860, 0x1860, 0x38E1, 0x7203, 0xC428, 0xABE8, 0x20C1, 0x0021, 0x0841, 0x1061, 0x0861, 0x0041, 0x0041,
    0x0062, 0x10A2, 0x29E8, 0x0B6F, 0x05BA, 0x069E, 0x06DE, 0x1F1E, 0x261B, 0x134F, 0x328B, 0x0905, 0x0882, 0x29A6, 0x31C7, 0x10E3,
    0x0061, 0x0041, 0x00A3, 0x00C4, 0x0862, 0x00C4, 0x00E5, 0x0862, 0x0062, 0x0082, 0x0041, 0x0041, 0x0062, 0x0082, 0x0041, 0x0061,
    0x0061, 0x0021, 0x0041, 0x0061, 0x0041, 0x0041, 0x0021, 0x0021, 0x0021, 0x0041, 0x0041, 0x0041, 0x0062, 0x02CC, 0x02AC, 0x5225,
    0x6A44, 0x1060, 0x0020, 0x0021, 0x0021, 0x0840, 0x28A0, 0x7223, 0xCC08, 0x7A64, 0x28C1, 0x61C3, 0x7A43, 0x6A03, 0x59A2, 0x3102,
    0x0062, 0x0082, 0x1146, 0x2229, 0x1AED, 0x0C53, 0x1516, 0x1C33, 0x230D, 0x2A8A, 0x11A7, 0x0861, 0x18A1, 0x1881, 0x0882, 0x00A3,
    0x0041, 0x0041, 0x0062, 0x0082, 0x0062, 0x00E4, 0x0126, 0x0862, 0x00A3, 0x0105, 0x0061, 0x0041, 0x0062, 0x0082, 0x0041, 0x0061,
    0x0041, 0x0021, 0x0041, 0x0041, 0x0041, 0x0021, 0x0021, 0x0021, 0x0041, 0x0041, 0x0041, 0x0041, 0x00C4, 0x03D1, 0x11C7, 0x6A85,
    0x28A1, 0x0020, 0x0020, 0x0020, 0x0021, 0x0021, 0x0840, 0x30E1, 0x92C4, 0xA325, 0xAB66, 0xD489, 0xD489, 0xCC69, 0xCC69, 0x9B67,
    0x2923, 0x00E5, 0x0147, 0x0988, 0x1A6B, 0x226A, 0x2A8B, 0x326A, 0x2A8A, 0x09E9, 0x08E3, 0x3901, 0x61A2, 0x5982, 0x3901, 0x0861,
    0x0041, 0x0041, 0x0062, 0x0082, 0x0061, 0x0882, 0x0083, 0x0061, 0x0082, 0x00A3, 0x0061, 0x0061, 0x0082, 0x0082, 0x0061, 0x0062,
    0x0061, 0x0021, 0x0041, 0x0021, 0x0021, 0x0021, 0x0021, 0x0041, 0x0041, 0x0041, 0x0041, 0x0062, 0x08C3, 0x02CD, 0x2984, 0x5A04,
    0x1040, 0x1040, 0x1040, 0x0820, 0x0021, 0x0021, 0x0020, 0x2080, 0x71E2, 0xA304, 0xCC48, 0xDCCA, 0xDD0B, 0xDD0B, 0xEDCF, 0xEE52,
    0x9C0B, 0x2944, 0x00A3, 0x00C4, 0x0188, 0x0146, 0x0946, 0x0146, 0x0146, 0x1945, 0x4962, 0x92C5, 0xAB45, 0x92E5, 0x8AA4, 0x4122,
    0x0041, 0x0061, 0x0082, 0x0082, 0x0862, 0x0082, 0x0082, 0x0061, 0x0082, 0x0082, 0x0061, 0x0062, 0x0882, 0x0062, 0x0061, 0x0062,
    0x0061, 0x0021, 0x0041, 0x0021, 0x0021, 0x0041, 0x0021, 0x0041, 0x0061, 0x0041, 0x0041, 0x0061, 0x08E4, 0x0390, 0x31A5, 0x4963,
    0x1040, 0x1860, 0x1040, 0x0020, 0x0021, 0x0021, 0x0021, 0x1040, 0x5982, 0xB386, 0xD489, 0xDCAA, 0xDCEB, 0xE58E, 0xE5D0, 0xB48C,
    0x6A65, 0x20C1, 0x0820, 0x0041, 0x0062, 0x0041, 0x0861, 0x2923, 0x5A46, 0x9368, 0xA326, 0xC3E7, 0xBBE7, 0xB3A6, 0xBBA7, 0x92A4,
    0x0062, 0x0061, 0x0082, 0x0082, 0x0862, 0x0082, 0x0082, 0x0062, 0x0082, 0x0082, 0x0082, 0x0083, 0x0862, 0x0061, 0x0061, 0x0062,
    0x0061, 0x0021, 0x0041, 0x0021, 0x0021, 0x0041, 0x0021, 0x0041, 0x0061, 0x0041, 0x0041, 0x0061, 0x08C4, 0x0370, 0x2165, 0x4122,
    0x2060, 0x2060, 0x1040, 0x0840, 0x0021, 0x0021, 0x0021, 0x1881, 0x9B05, 0xCC48, 0xD489, 0xDCCA, 0xD4AA, 0xC46A, 0x6A66, 0x2081,
    0x1040, 0x0840, 0x0820, 0x0020, 0x0020, 0x0020, 0x0840, 0x59E4, 0xCD4F, 0xEE32, 0xCC8A, 0xCC69, 0xCC49, 0xC408, 0xC408, 0xB3A7,
    0x0062, 0x0062, 0x0082, 0x0082, 0x0862, 0x0082, 0x0083, 0x0862, 0x0082, 0x00A3, 0x0882, 0x0882, 0x0862, 0x0061, 0x0061, 0x0062,
    0x0062, 0x0041, 0x0041, 0x0021, 0x0021, 0x0041, 0x0041, 0x0041, 0x0061, 0x0041, 0x0041, 0x0061, 0x0882, 0x034F, 0x19A6, 0x4942,
    0x28A0, 0x2880, 0x1860, 0x0840, 0x0021, 0x0021, 0x1061, 0x8306, 0xD489, 0xD468, 0xD489, 0xD448, 0xAB46, 0x4942, 0x1860, 0x0840,
    0x0020, 0x0820, 0x1061, 0x1061, 0x0841, 0x0041, 0x0841, 0x1881, 0x93CA, 0xEE53, 0xDD0C, 0xD48A, 0xCC69, 0xCC49, 0xCC69, 0xD54E,
    0x0061, 0x0862, 0x0882, 0x00A3, 0x0862, 0x0882, 0x00A3, 0x0862, 0x0882, 0x00A3, 0x0882, 0x08A3, 0x00A3, 0x00A3, 0x0082, 0x0882,
    0x0041, 0x0041, 0x0041, 0x0021, 0x0041, 0x0041, 0x0021, 0x0041, 0x0061, 0x0041, 0x0041, 0x0061, 0x0862, 0x022B, 0x024B, 0x38E1,
    0x38C1, 0x30A1, 0x2080, 0x1040, 0x0020, 0x0841, 0x7B07, 0xDD2C, 0xD468, 0xD489, 0xD448, 0xA305, 0x4942, 0x1860, 0x1040, 0x0020,
    0x0020, 0x0841, 0x18C2, 0x18E3, 0x08A3, 0x0041, 0x0021, 0x0841, 0x3143, 0xC4AC, 0xD4AA, 0xD4AA, 0xCC49, 0xC429, 0xD4AB, 0xEE32,
    0x0082, 0x0082, 0x00C4, 0x00C4, 0x0882, 0x0883, 0x08A3, 0x0882, 0x0882, 0x00A3, 0x0082, 0x0082, 0x00C4, 0x00E4, 0x00E5, 0x00C4,
    0x0082, 0x0041, 0x0041, 0x0021, 0x0041, 0x0041, 0x0021, 0x0041, 0x0062, 0x0041, 0x0041, 0x0041, 0x0862, 0x08E4, 0x030F, 0x1924,
    0x38C1, 0x40E1, 0x30C1, 0x1060, 0x0020, 0x49E4, 0xD52C, 0xD448, 0xCC07, 0xD489, 0xD4AA, 0xAB46, 0x4921, 0x30C1, 0x1860, 0x0020,
    0x2123, 0x736C, 0x8C2F, 0x6B4C, 0x3A08, 0x10E3, 0x0021, 0x0820, 0x1061, 0x7AA6, 0xCC6A, 0xD4AB, 0xC449, 0xC449, 0xC48B, 0x93CA,
    0x00A3, 0x00C3, 0x0126, 0x0106, 0x0882, 0x08A3, 0x08A3, 0x0882, 0x0882, 0x00A3, 0x0082, 0x0082, 0x0882, 0x0882, 0x0882, 0x0082,
    0x0062, 0x0041, 0x0041, 0x0021, 0x0041, 0x0041, 0x0021, 0x0041, 0x0062, 0x0041, 0x0041, 0x0041, 0x0061, 0x0862, 0x01EA, 0x028D,
    0x18A2, 0x30C1, 0x38C1, 0x1860, 0x0861, 0x9BEA, 0xD4A9, 0xC3A6, 0xD448, 0xDCCA, 0xDCEB, 0xCC69, 0x8264, 0x3901, 0x28A1, 0x1040,
    0x734B, 0xB552, 0x842F, 0x6B4D, 0x1904, 0x29C7, 0x0041, 0x0840, 0x1881, 0x8AE6, 0xD4AB, 0xCCAB, 0xC46A, 0xC46A, 0x8B48, 0x18E3,
    0x0882, 0x0882, 0x08A3, 0x08A3, 0x0882, 0x08A3, 0x00A3, 0x0882, 0x0882, 0x00A3, 0x0082, 0x00A3, 0x0882, 0x0882, 0x0862, 0x0862,
    0x0061, 0x0041, 0x0041, 0x0021, 0x0041, 0x0041, 0x0021, 0x0041, 0x0062, 0x0041, 0x0041, 0x0041, 0x0061, 0x0862, 0x0882, 0x01EA,
    0x022B, 0x1082, 0x2080, 0x1040, 0x3163, 0xBC8A, 0xBBA6, 0xC407, 0xE54D, 0xEE31, 0xEE73, 0xEE32, 0xC46A, 0x5982, 0x30C1, 0x28A1,
    0x62A8, 0x5247, 0x1082, 0x10C3, 0x0146, 0x1966, 0x0882, 0x0840, 0x20A1, 0xABC8, 0xD4AA, 0xCC8A, 0xC46A, 0xBC6B, 0x5226, 0x0082,
    0x0082, 0x0882, 0x0882, 0x0882, 0x0882, 0x08A3, 0x00A3, 0x0882, 0x0882, 0x00A3, 0x00E4, 0x0106, 0x00A3, 0x00C3, 0x00A3, 0x00A3,
    0x0062, 0x0061, 0x0041, 0x0021, 0x0041, 0x0041, 0x0041, 0x0041, 0x0862, 0x0061, 0x0061, 0x0061, 0x0061, 0x0062, 0x0862, 0x08A3,
    0x01A8, 0x022B, 0x0105, 0x0041, 0x39A4, 0xC46A, 0xAB45, 0xD48A, 0xEE31, 0xF6B4, 0xF6D5, 0xF6F6, 0xF694, 0xBC8C, 0x59A3, 0x30E1,
    0x28C2, 0x28E2, 0x0840, 0x0062, 0x1104, 0x10C3, 0x1881, 0x1840, 0x4122, 0xC449, 0xDD0B, 0xDCEB, 0xD48A, 0xAC2B, 0x1924, 0x29A6,
    0x00E4, 0x00C3, 0x00A3, 0x0882, 0x0882, 0x08A3, 0x08A3, 0x0882, 0x08A3, 0x00C3, 0x08C3, 0x00C4, 0x0882, 0x0882, 0x0882, 0x0882,
    0x0061, 0x0041, 0x0041, 0x0021, 0x0041, 0x0041, 0x0041, 0x0062, 0x0882, 0x0966, 0x0187, 0x00C3, 0x0062, 0x0062, 0x0062, 0x0882,
    0x0882, 0x0105, 0x022B, 0x01EA, 0x41C4, 0xABE8, 0xA305, 0xD4EC, 0xEE73, 0xEE94, 0xF6D6, 0xF717, 0xF6F6, 0xF6D5, 0xBC8C, 0x5182,
    0x30C1, 0x28E2, 0x1881, 0x08A2, 0x2123, 0x1061, 0x2080, 0x4962, 0xABC8, 0xE54C, 0xEDAE, 0xED6D, 0xE50B, 0xB48D, 0x1104, 0x0882,
    0x0082, 0x0082, 0x00A3, 0x0882, 0x0882, 0x08A3, 0x08A3, 0x0882, 0x08A3, 0x00C4, 0x00C3, 0x08A3, 0x0882, 0x0862, 0x0862, 0x0862,
    0x0061, 0x0041, 0x0041, 0x0021, 0x0041, 0x0061, 0x0041, 0x0862, 0x0104, 0x1A28, 0x11A7, 0x0146, 0x0862, 0x0062, 0x0862, 0x0882,
    0x08A2, 0x08A3, 0x0126, 0x028D, 0x10E3, 0x9B87, 0x9B25, 0xBC8C, 0xE612, 0xEE94, 0xF6B5, 0xF6F6, 0xF6F7, 0xF717, 0xF694, 0xC4ED,
    0x82E7, 0x4142, 0x20A1, 0x2081, 0x28A1, 0x4122, 0x82C6, 0xD54E, 0xF673, 0xEDF0, 0xED6D, 0xE52C, 0xE4EB, 0xCD0D, 0x3A07, 0x0000,
    0x08C4, 0x08A3, 0x00E4, 0x08A3, 0x0882, 0x08A3, 0x08A3, 0x0882, 0x00C4, 0x0126, 0x00C4, 0x00C4, 0x00A3, 0x00C3, 0x0882, 0x0882,
    0x0061, 0x0041, 0x0041, 0x0021, 0x0041, 0x0061, 0x0041, 0x0862, 0x0125, 0x1A08, 0x1124, 0x0146, 0x0882, 0x0862, 0x0882, 0x0882,
    0x08A3, 0x08A3, 0x00C4, 0x02AE, 0x09E9, 0x49A3, 0x8AC4, 0x9BA9, 0xC550, 0xE633, 0xEE94, 0xEEB5, 0xF6F6, 0xF6F6, 0xF717, 0xF717,
    0xEE94, 0xCD70, 0xB4AD, 0xAC4B, 0xBC8C, 0xD52E, 0xEE73, 0xF6F5, 0xF6F6, 0xF6B4, 0xEDAE, 0xDD2C, 0xCC69, 0xDD0B, 0x9C4D, 0x1082,
    0x00C4, 0x00C4, 0x0147, 0x00E4, 0x0882, 0x08A3, 0x00C3, 0x0882, 0x08A3, 0x00C4, 0x0882, 0x0883, 0x0883, 0x08A3, 0x0882, 0x08A3,
    0x0062, 0x0061, 0x0041, 0x0021, 0x0041, 0x0061, 0x0041, 0x0862, 0x0125, 0x2269, 0x1945, 0x0167, 0x0882, 0x0882, 0x0882, 0x08A3,
    0x08A3, 0x00C3, 0x00C4, 0x0146, 0x028D, 0x08E4, 0x6A23, 0x8B27, 0x9C2D, 0xC570, 0xE633, 0xEE74, 0xEEB5, 0xF6D6, 0xF6F6, 0xF6F7,
    0xE6B6, 0xB551, 0xC592, 0xF6F6, 0xF6F6, 0xF6F6, 0xF717, 0xF738, 0xFF59, 0xEEF6, 0x9C0B, 0x49E4, 0x3963, 0x51E4, 0x8BCC, 0x634C,
    0x08A3, 0x0882, 0x08A3, 0x08A3, 0x0882, 0x08C3, 0x00C4, 0x0882, 0x00C4, 0x00E5, 0x0882, 0x0862, 0x0882, 0x08A3, 0x0882, 0x0882,
    0x0062, 0x0061, 0x0041, 0x0021, 0x0061, 0x0062, 0x0061, 0x0882, 0x0105, 0x1A08, 0x1124, 0x0187, 0x08A3, 0x08A3, 0x08A3, 0x00A3,
    0x00C4, 0x0126, 0x0167, 0x0188, 0x028D, 0x028D, 0x10A2, 0x5182, 0x8307, 0xA48E, 0xBD51, 0xD613, 0xEE95, 0xEEB5, 0xEED6, 0xF6F7,
    0xDE75, 0xA48F, 0x7B6B, 0xEEB5, 0xF6F6, 0xF738, 0xF738, 0xF759, 0xFF7A, 0xAD11, 0x51C4, 0x5A26, 0x3984, 0x1904, 0x21A7, 0x7C92,
    0x00E4, 0x00C4, 0x00E4, 0x00E4, 0x00C4, 0x0127, 0x0126, 0x08A3, 0x0105, 0x08C3, 0x0882, 0x0882, 0x0882, 0x08A3, 0x00A3, 0x0882,
    0x0062, 0x0061, 0x0061, 0x0041, 0x0061, 0x0862, 0x0062, 0x0882, 0x00E4, 0x11E7, 0x10E3, 0x0187, 0x08A3, 0x08A3, 0x00C4, 0x0147,
    0x022B, 0x024C, 0x01CA, 0x0188, 0x0126, 0x00E4, 0x0041, 0x1040, 0x30E1, 0x72E8, 0x9C6E, 0xAD10, 0xCDF3, 0xDE75, 0xE6B6, 0xEEB6,
    0xF6D6, 0xF717, 0xB552, 0xB510, 0xF717, 0xF738, 0xF739, 0xF759, 0xFF79, 0x944E, 0x18A2, 0x2103, 0x2924, 0x1125, 0x0946, 0x3B4E,
    0x0882, 0x0882, 0x0882, 0x0882, 0x08A3, 0x08C4, 0x00C4, 0x00C4, 0x00C4, 0x08A3, 0x00A3, 0x00C4, 0x00E4, 0x00C4, 0x00A3, 0x0882,
    0x0061, 0x0062, 0x0061, 0x0041, 0x0061, 0x0862, 0x0862, 0x0882, 0x00C4, 0x19E7, 0x2144, 0x0167, 0x00C4, 0x00E4, 0x01C9, 0x022B,
    0x01C9, 0x0946, 0x08A3, 0x0062, 0x0041, 0x0020, 0x0021, 0x28A1, 0x1880, 0x30E1, 0x6A87, 0x8C4E, 0x9CF2, 0xAD73, 0xC5F4, 0xDE76,
    0xE6B6, 0xEED7, 0xEEF7, 0xACF1, 0xB572, 0xEEF7, 0xF718, 0xF738, 0xFF59, 0xBD93, 0x2124, 0x0882, 0x08C3, 0x0105, 0x0987, 0x74B3,
    0x0882, 0x0882, 0x0882, 0x0882, 0x0882, 0x0882, 0x00A3, 0x00E5, 0x08A3, 0x0882, 0x08A3, 0x08A3, 0x08A3, 0x08A3, 0x08A3, 0x0882,
    0x0061, 0x0061, 0x0061, 0x0041, 0x0061, 0x0862, 0x0862, 0x0882, 0x00C4, 0x19E7, 0x1903, 0x0167, 0x00E4, 0x01EA, 0x0A2A, 0x1966,
    0x08C4, 0x0062, 0x0021, 0x0041, 0x0881, 0x0861, 0x0841, 0x30E1, 0x30C1, 0x40E1, 0x4962, 0x6287, 0x7BCC, 0x8C91, 0x8D33, 0xA5B5,
    0xC615, 0xD656, 0xE6B6, 0xE6B7, 0xA532, 0x9513, 0xC677, 0xDEF9, 0xE71A, 0xBEB9, 0x3C32, 0x0A2A, 0x01C9, 0x0ACD, 0x4C93, 0x7618,
    0x00C4, 0x08C4, 0x08C4, 0x08C4, 0x08C4, 0x08A3, 0x00A3, 0x00A3, 0x08A3, 0x0105, 0x08A3, 0x08A3, 0x08A3, 0x0882, 0x0882, 0x0882,
    0x0062, 0x0062, 0x0862, 0x0041, 0x0062, 0x0862, 0x0882, 0x08A3, 0x0105, 0x11E8, 0x18E3, 0x0187, 0x0147, 0x02CE, 0x2944, 0x10E3,
    0x0061, 0x0020, 0x2923, 0x41C4, 0x4A05, 0x41A4, 0x2103, 0x18C2, 0x1881, 0x30C1, 0x5982, 0x6A24, 0x7329, 0x83ED, 0x8470, 0x7CF3,
    0x7D55, 0x8DB6, 0xAE17, 0xCE77, 0xE6D7, 0xC615, 0x7D34, 0x6596, 0x5E39, 0x4E7B, 0x2DF9, 0x0C12, 0x1D36, 0x469C, 0x3E7B, 0x1DD8,
    0x08C3, 0x08C4, 0x00C4, 0x00E4, 0x00E4, 0x00E4, 0x00C4, 0x00C4, 0x00E4, 0x0147, 0x0105, 0x0126, 0x0105, 0x00C4, 0x0882, 0x0882,
    0x0062, 0x0862, 0x0862, 0x0041, 0x0062, 0x0882, 0x0882, 0x00C4, 0x020A, 0x19C7, 0x0882, 0x0167, 0x01C9, 0x024C, 0x28E2, 0x18C2,
    0x3184, 0x4A06, 0x41C5, 0x3964, 0x2903, 0x2902, 0x18C2, 0x2103, 0x2103, 0x18C2, 0x28E1, 0x59C3, 0x8B48, 0x940D, 0x946E, 0x8C70,
    0x7492, 0x6515, 0x65B8, 0x6E39, 0x8E9A, 0xBEDA, 0xCEFA, 0xB699, 0x8E18, 0x6619, 0x35D8, 0x2557, 0x1DF9, 0x1DD8, 0x0CB4, 0x036F,
    0x0882, 0x08A3, 0x08A3, 0x00A3, 0x08A3, 0x08A3, 0x0882, 0x08A2, 0x08A3, 0x08C3, 0x08A3, 0x08A3, 0x00A3, 0x00A3, 0x0882, 0x0882,
    0x0062, 0x0882, 0x0882, 0x0041, 0x0862, 0x0882, 0x08A3, 0x09C8, 0x11E8, 0x2123, 0x0061, 0x01A8, 0x026D, 0x3227, 0x62A7, 0x5246,
    0x5267, 0x41E5, 0x3164, 0x3984, 0x4184, 0x49C5, 0x3164, 0x2103, 0x18C2, 0x20E3, 0x10C3, 0x18C2, 0x7265, 0xB44B, 0xB50F, 0xACCF,
    0x9490, 0x7CB1, 0x5CB3, 0x3CF6, 0x2D78, 0x363A, 0x5E9B, 0x7F1C, 0x7F5E, 0x775E, 0x56BC, 0x2CB4, 0x0B2E, 0x024B, 0x0188, 0x0126,
    0x0147, 0x0126, 0x0105, 0x0105, 0x00E5, 0x00E5, 0x08A3, 0x0882, 0x08A3, 0x08A3, 0x08A3, 0x0882, 0x0882, 0x0882, 0x0882, 0x0882,
    0x0062, 0x0882, 0x08A3, 0x0041, 0x0862, 0x0882, 0x00E4, 0x1A28, 0x2923, 0x2943, 0x0061, 0x0146, 0x4A88, 0x5A66, 0x2923, 0x10A2,
    0x0882, 0x0841, 0x0861, 0x0861, 0x10A2, 0x18E3, 0x2944, 0x2124, 0x2944, 0x20E3, 0x10A2, 0x0882, 0x10C2, 0x7AC6, 0xDDB0, 0xD5D2,
    0xBD71, 0xA4F1, 0x84D2, 0x5CD4, 0x3473, 0x2C53, 0x1C12, 0x0BF1, 0x0AEC, 0x128B, 0x0966, 0x0082, 0x00A3, 0x020B, 0x01A9, 0x0126,
    0x0147, 0x0106, 0x0105, 0x0106, 0x0126, 0x0147, 0x00A3, 0x08A3, 0x00E5, 0x00E4, 0x00E4, 0x00C4, 0x00C4, 0x00A3, 0x00A3, 0x0882,
    0x0062, 0x0082, 0x00A3, 0x0062, 0x0882, 0x08A3, 0x00E4, 0x19E7, 0x2923, 0x3163, 0x0061, 0x2923, 0x6287, 0x2103, 0x0882, 0x0841,
    0x0021, 0x0021, 0x0021, 0x0021, 0x0020, 0x0041, 0x0861, 0x10A2, 0x2104, 0x2944, 0x2103, 0x10A2, 0x0082, 0x18E3, 0xA3EA, 0xE633,
    0xE674, 0xD5F3, 0xAD52, 0x8D13, 0x6D14, 0x54D5, 0x2D16, 0x0B6F, 0x0021, 0x0000, 0x0020, 0x0082, 0x00C4, 0x01A8, 0x020A, 0x0188,
    0x0082, 0x0882, 0x08A3, 0x08A3, 0x08A3, 0x08A3, 0x0882, 0x08A3, 0x08A3, 0x0882, 0x0082, 0x0082, 0x0882, 0x0882, 0x0882, 0x0882,
    0x0862, 0x0082, 0x00A3, 0x0062, 0x0882, 0x08A3, 0x00E5, 0x19E8, 0x2923, 0x2923, 0x0841, 0x2943, 0x3144, 0x18C2, 0x0041, 0x0021,
    0x0021, 0x0021, 0x0041, 0x0041, 0x0021, 0x0021, 0x0021, 0x0020, 0x0041, 0x10A2, 0x18E3, 0x18E3, 0x10E3, 0x00C4, 0x3143, 0xCD0E,
    0xEEB5, 0xEEB6, 0xDE55, 0xBDB3, 0x9554, 0x7D55, 0x4577, 0x128B, 0x0020, 0x0021, 0x0082, 0x00A3, 0x0082, 0x01E9, 0x022B, 0x02CD,
    0x0083, 0x08A3, 0x08A3, 0x08A3, 0x08A3, 0x08A3, 0x08A3, 0x08A3, 0x0882, 0x0882, 0x0882, 0x0862, 0x0862, 0x0862, 0x0882, 0x0882,
    0x0062, 0x0083, 0x00A3, 0x0862, 0x0882, 0x08A3, 0x00E5, 0x11E8, 0x2943, 0x2902, 0x0041, 0x10A1, 0x10A2, 0x0041, 0x0021, 0x0021,
    0x0861, 0x20C2, 0x20E3, 0x2903, 0x2903, 0x20E2, 0x1081, 0x0021, 0x0021, 0x0021, 0x0861, 0x0882, 0x10A2, 0x1124, 0x0905, 0x6AC7,
    0xE633, 0xF6F7, 0xEEB6, 0xE675, 0xCE15, 0xADD5, 0x8575, 0x4289, 0x0021, 0x0041, 0x00A3, 0x00A3, 0x01A8, 0x0188, 0x01A8, 0x132E,
    0x08A3, 0x08C3, 0x08C4, 0x08C4, 0x00C4, 0x00C4, 0x00C4, 0x00C3, 0x00A3, 0x00A3, 0x00A3, 0x08A3, 0x0882, 0x0882, 0x0882, 0x08A3,
    0x0062, 0x0083, 0x00C4, 0x0882, 0x0882, 0x00A3, 0x0146, 0x09E8, 0x2103, 0x2943, 0x0041, 0x0841, 0x0841, 0x0021, 0x0021, 0x10A2,
    0x5A45, 0x5205, 0x5A05, 0x5205, 0x5205, 0x41A5, 0x3144, 0x18A2, 0x0021, 0x0021, 0x0021, 0x0021, 0x0041, 0x08C3, 0x0146, 0x09A8,
    0x7B6A, 0xE654, 0xEED6, 0xEED7, 0xE6B7, 0xD677, 0xA5B5, 0x4A89, 0x0041, 0x00A3, 0x00E5, 0x0167, 0x020A, 0x00A3, 0x01C9, 0x32AA,
    0x0041, 0x0041, 0x0061, 0x0062, 0x0061, 0x0041, 0x0041, 0x0061, 0x0062, 0x0062, 0x0041, 0x0061, 0x0061, 0x0062, 0x0062, 0x0882,
    0x0061, 0x00A3, 0x00C4, 0x0882, 0x0882, 0x00C4, 0x11E8, 0x31C5, 0x20C2, 0x18C2, 0x0041, 0x0841, 0x0041, 0x0041, 0x0020, 0x6AA6,
    0x93A9, 0x5A25, 0x5A05, 0x5205, 0x5206, 0x5226, 0x3984, 0x20E2, 0x0861, 0x0041, 0x20C2, 0x0861, 0x0021, 0x0041, 0x0082, 0x0146,
    0x09A8, 0x7B8B, 0xE675, 0xEED7, 0xEED7, 0xD697, 0xA5D6, 0x4A88, 0x0062, 0x00E4, 0x01A9, 0x0167, 0x0082, 0x00C3, 0x128B, 0x4268,
    0x0041, 0x0041, 0x0041, 0x0061, 0x0061, 0x0041, 0x0061, 0x0082, 0x0862, 0x0062, 0x0062, 0x0062, 0x0041, 0x0061, 0x0862, 0x0882,
    0x0882, 0x08A3, 0x00C4, 0x0882, 0x0882, 0x00E5, 0x21E8, 0x3163, 0x0841, 0x1061, 0x20C1, 0x1081, 0x0021, 0x0020, 0x2943, 0xB4AB,
    0x72A6, 0x49A4, 0x3123, 0x2103, 0x2123, 0x3144, 0x41C5, 0x3164, 0x1082, 0x0041, 0x2103, 0x2943, 0x10A2, 0x0041, 0x0041, 0x0062,
    0x0146, 0x09C8, 0x8C2D, 0xE696, 0xE6D8, 0xCE98, 0xA573, 0x39C5, 0x0082, 0x0147, 0x0147, 0x0062, 0x00A3, 0x0105, 0x1A6A, 0x3164,
    0x0041, 0x0041, 0x0041, 0x0061, 0x0061, 0x0041, 0x0062, 0x00C3, 0x08A3, 0x08A3, 0x08A3, 0x0082, 0x0041, 0x0062, 0x0882, 0x08A3,
    0x00C3, 0x08A3, 0x00A3, 0x0882, 0x0882, 0x00C4, 0x1187, 0x2943, 0x3184, 0x49E5, 0x2903, 0x10A2, 0x0021, 0x0020, 0x6AE7, 0xA3E9,
    0x4183, 0x31A5, 0x22CB, 0x1B0C, 0x1249, 0x1104, 0x2103, 0x41A5, 0x20E3, 0x0041, 0x0041, 0x3143, 0x39A5, 0x18E3, 0x0021, 0x0020,
    0x0041, 0x0167, 0x1A09, 0xA4B0, 0xD676, 0xC616, 0x83ED, 0x10C3, 0x0167, 0x0126, 0x0062, 0x00C4, 0x0126, 0x01A7, 0x2A07, 0x2103,
    0x0061, 0x0061, 0x0062, 0x0061, 0x0061, 0x0041, 0x0041, 0x00A3, 0x08A3, 0x08A3, 0x0882, 0x0862, 0x0041, 0x0061, 0x0862, 0x0882,
    0x08A3, 0x08A3, 0x0882, 0x0882, 0x08A3, 0x00E4, 0x0967, 0x5A66, 0x62C7, 0x3184, 0x2103, 0x1082, 0x0021, 0x0861, 0x9C2B, 0x7286,
    0x2923, 0x1A08, 0x1536, 0x0E9B, 0x0C32, 0x1104, 0x1082, 0x3144, 0x2924, 0x0861, 0x0020, 0x0861, 0x39A5, 0x2944, 0x0862, 0x0882,
    0x0041, 0x0041, 0x0126, 0x2A08, 0x9CD0, 0xA511, 0x4227, 0x0167, 0x00C4, 0x0041, 0x00C4, 0x0147, 0x0146, 0x1229, 0x4207, 0x2944,
    0x0041, 0x0041, 0x0041, 0x0041, 0x0041, 0x0041, 0x0041, 0x0041, 0x0061, 0x0041, 0x0041, 0x0041, 0x0041, 0x0041, 0x0041, 0x0061,
    0x0061, 0x0062, 0x0061, 0x0882, 0x08A3, 0x0105, 0x29E7, 0x6AA6, 0x2943, 0x2123, 0x18E3, 0x0861, 0x0021, 0x18C2, 0xA44B, 0x51E4,
    0x20E2, 0x1945, 0x136F, 0x0CF5, 0x11A7, 0x10C3, 0x0882, 0x18E3, 0x2944, 0x10A2, 0x0021, 0x0021, 0x0861, 0x2944, 0x3185, 0x1125,
    0x0083, 0x0041, 0x0021, 0x0146, 0x32AA, 0x5AC9, 0x1166, 0x00E4, 0x0021, 0x0082, 0x0167, 0x0147, 0x0167, 0x2269, 0x39A5, 0x2103,
    0x0021, 0x0021, 0x0021, 0x0021, 0x0021, 0x0021, 0x0021, 0x0021, 0x0021, 0x0021, 0x0021, 0x0021, 0x0021, 0x0021, 0x0021, 0x0041,
    0x0041, 0x0061, 0x0862, 0x0882, 0x08A3, 0x00E5, 0x29C6, 0x5A46, 0x5267, 0x4A26, 0x20E3, 0x0882, 0x0041, 0x3164, 0x9C0A, 0x3122,
    0x10A2, 0x1208, 0x0CB4, 0x0ACC, 0x1104, 0x10E3, 0x08A2, 0x18C3, 0x2944, 0x08A3, 0x0041, 0x0021, 0x0862, 0x0861, 0x1904, 0x1986,
    0x0926, 0x0905, 0x0083, 0x0062, 0x0926, 0x1925, 0x0126, 0x0041, 0x08C4, 0x00C4, 0x0146, 0x0126, 0x0A0A, 0x29C7, 0x2923, 0x10A2,
    0x0021, 0x0021, 0x0021, 0x0021, 0x0021, 0x0021, 0x0021, 0x0021, 0x0021, 0x0021, 0x0021, 0x0041, 0x0041, 0x0041, 0x0041, 0x0061,
    0x0061, 0x0882, 0x0882, 0x0882, 0x08A3, 0x00E4, 0x21A6, 0x5A86, 0x39E5, 0x3143, 0x18C2, 0x0882, 0x0041, 0x2943, 0x8369, 0x20C2,
    0x10A2, 0x0B6F, 0x0C93, 0x09A7, 0x0ACC, 0x0904, 0x08A2, 0x18E3, 0x2124, 0x08A3, 0x0062, 0x0021, 0x0882, 0x0861, 0x0021, 0x00A3,
    0x0125, 0x0966, 0x0905, 0x10C3, 0x0083, 0x0967, 0x00C3, 0x0083, 0x0905, 0x00C4, 0x00E5, 0x01C9, 0x12AC, 0x2944, 0x18E2, 0x0882,
    0x0041, 0x0041, 0x0061, 0x0061, 0x0041, 0x0021, 0x0021, 0x0021, 0x0041, 0x0041, 0x0041, 0x0041, 0x0041, 0x0061, 0x0062, 0x0062,
    0x0862, 0x0862, 0x0882, 0x0882, 0x0882, 0x00C4, 0x1986, 0x5A65, 0x3143, 0x3122, 0x18C2, 0x10A2, 0x0021, 0x3164, 0x9BEA, 0x3102,
    0x10A2, 0x09C8, 0x0CF5, 0x0D16, 0x0BB0, 0x08E3, 0x0882, 0x2923, 0x2944, 0x0904, 0x00A4, 0x0021, 0x0861, 0x0882, 0x08A3, 0x0083,
    0x0041, 0x0083, 0x0882, 0x29A6, 0x1104, 0x0126, 0x0105, 0x0146, 0x0126, 0x0105, 0x01A9, 0x024B, 0x2269, 0x3144, 0x18C2, 0x0882,
    0x0061, 0x0061, 0x0062, 0x0041, 0x0041, 0x0021, 0x0041, 0x0041, 0x0041, 0x0062, 0x0062, 0x0062, 0x0862, 0x0862, 0x0882, 0x0882,
    0x0882, 0x0882, 0x0882, 0x0862, 0x0882, 0x00A3, 0x1146, 0x5225, 0x2902, 0x3122, 0x18E2, 0x10A2, 0x0021, 0x3163, 0x93A9, 0x3943,
    0x1081, 0x08A2, 0x0A09, 0x0AAC, 0x0905, 0x0862, 0x18C2, 0x3144, 0x2924, 0x10E4, 0x0105, 0x0041, 0x0041, 0x10C3, 0x08E4, 0x00E4,
    0x00A3, 0x0125, 0x00C4, 0x19E9, 0x11C8, 0x00E5, 0x0987, 0x09A8, 0x01C9, 0x0A2A, 0x1B90, 0x1B0D, 0x31A6, 0x3165, 0x10A2, 0x0882,
    0x0021, 0x0021, 0x0021, 0x0021, 0x0021, 0x0041, 0x0041, 0x0062, 0x0082, 0x0882, 0x0882, 0x0882, 0x00A3, 0x08A3, 0x08A3, 0x08A3,
    0x08A3, 0x08A3, 0x0882, 0x0882, 0x0882, 0x00C4, 0x0925, 0x5225, 0x2103, 0x10C2, 0x1082, 0x0861, 0x0021, 0x1061, 0x8347, 0x51E4,
    0x28E2, 0x0882, 0x0862, 0x0861, 0x0861, 0x18C2, 0x2923, 0x2923, 0x18C2, 0x08A2, 0x0105, 0x0082, 0x0041, 0x0082, 0x00A3, 0x0105,
    0x0105, 0x0988, 0x0946, 0x19C8, 0x11A8, 0x0146, 0x01C9, 0x09C9, 0x332D, 0x74D3, 0x7D13, 0x42AA, 0x3165, 0x2103, 0x0882, 0x0882,
    0x0041, 0x0041, 0x0021, 0x0021, 0x0021, 0x0061, 0x0882, 0x00A3, 0x00A3, 0x00C4, 0x0105, 0x0146, 0x0188, 0x0987, 0x0987, 0x0967,
    0x0147, 0x0126, 0x08C4, 0x08A3, 0x08A3, 0x00E5, 0x2964, 0x20E2, 0x0861, 0x0861, 0x18A2, 0x0861, 0x0021, 0x0041, 0x8348, 0x6265,
    0x4184, 0x2903, 0x2903, 0x2903, 0x2943, 0x41C5, 0x49E6, 0x39A5, 0x2124, 0x1104, 0x0925, 0x00E5, 0x0021, 0x0062, 0x0083, 0x0105,
    0x0126, 0x0988, 0x0966, 0x1A4A, 0x09E8, 0x01E9, 0x09EA, 0x6BEE, 0xCDF2, 0xB592, 0x7B8B, 0x6AC7, 0x5A25, 0x28E2, 0x0862, 0x0882,
    0x0882, 0x0062, 0x0021, 0x0021, 0x0041, 0x0062, 0x08A3, 0x00C3, 0x0126, 0x0167, 0x0967, 0x3207, 0x5287, 0x7328, 0x8BEA, 0x7B69,
    0x5AA7, 0x21A6, 0x0126, 0x0105, 0x00C3, 0x0105, 0x3163, 0x3163, 0x3963, 0x20E2, 0x10C3, 0x0861, 0x0862, 0x0020, 0x5246, 0x8B48,
    0x2903, 0x3164, 0x3144, 0x2923, 0x41A5, 0x4A06, 0x49E6, 0x2964, 0x18C3, 0x18A2, 0x1903, 0x1187, 0x10A3, 0x10E3, 0x29E8, 0x1A29,
    0x128B, 0x128C, 0x128B, 0x3249, 0x1986, 0x0105, 0x6B29, 0xE58E, 0xED4C, 0xE54C, 0xE54C, 0xE52B, 0xD469, 0x8264, 0x18A1, 0x0862,
    0x0041, 0x0021, 0x0021, 0x0021, 0x0041, 0x0862, 0x08A3, 0x0167, 0x01C9, 0x29A6, 0x7B48, 0xD5AE, 0xEE50, 0xF64F, 0xF60E, 0xEDAD,
    0xE56C, 0xC4CC, 0x72E7, 0x1945, 0x0105, 0x00E5, 0x3184, 0x41E5, 0x2103, 0x18C2, 0x0861, 0x0041, 0x10A2, 0x0021, 0x39A4, 0xA409,
    0x3963, 0x20E3, 0x18C2, 0x3144, 0x3985, 0x3985, 0x2903, 0x28E2, 0x7A64, 0xA367, 0xBC4A, 0xBC8B, 0x836A, 0x4228, 0x22CC, 0x0C94,
    0x3DF9, 0x1DB9, 0x1433, 0x39E7, 0x2124, 0x49A4, 0xCC89, 0xDCA9, 0xDC89, 0xCC07, 0xB365, 0xB386, 0x9AE4, 0x61C2, 0x1081, 0x0862,
    0x0021, 0x0021, 0x0021, 0x0041, 0x0041, 0x08A3, 0x0167, 0x0167, 0x3163, 0xAC08, 0xEE0E, 0xEDAD, 0xE50A, 0xDCA9, 0xDC88, 0xDCA9,
    0xD489, 0xD489, 0xD469, 0x9347, 0x1904, 0x0148, 0x2943, 0x2102, 0x18C2, 0x2923, 0x0041, 0x0021, 0x10A2, 0x0041, 0x18A2, 0x8347,
    0x7285, 0x18A2, 0x18E2, 0x2123, 0x2103, 0x1081, 0x4122, 0xAB46, 0xDC89, 0xE52C, 0xE52B, 0xDCAA, 0x6A86, 0x31C7, 0x0B90, 0x1EBC,
    0x471D, 0x261A, 0x238F, 0x2944, 0x2103, 0x7A23, 0xD427, 0xD469, 0xDCA9, 0xCC48, 0x8AA4, 0x7223, 0x5982, 0x4121, 0x1881, 0x0862,
    0x0021, 0x0021, 0x0041, 0x0061, 0x0882, 0x0126, 0x0967, 0x3142, 0x6A44, 0xCC48, 0xD447, 0xCC27, 0xC3C6, 0xB365, 0xC3C7, 0xD469,
    0xDCAA, 0xDCCA, 0xCC48, 0xBBE7, 0x6225, 0x0147, 0x0904, 0x2922, 0x10A2, 0x18A2, 0x0041, 0x0041, 0x0861, 0x0041, 0x0020, 0x49E4,
    0x8307, 0x2102, 0x18C2, 0x18E3, 0x1061, 0x4121, 0xAB66, 0xDCA9, 0xE50B, 0xE54C, 0xE50B, 0xB3C8, 0x41C5, 0x29A7, 0x0474, 0x1EBC,
    0x269C, 0x0D97, 0x22AB, 0x18E3, 0x20C2, 0x8A83, 0xC3E7, 0xCC07, 0xCC07, 0xD469, 0xD448, 0xCC48, 0xBBA6, 0x8263, 0x20C2, 0x0061,
    0x0021, 0x0021, 0x0041, 0x0862, 0x00E5, 0x0947, 0x28E2, 0x2902, 0x4982, 0x9AE4, 0xA304, 0x9AE4, 0x8A83, 0x92A4, 0xB366, 0xCC48,
    0xDCCA, 0xDCCB, 0xCC49, 0xB3A7, 0x82C5, 0x2103, 0x0126, 0x2123, 0x1081, 0x0861, 0x0841, 0x0882, 0x0861, 0x0041, 0x0020, 0x18C2,
    0x51E4, 0x3163, 0x1082, 0x0882, 0x20A1, 0x92A4, 0xD448, 0xDCA9, 0xE4EA, 0xDCCA, 0xDCA9, 0x8AA5, 0x2103, 0x2165, 0x226A, 0x22CC,
    0x22AB, 0x2A28, 0x31C6, 0x18E3, 0x1881, 0x7A23, 0xB365, 0xBB85, 0xB345, 0xAB25, 0x8A84, 0x8AA4, 0x7A43, 0x4983, 0x0881, 0x0862,
    0x0020, 0x0021, 0x0061, 0x08A3, 0x0168, 0x2103, 0x18A1, 0x0841, 0x18A1, 0x5162, 0x61C2, 0x69E3, 0x61C2, 0x7203, 0xA304, 0xC407,
    0xD489, 0xD48A, 0xC408, 0xAB66, 0x7A85, 0x3963, 0x0126, 0x2985, 0x18E2, 0x0861, 0x1082, 0x10C2, 0x0862, 0x0861, 0x0021, 0x0020,
    0x3142, 0x3963, 0x0861, 0x0841, 0x4941, 0xA304, 0xCBE7, 0xD448, 0xD469, 0xD448, 0xCC07, 0x6A03, 0x20E3, 0x18E3, 0x20E3, 0x18E3,
    0x18C3, 0x10A2, 0x10A2, 0x0881, 0x0861, 0x61A2, 0x9AA4, 0x9AE4, 0xA2E4, 0xAB25, 0x8A63, 0x7203, 0x5162, 0x20C2, 0x0061, 0x0862,
    0x0062, 0x0062, 0x0882, 0x0126, 0x1146, 0x20C1, 0x0041, 0x0020, 0x0021, 0x1081, 0x20E2, 0x3101, 0x3901, 0x5182, 0x9B25, 0xCC69,
    0xD4AA, 0xC469, 0xABE8, 0x7265, 0x49A4, 0x3984, 0x0105, 0x21A6, 0x31A5, 0x10E3, 0x1903, 0x10E3, 0x0882, 0x0882, 0x0021, 0x0021,
    0x10A1, 0x41A3, 0x18A2, 0x1861, 0x69C2, 0x92A4, 0xB365, 0xBBA6, 0xC3E7, 0xC3C6, 0xBB86, 0x61C2, 0x0861, 0x0861, 0x0841, 0x0841,
    0x0041, 0x0041, 0x0041, 0x0041, 0x0041, 0x30C1, 0x69E2, 0x7A23, 0x7A23, 0x7203, 0x7A44, 0x7A44, 0x4983, 0x1081, 0x0862, 0x0862,
    0x00A3, 0x08A3, 0x00C3, 0x01A9, 0x10A2, 0x0841, 0x0083, 0x00E5, 0x0105, 0x0168, 0x0168, 0x00E5, 0x0861, 0x4982, 0xBC28, 0xD4CA,
    0xCC8A, 0xA3C8, 0x5A66, 0x3164, 0x1923, 0x2165, 0x0946, 0x19C7, 0x31C5, 0x1904, 0x1904, 0x10E3, 0x08A2, 0x0882, 0x0021, 0x0021,
    0x0020, 0x2902, 0x2923, 0x2081, 0x61A2, 0x8243, 0x92A4, 0xA2E4, 0xA305, 0xA305, 0x92C4, 0x69E2, 0x1061, 0x0041, 0x0841, 0x0841,
    0x0841, 0x0841, 0x0041, 0x0041, 0x0021, 0x0841, 0x28C1, 0x4142, 0x3143, 0x18C2, 0x1082, 0x08A2, 0x0062, 0x0061, 0x0861, 0x0861,
    0x0062, 0x00A3, 0x00E4, 0x0147, 0x0882, 0x0106, 0x0168, 0x0147, 0x0105, 0x0105, 0x0126, 0x01A9, 0x0905, 0x8348, 0xD52C, 0xBC49,
    0x8B47, 0x4A05, 0x2164, 0x1124, 0x1104, 0x1166, 0x0967, 0x19C8, 0x31E6, 0x1104, 0x1104, 0x1104, 0x08C3, 0x08A2, 0x0041, 0x0021,
    0x0021, 0x0041, 0x0861, 0x20C1, 0x7A43, 0x7A03, 0x7203, 0x7A23, 0x8243, 0x8243, 0x7A23, 0x61A2, 0x28C1, 0x0041, 0x0041, 0x0041,
    0x0041, 0x0041, 0x0041, 0x0041, 0x0061, 0x0041, 0x00E5, 0x0967, 0x08A2, 0x0882, 0x0041, 0x0041, 0x0061, 0x0041, 0x0041, 0x0041,
    0x0021, 0x0062, 0x0105, 0x0147, 0x0126, 0x08E4, 0x0882, 0x0882, 0x08A3, 0x00C4, 0x0126, 0x0188, 0x4A67, 0xCD8E, 0xAC09, 0x6286,
    0x31C6, 0x2185, 0x1965, 0x1145, 0x1145, 0x1166, 0x09A7, 0x11C8, 0x29E6, 0x1986, 0x1965, 0x1125, 0x08E4, 0x0883, 0x0862, 0x0041,
    0x0041, 0x0021, 0x0021, 0x0841, 0x59A2, 0x8263, 0x7203, 0x7203, 0x69E2, 0x61C2, 0x59A2, 0x5183, 0x3922, 0x0861, 0x0041, 0x0041,
    0x0041, 0x0041, 0x0041, 0x0041, 0x0062, 0x0083, 0x0188, 0x09C9, 0x10C2, 0x10A2, 0x0061, 0x0061, 0x0061, 0x0041, 0x0041, 0x0041,
    0x0021, 0x0041, 0x00A3, 0x0105, 0x0882, 0x0882, 0x0062, 0x0882, 0x00C4, 0x0147, 0x01EA, 0x31E6, 0xAC8B, 0x9BA8, 0x5246, 0x31C6,
    0x2186, 0x1986, 0x1166, 0x1166, 0x1187, 0x1186, 0x11E8, 0x11E8, 0x19C8, 0x1186, 0x1166, 0x1145, 0x0904, 0x08C4, 0x08A3, 0x0882,
    0x0862, 0x0882, 0x0041, 0x0021, 0x0041, 0x3102, 0x51A2, 0x61C2, 0x5182, 0x3984, 0x3164, 0x2103, 0x1081, 0x0021, 0x0021, 0x0021,
    0x0021, 0x0021, 0x0021, 0x0041, 0x0041, 0x0082, 0x01A9, 0x0945, 0x18C2, 0x0882, 0x0041, 0x0061, 0x0041, 0x0041, 0x0041, 0x0041,
    0x0041, 0x0083, 0x00A3, 0x00C3, 0x0082, 0x0082, 0x00A3, 0x00C3, 0x0126, 0x024B, 0x2207, 0xA46A, 0xAC09, 0x6266, 0x39E6, 0x29C6,
    0x19A7, 0x1186, 0x1166, 0x1186, 0x11A7, 0x19A7, 0x19E9, 0x19A7, 0x19C8, 0x11E8, 0x11C8, 0x11A7, 0x1166, 0x0945, 0x0905, 0x08C4,
    0x10A2, 0x10A2, 0x0882, 0x0882, 0x0021, 0x0020, 0x0021, 0x0841, 0x0841, 0x0041, 0x0021, 0x0021, 0x0021, 0x0021, 0x0021, 0x0020,
    0x0841, 0x0841, 0x0041, 0x0021, 0x0062, 0x0062, 0x0187, 0x1904, 0x18E3, 0x0861, 0x0061, 0x0061, 0x0061, 0x0061, 0x0061, 0x0061,
    0x0062, 0x0062, 0x0062, 0x0062, 0x0062, 0x08A3, 0x00C4, 0x0105, 0x026C, 0x1A09, 0x9C6B, 0xCD8E, 0x740C, 0x53EE, 0x43CE, 0x330C,
    0x1A49, 0x11C8, 0x1187, 0x11A7, 0x19C8, 0x19E8, 0x19C8, 0x19A7, 0x19A7, 0x19C7, 0x19C8, 0x11C8, 0x11C8, 0x11A8, 0x0987, 0x0946,
    0x1924, 0x39C5, 0x3984, 0x11A7, 0x00E4, 0x0082, 0x0021, 0x0041, 0x0041, 0x0041, 0x0041, 0x0021, 0x0021, 0x1061, 0x3922, 0x6A03,
    0x8AA4, 0x9305, 0x82A4, 0x4962, 0x0861, 0x0082, 0x0167, 0x1145, 0x10C3, 0x0061, 0x0061, 0x0061, 0x0061, 0x0061, 0x0061, 0x0861,
    0x0041, 0x0041, 0x0021, 0x0021, 0x0041, 0x0882, 0x00E4, 0x022B, 0x0A8C, 0x744E, 0xCED8, 0x8EFB, 0x771C, 0x773D, 0x5F1D, 0x3E9C,
    0x1536, 0x12CD, 0x11E8, 0x1209, 0x19C7, 0x19E9, 0x19A7, 0x19A7, 0x19A7, 0x19A7, 0x19C7, 0x19C7, 0x19C8, 0x11C8, 0x11A7, 0x2A07,
    0x4A88, 0x4247, 0x1904, 0x0966, 0x09A7, 0x0925, 0x0882, 0x10A1, 0x0881, 0x0841, 0x0861, 0x0841, 0x4121, 0x8284, 0xB386, 0xD468,
    0xDCCA, 0xE4EA, 0xDC89, 0xBC08, 0x8B48, 0x2944, 0x00C4, 0x0946, 0x0882, 0x0041, 0x0041, 0x0061, 0x0061, 0x0061, 0x0061, 0x0061,
    0x0021, 0x0021, 0x0021, 0x0021, 0x0062, 0x00A3, 0x0188, 0x02AE, 0x33AF, 0xC71B, 0xC77D, 0x875E, 0x975E, 0x875E, 0x6F5E, 0x477F,
    0x177F, 0x0E1A, 0x1370, 0x11E9, 0x19E8, 0x19E8, 0x19C8, 0x19E8, 0x19E8, 0x19E8, 0x19E8, 0x19E8, 0x1A09, 0x2A49, 0x29E7, 0x4288,
    0x3228, 0x21A7, 0x0905, 0x1125, 0x0905, 0x00C3, 0x0862, 0x0882, 0x08A2, 0x0041, 0x1061, 0x5982, 0xAB45, 0xCC27, 0xDCA9, 0xE4EA,
    0xE50B, 0xE52C, 0xE54C, 0xDCEA, 0xCC69, 0x8BA9, 0x2144, 0x08E4, 0x08A3, 0x0062, 0x0062, 0x0061, 0x0061, 0x0061, 0x0062, 0x0061,
    0x0021, 0x0021, 0x0041, 0x0041, 0x0082, 0x00E4, 0x028D, 0x12AC, 0x9659, 0xD79D, 0x975E, 0x8F5E, 0x975D, 0x773E, 0x573E, 0x2F5E,
    0x0F5E, 0x0F3F, 0x0D16, 0x11C8, 0x11E9, 0x19E9, 0x19E8, 0x19E8, 0x19E9, 0x1A09, 0x19E8, 0x224A, 0x42A9, 0x4288, 0x29C7, 0x3A48,
    0x2A08, 0x21A7, 0x1146, 0x1104, 0x0904, 0x0925, 0x0062, 0x0882, 0x08A2, 0x0841, 0x59A2, 0xAB45, 0xCC27, 0xDCA9, 0xE50B, 0xE52C,
    0xE54D, 0xED8D, 0xED6D, 0xE54C, 0xDCCA, 0xC46A, 0x632A, 0x10A2, 0x18A1, 0x1881, 0x1881, 0x1881, 0x1861, 0x0841, 0x0021, 0x0021,
    0x0021, 0x0041, 0x0062, 0x0882, 0x00C4, 0x01A8, 0x02CE, 0x4432, 0xC77D, 0x9F7E, 0x6F5E, 0x7F3D, 0x76FC, 0x56DC, 0x36DC, 0x173D,
    0x0F3E, 0x0EFE, 0x0BF1, 0x09E9, 0x11C8, 0x11A7, 0x11A7, 0x19A7, 0x19A7, 0x19C7, 0x19E8, 0x3269, 0x4289, 0x21E7, 0x21C7, 0x2A08,
    0x21C7, 0x21C7, 0x1145, 0x1104, 0x1104, 0x1125, 0x0082, 0x0882, 0x1061, 0x4942, 0xA305, 0xCC28, 0xDCA9, 0xE4EA, 0xE4EB, 0xE52C,
    0xEDAE, 0xED8D, 0xE52C, 0xE52B, 0xDCCA, 0xD448, 0xA3C9, 0x2165, 0x20A1, 0x3901, 0x38E1, 0x38E1, 0x30E1, 0x1881, 0x0021, 0x0020,
    0x0021, 0x0021, 0x0041, 0x0062, 0x00A3, 0x020A, 0x0A6B, 0x8E18, 0xB79E, 0x6EFC, 0x3D96, 0x3C10, 0x234D, 0x1B0D, 0x132E, 0x0C32,
    0x0D78, 0x0E5B, 0x0AED, 0x09E9, 0x0987, 0x1187, 0x1186, 0x11A7, 0x11A7, 0x11A7, 0x11E8, 0x3A69, 0x3A48, 0x21C7, 0x19A7, 0x2A08,
    0x2A08, 0x19A7, 0x0925, 0x1125, 0x0904, 0x08E4, 0x0062, 0x0841, 0x3901, 0x92A4, 0xC3C6, 0xD448, 0xDCCA, 0xE4EA, 0xE4EA, 0xE50B,
    0xE50B, 0xE52B, 0xE50B, 0xE4CA, 0xDC89, 0xD428, 0xBBC7, 0x4A05, 0x20A1, 0x4962, 0x4962, 0x4962, 0x4962, 0x30E1, 0x0840, 0x1040,
    0x0062, 0x0021, 0x0041, 0x0882, 0x00E4, 0x022B, 0x128B, 0x8EDB, 0x8658, 0x5C0E, 0x2A28, 0x2185, 0x1945, 0x1124, 0x0925, 0x0926,
    0x09E9, 0x0B4F, 0x0A2A, 0x0988, 0x0946, 0x0946, 0x0946, 0x1166, 0x1187, 0x1187, 0x11C8, 0x2A08, 0x21E7, 0x19C7, 0x2A07, 0x3A48,
    0x21E8, 0x1145, 0x0905, 0x0904, 0x0925, 0x0905, 0x0041, 0x20A1, 0x7223, 0xB366, 0xCC27, 0xD468, 0xDCC9, 0xE4C9, 0xE4EA, 0xDCCA,
    0xDCCA, 0xE4CA, 0xDCC9, 0xDC89, 0xD448, 0xCC07, 0xBBC7, 0x7308, 0x28E1, 0x59C3, 0x61E3, 0x59C3, 0x61E3, 0x4142, 0x0840, 0x1860,
    0x0083, 0x0082, 0x0041, 0x08A3, 0x0125, 0x024C, 0x132D, 0x7616, 0x6329, 0x31A5, 0x1965, 0x1965, 0x1945, 0x1124, 0x0904, 0x0904,
    0x0904, 0x0967, 0x0925, 0x0987, 0x0946, 0x0926, 0x0925, 0x0925, 0x0946, 0x0966, 0x11A8, 0x19A6, 0x3207, 0x21A6, 0x29E7, 0x21C7,
    0x1166, 0x0905, 0x1125, 0x0925, 0x0904, 0x00C4, 0x0861, 0x4142, 0x92C4, 0xC3C6, 0xD447, 0xD468, 0xDC88, 0xDC88, 0xDCA9, 0xDCA9,
    0xDCA9, 0xE4C9, 0xD468, 0xD448, 0xCC07, 0xBBA6, 0xB365, 0x8327, 0x3102, 0x61E3, 0x7A85, 0x7264, 0x6A24, 0x4962, 0x1060, 0x2060,
    0x0041, 0x0882, 0x0083, 0x00C3, 0x0146, 0x020A, 0x1AEB, 0x73EB, 0x31A5, 0x1945, 0x1965, 0x1965, 0x1966, 0x1145, 0x1145, 0x0945,
    0x0945, 0x09A7, 0x09A8, 0x0967, 0x0988, 0x0925, 0x0905, 0x0905, 0x0925, 0x0946, 0x0987, 0x31E6, 0x3A06, 0x1165, 0x1125, 0x0925,
    0x0925, 0x1125, 0x1125, 0x08E4, 0x08A3, 0x0082, 0x1881, 0x61C3, 0xA305, 0xBBA6, 0xCC07, 0xD447, 0xD427, 0xD447, 0xDC68, 0xD468,
    0xD468, 0xDC89, 0xD448, 0xCC07, 0xC3C6, 0xB365, 0xA304, 0x7AE7, 0x2902, 0x6203, 0x82C5, 0x82A5, 0x7244, 0x5182, 0x1060, 0x2080,
    0x0041, 0x00A3, 0x00C4, 0x00E4, 0x0946, 0x020A, 0x29C6, 0x6AC7, 0x2185, 0x1165, 0x1986, 0x1986, 0x1986, 0x1986, 0x19A7, 0x19E8,
    0x2269, 0x230D, 0x1495, 0x0ACD, 0x0987, 0x0987, 0x0926, 0x0905, 0x0905, 0x0105, 0x1166, 0x29A5, 0x1125, 0x08E4, 0x08E4, 0x1104,
    0x1124, 0x2165, 0x1104, 0x08C3, 0x0882, 0x0861, 0x3101, 0x7243, 0xA305, 0xBB86, 0xC3C6, 0xCC07, 0xCBE7, 0xCC07, 0xCC07, 0xD427,
    0xD427, 0xD448, 0xCC07, 0xC3C6, 0xBB86, 0xAB25, 0x9AC4, 0x7AA6, 0x2902, 0x61E3, 0x82C5, 0x7AA5, 0x7244, 0x4142, 0x1040, 0x2880,
    0x0062, 0x0882, 0x00C4, 0x0105, 0x0966, 0x09EA, 0x29C6, 0x5267, 0x1965, 0x1966, 0x1986, 0x19A7, 0x21C7, 0x2A28, 0x42CA, 0x53EF,
    0x3D56, 0x269B, 0x171E, 0x267B, 0x136E, 0x0A09, 0x09A8, 0x0946, 0x0125, 0x0105, 0x0926, 0x1104, 0x08C3, 0x08C3, 0x10C3, 0x1924,
    0x1103, 0x2165, 0x08C3, 0x08C3, 0x0882, 0x0861, 0x4122, 0x8263, 0xA305, 0xB366, 0xBB86, 0xBBC6, 0xC3E7, 0xC3C6, 0xC3C6, 0xCC07,
    0xCC07, 0xC3E7, 0xBB86, 0xB365, 0xAB45, 0x9AE5, 0x8A84, 0x6A86, 0x28E1, 0x6203, 0x7264, 0x7244, 0x61E3, 0x28C1, 0x1860, 0x30C1,
    0x0082, 0x0882, 0x08C3, 0x0925, 0x0966, 0x0A0A, 0x19A6, 0x4226, 0x1986, 0x1986, 0x1986, 0x21C7, 0x3A68, 0x63AD, 0x74D2, 0x567A,
    0x5F9F, 0x579F, 0x2F7E, 0x277F, 0x471D, 0x2CD4, 0x1A29, 0x1146, 0x0946, 0x0946, 0x0925, 0x2124, 0x1903, 0x08C3, 0x18E3, 0x2144,
    0x1904, 0x2124, 0x08A3, 0x08A2, 0x0882, 0x0861, 0x4962, 0x8263, 0x9AE4, 0xA305, 0xAB25, 0xB366, 0xB366, 0xB386, 0xBBA6, 0xC3C6,
    0xC3C6, 0xBB86, 0xB345, 0xAB25, 0xA2E4, 0x92A4, 0x8264, 0x5A45, 0x28C1, 0x59C3, 0x61E3, 0x59C3, 0x4962, 0x1861, 0x2060, 0x38E1,
    0x00A3, 0x00A3, 0x0925, 0x0966, 0x0967, 0x0A0A, 0x11E9, 0x3A06, 0x21A6, 0x1986, 0x21A6, 0x3A28, 0x636B, 0x84F2, 0x5E9A, 0x6F9F,
    0x7F9F, 0x7F9F, 0x679F, 0x375E, 0x2578, 0x33AF, 0x4AE9, 0x5AA7, 0x4A05, 0x4A05, 0x3963, 0x2943, 0x1903, 0x10C3, 0x18E3, 0x2124,
    0x2103, 0x1904, 0x0882, 0x0882, 0x0061, 0x1061, 0x5182, 0x7A43, 0x8A84, 0x92C4, 0x92C4, 0x9AC4, 0xA2E4, 0xA305, 0xB345, 0xB365,
    0xB365, 0xB365, 0xAB45, 0xA304, 0x92A4, 0x8263, 0x7223, 0x41A4, 0x2081, 0x4162, 0x4962, 0x4962, 0x28C1, 0x1040, 0x28A1, 0x38E1,
    0x0105, 0x0125, 0x0946, 0x0987, 0x0946, 0x0987, 0x0A2A, 0x29C7, 0x29C6, 0x1986, 0x29C7, 0x52A9, 0x73CD, 0x6DB6, 0x577F, 0x779F,
    0x7F9F, 0x7F9F, 0x5F5E, 0x2D77, 0x1ACC, 0x2208, 0x29E7, 0x31E6, 0x4A46, 0x7AE7, 0x49C4, 0x2964, 0x1924, 0x10C3, 0x20E2, 0x2923,
    0x2124, 0x08C3, 0x0061, 0x0061, 0x0041, 0x1861, 0x4962, 0x69E2, 0x7A23, 0x8263, 0x8A83, 0x8263, 0x92A4, 0x92A4, 0x9AC4, 0xA304,
    0xAB25, 0xAB45, 0xA305, 0x92A4, 0x8A63, 0x7203, 0x5A25, 0x7B08, 0x6245, 0x8307, 0x9389, 0x4163, 0x1061, 0x1860, 0x30C1, 0x38E1,
    0x08C3, 0x08C4, 0x00E5, 0x0905, 0x0925, 0x0946, 0x09C8, 0x11A7, 0x29C6, 0x21A6, 0x31E7, 0x5AE9, 0x6BCD, 0x4E59, 0x57BF, 0x679F,
    0x679F, 0x679F, 0x361A, 0x234E, 0x2249, 0x2208, 0x21C7, 0x29C6, 0x5267, 0x7B27, 0x5205, 0x2984, 0x1924, 0x10A3, 0x10A2, 0x10C2,
    0x0062, 0x0041, 0x0041, 0x0041, 0x0041, 0x1881, 0x4121, 0x59A2, 0x69E2, 0x7203, 0x7A23, 0x7202, 0x7A23, 0x8263, 0x8A83, 0x9AC4,
    0xA2E4, 0xA305, 0x9AE4, 0x8A83, 0x61E3, 0x51E4, 0xA3C9, 0xD4CB, 0xCC49, 0x7A44, 0xB386, 0x82C6, 0x49C4, 0x20A1, 0x30C1, 0x30E1,
    0x00C4, 0x00E4, 0x00E4, 0x00E4, 0x0904, 0x0925, 0x0966, 0x09E8, 0x1187, 0x21A6, 0x3A07, 0x5AC9, 0x640F, 0x369B, 0x2FBF, 0x3F9F,
    0x57BF, 0x371D, 0x2412, 0x228B, 0x2A08, 0x29E8, 0x21C7, 0x21A6, 0x4A67, 0x8348, 0x5246, 0x1924, 0x10E4, 0x0882, 0x0041, 0x0041,
    0x0041, 0x0061, 0x0041, 0x0021, 0x1040, 0x20A1, 0x4121, 0x5162, 0x59A2, 0x69C2, 0x69E2, 0x69E2, 0x69C2, 0x7A03, 0x8243, 0x8A84,
    0x92A4, 0x9AC4, 0x92A4, 0x6A03, 0x8347, 0xC46A, 0x82A5, 0x92E5, 0x82A5, 0x3922, 0x5162, 0x3922, 0x6203, 0x28C1, 0x20A1, 0x30C1,
    0x0082, 0x0882, 0x0882, 0x08C3, 0x08E4, 0x0925, 0x0946, 0x09A7, 0x11E9, 0x19A7, 0x3207, 0x52A9, 0x536D, 0x35B9, 0x1F3F, 0x277F,
    0x277F, 0x263A, 0x22CC, 0x2208, 0x21E8, 0x21C7, 0x19A7, 0x1986, 0x3A06, 0x62A7, 0x5A66, 0x2144, 0x08C3, 0x0882, 0x0062, 0x0061,
    0x0041, 0x0021, 0x0021, 0x0021, 0x1060, 0x28C1, 0x30C1, 0x4121, 0x5141, 0x5982, 0x5982, 0x5982, 0x5162, 0x61A2, 0x71E2, 0x8243,
    0x8A63, 0x9284, 0x8A64, 0x6224, 0xBBC7, 0xB386, 0x59C3, 0x4921, 0x2080, 0x0840, 0x1860, 0x1040, 0x1880, 0x1860, 0x2080, 0x2080,
    0x0882, 0x0062, 0x0062, 0x0882, 0x08A3, 0x0904, 0x0925, 0x0966, 0x11C8, 0x11E9, 0x1986, 0x3207, 0x42CA, 0x34B5, 0x1E3C, 0x1E9D,
    0x1EDE, 0x1CD6, 0x1A29, 0x21C7, 0x19A7, 0x19A7, 0x1986, 0x1186, 0x21A6, 0x4A46, 0x5A66, 0x41C5, 0x2103, 0x10A2, 0x0862, 0x0041,
    0x0041, 0x0020, 0x0021, 0x0021, 0x0041, 0x2081, 0x30C1, 0x38E1, 0x3901, 0x4941, 0x4921, 0x4101, 0x4101, 0x4941, 0x5982, 0x69E2,
    0x7A23, 0x8A63, 0x7A43, 0x7A64, 0x9AC4, 0x5182, 0x1060, 0x1040, 0x1040, 0x0840, 0x1040, 0x1040, 0x0840, 0x0840, 0x0840, 0x0840,
    0x0041, 0x0041, 0x0061, 0x0882, 0x08A3, 0x08E4, 0x0904, 0x0925, 0x0946, 0x0987, 0x11A8, 0x1187, 0x21E7, 0x2AED, 0x1D18, 0x1D9B,
    0x1DDB, 0x1C75, 0x1A09, 0x19C7, 0x19A7, 0x1186, 0x1166, 0x1166, 0x1165, 0x29C6, 0x4A26, 0x49E5, 0x3184, 0x2102, 0x18A1, 0x1061,
    0x1041, 0x0841, 0x0021, 0x0021, 0x0021, 0x0840, 0x1881, 0x30C1, 0x30C1, 0x30C1, 0x38E1, 0x38E1, 0x28A1, 0x2081, 0x3901, 0x5982,
    0x71E2, 0x8243, 0x6A03, 0x8AA4, 0x61A2, 0x1860, 0x1040, 0x1860, 0x28C1, 0x20A0, 0x1860, 0x0840, 0x0021, 0x0021, 0x0021, 0x0021,
    0x0061, 0x0062, 0x0862, 0x0882, 0x08C3, 0x08C3, 0x08E4, 0x08E4, 0x0904, 0x0925, 0x0946, 0x0987, 0x1166, 0x1187, 0x12CD, 0x13D3,
    0x1476, 0x1455, 0x126B, 0x11A7, 0x1186, 0x1166, 0x1166, 0x0946, 0x0945, 0x1965, 0x31A5, 0x3184, 0x2943, 0x18C2, 0x1081, 0x0841,
    0x0041, 0x0021, 0x0021, 0x0021, 0x0021, 0x0021, 0x0021, 0x0041, 0x1061, 0x1881, 0x2081, 0x2081, 0x1881, 0x1040, 0x0841, 0x30E1,
    0x5982, 0x69E2, 0x6A03, 0x92A4, 0x4941, 0x1880, 0x38E1, 0x4121, 0x4941, 0x38E1, 0x1860, 0x0021, 0x0021, 0x0021, 0x0021, 0x0021,
    0x0082, 0x00A3, 0x08C3, 0x1104, 0x1104, 0x08E4, 0x08E4, 0x0905, 0x0905, 0x0905, 0x0905, 0x0925, 0x0925, 0x0946, 0x0966, 0x11A7,
    0x122A, 0x124B, 0x11C8, 0x1166, 0x1166, 0x1166, 0x1145, 0x0925, 0x0925, 0x0904, 0x1104, 0x10E3, 0x08A2, 0x0861, 0x0041, 0x0021,
    0x0021, 0x0021, 0x0021, 0x0021, 0x0021, 0x0021, 0x0021, 0x0021, 0x0021, 0x0021, 0x0021, 0x0021, 0x0021, 0x0021, 0x0021, 0x0841,
    0x30C1, 0x5982, 0x7202, 0x8263, 0x30C1, 0x28C1, 0x30E1, 0x1880, 0x28A0, 0x20A1, 0x0021, 0x0021, 0x0021, 0x0021, 0x0021, 0x0021,
    0x08E4, 0x08E4, 0x10E3, 0x08E4, 0x0905, 0x0946, 0x0925, 0x0905, 0x08E4, 0x0926, 0x0946, 0x0967, 0x0987, 0x0966, 0x0946, 0x0946,
    0x0946, 0x0946, 0x0925, 0x0925, 0x0925, 0x0925, 0x0905, 0x0905, 0x0905, 0x0904, 0x08C4, 0x00A3, 0x0882, 0x0882, 0x0062, 0x0062,
    0x0041, 0x0041, 0x0041, 0x0041, 0x0021, 0x0021, 0x0021, 0x0021, 0x0021, 0x0021, 0x0021, 0x0021, 0x0021, 0x0021, 0x0021, 0x0021,
    0x0841, 0x4121, 0x69C2, 0x69C2, 0x2080, 0x1060, 0x1040, 0x1860, 0x2080, 0x0841, 0x0021, 0x0021, 0x0041, 0x0041, 0x0041, 0x0041,
    0x0904, 0x08C4, 0x08A3, 0x08C4, 0x0905, 0x0925, 0x0925, 0x0946, 0x0926, 0x0926, 0x0946, 0x0987, 0x09A8, 0x0A09, 0x0A2A, 0x09E8,
    0x0967, 0x0946, 0x0925, 0x1125, 0x1125, 0x1145, 0x1124, 0x0904, 0x0904, 0x0904, 0x0904, 0x08E4, 0x08C3, 0x08A3, 0x08A3, 0x0882,
    0x0882, 0x0082, 0x0062, 0x0062, 0x0062, 0x0062, 0x0062, 0x0061, 0x0041, 0x0041, 0x0021, 0x0021, 0x0021, 0x0021, 0x0021, 0x0021,
    0x0021, 0x1881, 0x5982, 0x5162, 0x1860, 0x1040, 0x1840, 0x1860, 0x1061, 0x0041, 0x0041, 0x0041, 0x0062, 0x0062, 0x0082, 0x0082,
    0x0082, 0x00A3, 0x08E4, 0x0904, 0x08E4, 0x00C4, 0x00E4, 0x0946, 0x0966, 0x0967, 0x0946, 0x0126, 0x0967, 0x09E9, 0x09E9, 0x0A0A,
    0x0A09, 0x0987, 0x0904, 0x1124, 0x1104, 0x1104, 0x10E4, 0x10E3, 0x10E3, 0x08C3, 0x08A3, 0x08C3, 0x08C3, 0x08C4, 0x08E4, 0x08C4,
    0x08C4, 0x08A3, 0x08A3, 0x00A3, 0x00C3, 0x00C3, 0x00C3, 0x00A3, 0x00C4, 0x00A3, 0x00A3, 0x0062, 0x0041, 0x0041, 0x0021, 0x0021,
    0x0021, 0x0841, 0x3901, 0x4121, 0x1860, 0x1040, 0x1860, 0x1861, 0x0021, 0x0041, 0x0061, 0x0082, 0x00A3, 0x0083, 0x00C3, 0x00E4,
    0x0041, 0x0041, 0x0062, 0x00A3, 0x00E4, 0x0905, 0x0925, 0x0905, 0x0925, 0x0967, 0x0988, 0x01A8, 0x0167, 0x0146, 0x0105, 0x0105,
    0x00C4, 0x00C3, 0x08C3, 0x1104, 0x1104, 0x10E3, 0x08C3, 0x10C3, 0x08A2, 0x10C3, 0x10C2, 0x0882, 0x0862, 0x0882, 0x08A3, 0x08C3,
    0x08E4, 0x08C4, 0x00C3, 0x00C3, 0x00C4, 0x00C4, 0x00C4, 0x00C4, 0x00C4, 0x00E4, 0x00E4, 0x00C4, 0x00C3, 0x0082, 0x0041, 0x0041,
    0x0021, 0x0021, 0x1061, 0x30C1, 0x2081, 0x1861, 0x1061, 0x0021, 0x0021, 0x0041, 0x0041, 0x0082, 0x00C4, 0x0105, 0x0105, 0x00E4,
    0x0021, 0x0041, 0x0041, 0x0041, 0x0041, 0x0062, 0x0083, 0x1105, 0x11A8, 0x0926, 0x00E4, 0x00C4, 0x00C4, 0x00C4, 0x0105, 0x0126,
    0x00A3, 0x00A3, 0x08A2, 0x10E3, 0x10C3, 0x10A2, 0x08A2, 0x08A3, 0x08A2, 0x0882, 0x0882, 0x0882, 0x0862, 0x0861, 0x0881, 0x0882,
    0x0882, 0x08A3, 0x08C3, 0x08E4, 0x00E4, 0x00E5, 0x00E4, 0x00C4, 0x00C4, 0x00E4, 0x00E5, 0x0105, 0x0905, 0x00E4, 0x00C4, 0x00C3,
    0x00A3, 0x0041, 0x0021, 0x0020, 0x0841, 0x0021, 0x0021, 0x0021, 0x0021, 0x0041, 0x0041, 0x0062, 0x00A3, 0x00E4, 0x0105, 0x0105,
    0x0021, 0x0041, 0x0041, 0x0041, 0x0041, 0x0041, 0x0041, 0x0082, 0x08E4, 0x0082, 0x00C4, 0x0167, 0x020B, 0x024D, 0x028E, 0x022C,
    0x00C4, 0x0082, 0x0061, 0x0862, 0x0882, 0x10A2, 0x10C2, 0x10A2, 0x10A2, 0x10A2, 0x1082, 0x0882, 0x0861, 0x0841, 0x0861, 0x0861,
    0x0861, 0x0861, 0x0861, 0x0882, 0x08C3, 0x00E4, 0x0105, 0x0105, 0x0105, 0x00E5, 0x00E4, 0x0105, 0x0125, 0x0126, 0x0926, 0x0926,
    0x0925, 0x08E4, 0x00A3, 0x0082, 0x0061, 0x0041, 0x0041, 0x0041, 0x0041, 0x0041, 0x0082, 0x08A3, 0x00C4, 0x00E4, 0x00E5, 0x0105,
    0x0041, 0x0041, 0x0041, 0x0041, 0x0041, 0x0041, 0x0041, 0x0062, 0x00A3, 0x0082, 0x01A9, 0x028F, 0x026E, 0x01EB, 0x0168, 0x00E5,
    0x0083, 0x0062, 0x0041, 0x0021, 0x0021, 0x0041, 0x0861, 0x10A2, 0x0862, 0x0882, 0x1082, 0x0882, 0x0882, 0x0882, 0x0861, 0x0841,
    0x0841, 0x0841, 0x0841, 0x0841, 0x0841, 0x0861, 0x0082, 0x00C4, 0x0105, 0x0146, 0x0147, 0x0126, 0x0105, 0x0105, 0x0126, 0x0126,
    0x0926, 0x0925, 0x0905, 0x0905, 0x08E4, 0x00C4, 0x00A3, 0x00A3, 0x0083, 0x00C4, 0x00C4, 0x00E4, 0x0105, 0x0126, 0x0126, 0x0105,
    0x0021, 0x0021, 0x0041, 0x0041, 0x0041, 0x0021, 0x0021, 0x0062, 0x0083, 0x0062, 0x00C4, 0x00E5, 0x00A3, 0x00A3, 0x00A3, 0x0082,
    0x0061, 0x0041, 0x0021, 0x0041, 0x0041, 0x0041, 0x0021, 0x0882, 0x0861, 0x0041, 0x0861, 0x0861, 0x0881, 0x1081, 0x1081, 0x1081,
    0x1061, 0x0861, 0x0861, 0x1061, 0x1061, 0x1081, 0x1081, 0x1081, 0x0882, 0x0083, 0x00E5, 0x0146, 0x0988, 0x0988, 0x0967, 0x0926,
    0x0126, 0x0105, 0x0926, 0x0925, 0x0925, 0x0905, 0x0905, 0x0105, 0x0105, 0x0105, 0x0105, 0x0105, 0x0126, 0x0126, 0x0126, 0x0105,
    0x0021, 0x0021, 0x0021, 0x0021, 0x0021, 0x0021, 0x0021, 0x0041, 0x0082, 0x0061, 0x0061, 0x0062, 0x0882, 0x0062, 0x0041, 0x0021,
    0x0021, 0x0021, 0x0041, 0x0061, 0x0041, 0x0041, 0x0861, 0x0861, 0x0041, 0x0041, 0x0841, 0x0861, 0x0861, 0x10A2, 0x0882, 0x1081,
    0x1082, 0x10A2, 0x1061, 0x1061, 0x1081, 0x1081, 0x18A1, 0x18A2, 0x1881, 0x1061, 0x0861, 0x0882, 0x08E4, 0x0126, 0x0167, 0x0167,
    0x0167, 0x0946, 0x0105, 0x0905, 0x0105, 0x0105, 0x0125, 0x0126, 0x0125, 0x0125, 0x0126, 0x0147, 0x0147, 0x0147, 0x0167, 0x0167,
    0x0021, 0x0021, 0x0021, 0x0021, 0x0021, 0x0021, 0x0021, 0x0041, 0x0041, 0x0041, 0x0041, 0x0041, 0x0082, 0x0062, 0x0062, 0x0041,
    0x0062, 0x0061, 0x0061, 0x0062, 0x0861, 0x0882, 0x0861, 0x0021, 0x0021, 0x0841, 0x0882, 0x0861, 0x0041, 0x0021, 0x0021, 0x0021,
    0x0021, 0x0041, 0x0861, 0x1081, 0x1081, 0x1061, 0x1081, 0x1881, 0x18A1, 0x18A1, 0x18A2, 0x18A1, 0x1081, 0x0861, 0x0082, 0x00E4,
    0x0146, 0x0167, 0x0167, 0x0946, 0x0126, 0x0925, 0x0125, 0x0126, 0x0146, 0x0147, 0x0167, 0x0167, 0x0146, 0x0126, 0x0105, 0x00C4,
    0x0041, 0x0041, 0x0041, 0x0021, 0x0041, 0x0021, 0x0021, 0x0021, 0x0021, 0x0021, 0x0021, 0x0021, 0x0021, 0x0041, 0x0062, 0x0062,
    0x0062, 0x0062, 0x0041, 0x0061, 0x0041, 0x0021, 0x0021, 0x0041, 0x0882, 0x0861, 0x0021, 0x0021, 0x0021, 0x0041, 0x0841, 0x0841,
    0x0041, 0x0021, 0x0021, 0x0841, 0x0861, 0x0861, 0x1061, 0x1081, 0x18A2, 0x20C2, 0x18C2, 0x18A2, 0x1881, 0x1881, 0x1081, 0x1061,
    0x0862, 0x00A3, 0x00E4, 0x0146, 0x0188, 0x0988, 0x0167, 0x0167, 0x0146, 0x0126, 0x00E4, 0x00A3, 0x0082, 0x0861, 0x0861, 0x1061,
    0x0021, 0x0041, 0x0841, 0x0861, 0x0841, 0x0841, 0x0021, 0x0021, 0x0021, 0x0041, 0x0041, 0x0061, 0x0041, 0x0021, 0x0021, 0x0021,
    0x0021, 0x0021, 0x0021, 0x0021, 0x0041, 0x0841, 0x0861, 0x0882, 0x0062, 0x0021, 0x0021, 0x0041, 0x0841, 0x0841, 0x0861, 0x0861,
    0x0841, 0x0041, 0x0041, 0x0861, 0x0041, 0x0841, 0x1081, 0x1081, 0x18A2, 0x18A2, 0x18A2, 0x18C2, 0x1881, 0x1881, 0x18A1, 0x1081,
    0x1061, 0x0841, 0x0041, 0x0083, 0x0105, 0x0147, 0x0105, 0x00A3, 0x0062, 0x0861, 0x0861, 0x1061, 0x1081, 0x1081, 0x1061, 0x1081,
};

static const uint16_t kBootFrame2[64 * 98] PROGMEM = {
    0x0021, 0x0021, 0x0021, 0x0041, 0x0021, 0x0021, 0x0021, 0x0021, 0x0021, 0x0021, 0x0021, 0x0021, 0x0021, 0x0021, 0x0021, 0x0021,
    0x0021, 0x0021, 0x0021, 0x0021, 0x0021, 0x0021, 0x0021, 0x0021, 0x0021, 0x0021, 0x0021, 0x0021, 0x0021, 0x0021, 0x0021, 0x0021,
    0x0021, 0x0021, 0x0021, 0x0021, 0x0021, 0x0021, 0x0021, 0x0021, 0x0021, 0x0021, 0x0021, 0x0021, 0x0021, 0x0021, 0x0021, 0x0021,
    0x0021, 0x0021, 0x0021, 0x0021, 0x0021, 0x0021, 0x0021, 0x0041, 0x0021, 0x0021, 0x0021, 0x0021, 0x0021, 0x0021, 0x0021, 0x0021,
    0x0021, 0x0021, 0x0021, 0x0041, 0x0041, 0x0041, 0x0021, 0x0021, 0x0021, 0x0021, 0x0021, 0x0021, 0x0021, 0x0021, 0x0021, 0x0021,
    0x0041, 0x0021, 0x0021, 0x0021, 0x0021, 0x0021, 0x0021, 0x0021, 0x0021, 0x0021, 0x0021, 0x0021, 0x0021, 0x0021, 0x0021, 0x0021,
    0x0021, 0x0021, 0x0021, 0x0021, 0x0021, 0x0021, 0x0021, 0x0021, 0x0021, 0x0021, 0x0021, 0x0021, 0x0021, 0x0021, 0x0021, 0x0041,
    0x0041, 0x0041, 0x0041, 0x0041, 0x0041, 0x0082, 0x01A7, 0x00C3, 0x0062, 0x0082, 0x0041, 0x0021, 0x0021, 0x0021, 0x0021, 0x0021,
    0x0021, 0x0021, 0x0041, 0x0021, 0x0021, 0x0021, 0x0021, 0x0021, 0x0021, 0x0041, 0x0041, 0x0021, 0x0021, 0x0021, 0x0021, 0x0021,
    0x0021, 0x0021, 0x0021, 0x0021, 0x0021, 0x0021, 0x0021, 0x0021, 0x0021, 0x0021, 0x0021, 0x0021, 0x0021, 0x0021, 0x0021, 0x0021,
    0x0021, 0x0021, 0x0021, 0x0021, 0x0021, 0x0021, 0x0021, 0x0021, 0x0021, 0x0021, 0x0021, 0x0021, 0x0041, 0x0062, 0x0062, 0x0041,
    0x0082, 0x00C4, 0x0166, 0x022A, 0x02EC, 0x0229, 0x032E, 0x04D5, 0x026B, 0x028C, 0x0166, 0x0061, 0x0041, 0x0021, 0x0021, 0x0021,
    0x0041, 0x0021, 0x0041, 0x0041, 0x0021, 0x0021, 0x0021, 0x0021, 0x0021, 0x0021, 0x0021, 0x0021, 0x0041, 0x0041, 0x0021, 0x0021,
    0x0021, 0x0021, 0x0021, 0x0021, 0x0021, 0x0021, 0x0021, 0x0021, 0x0021, 0x0021, 0x0021, 0x0021, 0x0021, 0x0021, 0x0021, 0x0021,
    0x0021, 0x0021, 0x0021, 0x0021, 0x0021, 0x0021, 0x0021, 0x0021, 0x0021, 0x0021, 0x0041, 0x0041, 0x0041, 0x0125, 0x038F, 0x0412,
    0x0453, 0x04F5, 0x0578, 0x0515, 0x0598, 0x05FA, 0x04D5, 0x061A, 0x05FA, 0x0599, 0x0598, 0x02CD, 0x00C3, 0x0041, 0x0021, 0x0021,
    0x0021, 0x0021, 0x0021, 0x0041, 0x0041, 0x0082, 0x0041, 0x0041, 0x0041, 0x0021, 0x0021, 0x0021, 0x0021, 0x0041, 0x0021, 0x0021,
    0x0021, 0x0021, 0x0021, 0x0021, 0x0021, 0x0021, 0x0021, 0x0021, 0x0021, 0x0021, 0x0021, 0x0021, 0x0021, 0x0021, 0x0021, 0x0021,
    0x0021, 0x0021, 0x0021, 0x0021, 0x0021, 0x0021, 0x0021, 0x0041, 0x0041, 0x0041, 0x0041, 0x00C3, 0x02ED, 0x0474, 0x04D5, 0x0453,
    0x024A, 0x01C7, 0x09C7, 0x0924, 0x1103, 0x11A6, 0x0945, 0x0965, 0x01C8, 0x03D1, 0x0578, 0x065C, 0x03B0, 0x00E4, 0x0041, 0x0021,
    0x0041, 0x0041, 0x0021, 0x0021, 0x0021, 0x0021, 0x0021, 0x0041, 0x0041, 0x0021, 0x0021, 0x0021, 0x0021, 0x0041, 0x0021, 0x0021,
    0x0041, 0x0021, 0x0021, 0x0021, 0x0021, 0x0021, 0x0021, 0x0021, 0x0041, 0x0021, 0x0021, 0x0021, 0x0021, 0x0021, 0x0021, 0x0021,
    0x0021, 0x0021, 0x0021, 0x0021, 0x0021, 0x0021, 0x0041, 0x0041, 0x0082, 0x0166, 0x032E, 0x04B4, 0x04B4, 0x034F, 0x0925, 0x2103,
    0x49C4, 0x59E3, 0x6A44, 0x51A3, 0x4983, 0x4184, 0x49A4, 0x51E4, 0x4142, 0x3102, 0x08E3, 0x030D, 0x04F6, 0x0453, 0x0126, 0x0041,
    0x0062, 0x0062, 0x0062, 0x0062, 0x0061, 0x0041, 0x0041, 0x0021, 0x0021, 0x0021, 0x0021, 0x0021, 0x0021, 0x0041, 0x0021, 0x0021,
    0x0041, 0x0021, 0x0021, 0x0021, 0x0021, 0x0021, 0x0021, 0x0021, 0x0041, 0x0041, 0x0021, 0x0021, 0x0021, 0x0021, 0x0021, 0x0021,
    0x0021, 0x0021, 0x0021, 0x0041, 0x0041, 0x0041, 0x0041, 0x0041, 0x01C8, 0x0557, 0x04F6, 0x024A, 0x10E3, 0x5245, 0x8348, 0xA3C8,
    0x9B46, 0x6A45, 0x4184, 0x3185, 0x3A49, 0x3249, 0x324A, 0x2209, 0x3207, 0x6245, 0x6A24, 0x28C1, 0x0904, 0x036F, 0x03D1, 0x024A,
    0x0021, 0x0021, 0x0021, 0x0041, 0x0041, 0x0062, 0x0062, 0x0062, 0x0041, 0x0061, 0x0062, 0x0021, 0x0041, 0x0041, 0x0021, 0x0021,
    0x0041, 0x0021, 0x0021, 0x0021, 0x0021, 0x0021, 0x0021, 0x0021, 0x0061, 0x0041, 0x0021, 0x0021, 0x0021, 0x0021, 0x0021, 0x0021,
    0x0021, 0x0021, 0x0041, 0x0041, 0x0041, 0x0061, 0x0862, 0x01C8, 0x0494, 0x036F, 0x08C3, 0x49E5, 0xA42A, 0xC48A, 0xBBE7, 0x92E5,
    0x6245, 0x62A8, 0x4A69, 0x2A6A, 0x1209, 0x026C, 0x028D, 0x0A4C, 0x120A, 0x19E8, 0x5205, 0x92C5, 0x59A2, 0x28E2, 0x0966, 0x02ED,
    0x0062, 0x0062, 0x0062, 0x0062, 0x0041, 0x0021, 0x0021, 0x0041, 0x0041, 0x0062, 0x00A3, 0x0021, 0x0041, 0x0062, 0x0062, 0x0062,
    0x0041, 0x0021, 0x0021, 0x0021, 0x0021, 0x0021, 0x0021, 0x0041, 0x0062, 0x0041, 0x0021, 0x0021, 0x0021, 0x0021, 0x0021, 0x0021,
    0x0041, 0x0041, 0x0041, 0x0041, 0x0061, 0x0882, 0x02AC, 0x0537, 0x028B, 0x2103, 0x8BC9, 0xC48A, 0xC428, 0x92E5, 0x59E4, 0x4183,
    0x7B49, 0x5267, 0x2A6A, 0x02ED, 0x0538, 0x0E3C, 0x05FB, 0x04F7, 0x02EF, 0x0A0B, 0x1209, 0x6224, 0x9B05, 0x8AC5, 0x5A87, 0x1986,
    0x0041, 0x0041, 0x0041, 0x0061, 0x0061, 0x0061, 0x0062, 0x0062, 0x0041, 0x0021, 0x0021, 0x0021, 0x0041, 0x0062, 0x0083, 0x00A3,
    0x0061, 0x0021, 0x0021, 0x0021, 0x0021, 0x0021, 0x0021, 0x0041, 0x0882, 0x0041, 0x0021, 0x0021, 0x0021, 0x0021, 0x0041, 0x0041,
    0x0041, 0x0061, 0x0862, 0x0862, 0x0862, 0x08E4, 0x04D5, 0x038F, 0x18E3, 0x93E9, 0xBC49, 0xA346, 0x7244, 0x49E5, 0x2944, 0x39A5,
    0x4A06, 0x4269, 0x12ED, 0x0E3B, 0x2F9F, 0x57BF, 0x5FBF, 0x375F, 0x15BB, 0x02EF, 0x120A, 0x29C6, 0x9AE5, 0xA346, 0x8AC5, 0x6266,
    0x0082, 0x0082, 0x0082, 0x0062, 0x0061, 0x0041, 0x0041, 0x0041, 0x0041, 0x0041, 0x0021, 0x0021, 0x0041, 0x0062, 0x0041, 0x0041,
    0x0041, 0x0021, 0x0021, 0x0021, 0x0021, 0x0021, 0x0021, 0x0041, 0x0882, 0x0041, 0x0021, 0x0021, 0x0021, 0x0021, 0x0041, 0x0061,
    0x0062, 0x08C3, 0x0987, 0x02CD, 0x026B, 0x030E, 0x0473, 0x08E3, 0x6AA6, 0x9306, 0x6A23, 0x51E4, 0x41C5, 0x3184, 0x10C2, 0x3164,
    0x3144, 0x3A49, 0x0C74, 0x2F7F, 0x67BF, 0x97BF, 0x8FBF, 0x6FBF, 0x371E, 0x0496, 0x0A0A, 0x1A29, 0x6224, 0x92C5, 0x9AE5, 0x8AA4,
    0x0041, 0x0041, 0x0061, 0x0062, 0x0062, 0x0082, 0x0082, 0x0062, 0x0062, 0x0061, 0x0041, 0x0041, 0x0062, 0x0062, 0x0041, 0x0041,
    0x0041, 0x0021, 0x0021, 0x0021, 0x0021, 0x0021, 0x0021, 0x0041, 0x0061, 0x0041, 0x0021, 0x0021, 0x0021, 0x0041, 0x0061, 0x0882,
    0x028B, 0x04F6, 0x0453, 0x03D1, 0x02AC, 0x02ED, 0x0187, 0x20C1, 0x51C3, 0x41A4, 0x39C5, 0x2944, 0x10A2, 0x2103, 0x0882, 0x10A2,
    0x18E3, 0x3A8A, 0x0D15, 0x47BF, 0x8FBF, 0x77BF, 0x57BF, 0x379F, 0x277F, 0x0D9A, 0x0A6C, 0x224A, 0x10E3, 0x41C5, 0x4A05, 0x51A3,
    0x00A3, 0x0083, 0x0082, 0x0062, 0x0062, 0x0061, 0x0041, 0x0061, 0x0062, 0x0062, 0x0082, 0x0041, 0x0062, 0x0082, 0x0041, 0x0041,
    0x0041, 0x0021, 0x0021, 0x0021, 0x0021, 0x0021, 0x0021, 0x0021, 0x0041, 0x0021, 0x0021, 0x0041, 0x0041, 0x0041, 0x08A3, 0x02AC,
    0x0432, 0x026A, 0x29A5, 0x62A7, 0x72E7, 0x7B48, 0x4A05, 0x20C2, 0x2102, 0x18E3, 0x10A2, 0x18C2, 0x10A2, 0x10C3, 0x0882, 0x0882,
    0x10C2, 0x3A49, 0x0C52, 0x1F7F, 0x4F9F, 0x2F9F, 0x279F, 0x0F7F, 0x1F5F, 0x15BA, 0x128C, 0x2A29, 0x08A3, 0x31A6, 0x31E7, 0x08E4,
    0x0061, 0x0062, 0x0082, 0x00A3, 0x00A3, 0x00A3, 0x00A3, 0x0083, 0x0082, 0x0062, 0x0062, 0x0041, 0x0062, 0x0062, 0x0041, 0x0041,
    0x0041, 0x0021, 0x0021, 0x0021, 0x0021, 0x0041, 0x0041, 0x0021, 0x0021, 0x0021, 0x0021, 0x0041, 0x0041, 0x0862, 0x028C, 0x03F2,
    0x1986, 0x7307, 0x9368, 0x82E6, 0x8AE6, 0xA387, 0xC46A, 0xA409, 0x3164, 0x0041, 0x0861, 0x10A2, 0x0882, 0x10A2, 0x0861, 0x0061,
    0x0882, 0x2986, 0x1AED, 0x05FA, 0x0F1F, 0x175F, 0x175F, 0x0F3F, 0x273F, 0x0CD7, 0x228C, 0x21C8, 0x0062, 0x2965, 0x39C6, 0x10C3,
    0x0041, 0x0041, 0x0062, 0x0082, 0x0862, 0x0882, 0x0882, 0x0082, 0x0082, 0x0882, 0x0082, 0x0041, 0x0062, 0x0062, 0x0041, 0x0041,
    0x0061, 0x0021, 0x0041, 0x0041, 0x0041, 0x0041, 0x0041, 0x0021, 0x0021, 0x0021, 0x0041, 0x0041, 0x0041, 0x0125, 0x0453, 0x11A7,
    0x7B07, 0x7A85, 0x30E1, 0x1860, 0x1860, 0x38E1, 0x7203, 0xC428, 0xABE8, 0x20C1, 0x0021, 0x0841, 0x1061, 0x0861, 0x0041, 0x0041,
    0x0062, 0x10A2, 0x29E8, 0x0B6F, 0x05BA, 0x069E, 0x06DE, 0x1F1E, 0x261B, 0x134F, 0x328B, 0x0905, 0x0882, 0x29A6, 0x31C7, 0x10E3,
    0x0061, 0x0041, 0x00A3, 0x00C4, 0x0862, 0x00C4, 0x00E5, 0x0862, 0x0062, 0x0082, 0x0041, 0x0041, 0x0062, 0x0082, 0x0041, 0x0061,
    0x0061, 0x0021, 0x0041, 0x0061, 0x0041, 0x0041, 0x0021, 0x0021, 0x0021, 0x0041, 0x0041, 0x0041, 0x0062, 0x02CC, 0x02AC, 0x5225,
    0x6A44, 0x1060, 0x0020, 0x0021, 0x0021, 0x0840, 0x28A0, 0x7223, 0xCC08, 0x7A64, 0x28C1, 0x61C3, 0x7A43, 0x6A03, 0x59A2, 0x3102,
    0x0062, 0x0082, 0x1146, 0x2229, 0x1AED, 0x0C53, 0x1516, 0x1C33, 0x230D, 0x2A8A, 0x11A7, 0x0861, 0x18A1, 0x1881, 0x0882, 0x00A3,
    0x0041, 0x0041, 0x0062, 0x0082, 0x0062, 0x00E4, 0x0126, 0x0862, 0x00A3, 0x0105, 0x0061, 0x0041, 0x0062, 0x0082, 0x0041, 0x0061,
    0x0041, 0x0021, 0x0041, 0x0041, 0x0041, 0x0021, 0x0021, 0x0021, 0x0041, 0x0041, 0x0041, 0x0041, 0x00C4, 0x03D1, 0x11C7, 0x6A85,
    0x28A1, 0x0020, 0x0020, 0x0020, 0x0021, 0x0021, 0x0840, 0x30E1, 0x92C4, 0xA325, 0xAB66, 0xD489, 0xD489, 0xCC69, 0xCC69, 0x9B67,
    0x2923, 0x00E5, 0x0147, 0x0988, 0x1A6B, 0x226A, 0x2A8B, 0x326A, 0x2A8A, 0x09E9, 0x08E3, 0x3901, 0x61A2, 0x5982, 0x3901, 0x0861,
    0x0041, 0x0041, 0x0062, 0x0082, 0x0061, 0x0882, 0x0083, 0x0061, 0x0082, 0x00A3, 0x0061, 0x0061, 0x0082, 0x0082, 0x0061, 0x0062,
    0x0061, 0x0021, 0x0041, 0x0021, 0x0021, 0x0021, 0x0021, 0x0041, 0x0041, 0x0041, 0x0041, 0x0062, 0x08C3, 0x02CD, 0x2984, 0x5A04,
    0x1040, 0x1040, 0x1040, 0x0820, 0x0021, 0x0021, 0x0020, 0x2080, 0x71E2, 0xA304, 0xCC48, 0xDCCA, 0xDD0B, 0xDD0B, 0xEDCF, 0xEE52,
    0x9C0B, 0x2944, 0x00A3, 0x00C4, 0x0188, 0x0146, 0x0946, 0x0146, 0x0146, 0x1945, 0x4962, 0x92C5, 0xAB45, 0x92E5, 0x8AA4, 0x4122,
    0x0041, 0x0061, 0x0082, 0x0082, 0x0862, 0x0082, 0x0082, 0x0061, 0x0082, 0x0082, 0x0061, 0x0062, 0x0882, 0x0062, 0x0061, 0x0062,
    0x0061, 0x0021, 0x0041, 0x0021, 0x0021, 0x0041, 0x0021, 0x0041, 0x0061, 0x0041, 0x0041, 0x0061, 0x08E4, 0x0390, 0x31A5, 0x4963,
    0x1040, 0x1860, 0x1040, 0x0020, 0x0021, 0x0021, 0x0021, 0x1040, 0x5982, 0xB386, 0xD489, 0xDCAA, 0xDCEB, 0xE58E, 0xE5D0, 0xB48C,
    0x6A65, 0x20C1, 0x0820, 0x0041, 0x0062, 0x0041, 0x0861, 0x2923, 0x5A46, 0x9368, 0xA326, 0xC3E7, 0xBBE7, 0xB3A6, 0xBBA7, 0x92A4,
    0x0062, 0x0061, 0x0082, 0x0082, 0x0862, 0x0082, 0x0082, 0x0062, 0x0082, 0x0082, 0x0082, 0x0083, 0x0862, 0x0061, 0x0061, 0x0062,
    0x0061, 0x0021, 0x0041, 0x0021, 0x0021, 0x0041, 0x0021, 0x0041, 0x0061, 0x0041, 0x0041, 0x0061, 0x08C4, 0x0370, 0x2165, 0x4122,
    0x2060, 0x2060, 0x1040, 0x0840, 0x0021, 0x0021, 0x0021, 0x1881, 0x9B05, 0xCC48, 0xD489, 0xDCCA, 0xD4AA, 0xC46A, 0x6A66, 0x2081,
    0x1040, 0x0840, 0x0820, 0x0020, 0x0020, 0x0020, 0x0840, 0x59E4, 0xCD4F, 0xEE32, 0xCC8A, 0xCC69, 0xCC49, 0xC408, 0xC408, 0xB3A7,
    0x0062, 0x0062, 0x0082, 0x0082, 0x0862, 0x0082, 0x0083, 0x0862, 0x0082, 0x00A3, 0x0882, 0x0882, 0x0862, 0x0061, 0x0061, 0x0062,
    0x0062, 0x0041, 0x0041, 0x0021, 0x0021, 0x0041, 0x0041, 0x0041, 0x0061, 0x0041, 0x0041, 0x0061, 0x0882, 0x034F, 0x19A6, 0x4942,
    0x28A0, 0x2880, 0x1860, 0x0840, 0x0021, 0x0021, 0x1061, 0x8306, 0xD489, 0xD468, 0xD489, 0xD448, 0xAB46, 0x4942, 0x1860, 0x0840,
    0x0020, 0x0820, 0x1061, 0x1061, 0x0841, 0x0041, 0x0841, 0x1881, 0x93CA, 0xEE53, 0xDD0C, 0xD48A, 0xCC69, 0xCC49, 0xCC69, 0xD54E,
    0x0061, 0x0862, 0x0882, 0x00A3, 0x0862, 0x0882, 0x00A3, 0x0862, 0x0882, 0x00A3, 0x0882, 0x08A3, 0x00A3, 0x00A3, 0x0082, 0x0882,
    0x0041, 0x0041, 0x0041, 0x0021, 0x0041, 0x0041, 0x0021, 0x0041, 0x0061, 0x0041, 0x0041, 0x0061, 0x0862, 0x022B, 0x024B, 0x38E1,
    0x38C1, 0x30A1, 0x2080, 0x1040, 0x0020, 0x0841, 0x7B07, 0xDD2C, 0xD468, 0xD489, 0xD448, 0xA305, 0x4942, 0x1860, 0x1040, 0x0020,
    0x0020, 0x0841, 0x18C2, 0x18E3, 0x08A3, 0x0041, 0x0021, 0x0841, 0x3143, 0xC4AC, 0xD4AA, 0xD4AA, 0xCC49, 0xC429, 0xD4AB, 0xEE32,
    0x0082, 0x0082, 0x00C4, 0x00C4, 0x0882, 0x0883, 0x08A3, 0x0882, 0x0882, 0x00A3, 0x0082, 0x0082, 0x00C4, 0x00E4, 0x00E5, 0x00C4,
    0x0082, 0x0041, 0x0041, 0x0021, 0x0041, 0x0041, 0x0021, 0x0041, 0x0062, 0x0041, 0x0041, 0x0041, 0x0862, 0x08E4, 0x030F, 0x1924,
    0x38C1, 0x40E1, 0x30C1, 0x1060, 0x0020, 0x49E4, 0xD52C, 0xD448, 0xCC07, 0xD489, 0xD4AA, 0xAB46, 0x4921, 0x30C1, 0x1860, 0x0020,
    0x2123, 0x736C, 0x8C2F, 0x6B4C, 0x3A08, 0x10E3, 0x0021, 0x0820, 0x1061, 0x7AA6, 0xCC6A, 0xD4AB, 0xC449, 0xC449, 0xC48B, 0x93CA,
    0x00A3, 0x00C3, 0x0126, 0x0106, 0x0882, 0x08A3, 0x08A3, 0x0882, 0x0882, 0x00A3, 0x0082, 0x0082, 0x0882, 0x0882, 0x0882, 0x0082,
    0x0062, 0x0041, 0x0041, 0x0021, 0x0041, 0x0041, 0x0021, 0x0041, 0x0062, 0x0041, 0x0041, 0x0041, 0x0061, 0x0862, 0x01EA, 0x028D,
    0x18A2, 0x30C1, 0x38C1, 0x1860, 0x0861, 0x9BEA, 0xD4A9, 0xC3A6, 0xD448, 0xDCCA, 0xDCEB, 0xCC69, 0x8264, 0x3901, 0x28A1, 0x1040,
    0x734B, 0xB552, 0x842F, 0x6B4D, 0x1904, 0x29C7, 0x0041, 0x0840, 0x1881, 0x8AE6, 0xD4AB, 0xCCAB, 0xC46A, 0xC46A, 0x8B48, 0x18E3,
    0x0882, 0x0882, 0x08A3, 0x08A3, 0x0882, 0x08A3, 0x00A3, 0x0882, 0x0882, 0x00A3, 0x0082, 0x00A3, 0x0882, 0x0882, 0x0862, 0x0862,
    0x0061, 0x0041, 0x0041, 0x0021, 0x0041, 0x0041, 0x0021, 0x0041, 0x0062, 0x0041, 0x0041, 0x0041, 0x0061, 0x0862, 0x0882, 0x01EA,
    0x022B, 0x1082, 0x2080, 0x1040, 0x3163, 0xBC8A, 0xBBA6, 0xC407, 0xE54D, 0xEE31, 0xEE73, 0xEE32, 0xC46A, 0x5982, 0x30C1, 0x28A1,
    0x62A8, 0x5247, 0x1082, 0x10C3, 0x0146, 0x1966, 0x0882, 0x0840, 0x20A1, 0xABC8, 0xD4AA, 0xCC8A, 0xC46A, 0xBC6B, 0x5226, 0x0082,
    0x0082, 0x0882, 0x0882, 0x0882, 0x0882, 0x08A3, 0x00A3, 0x0882, 0x0882, 0x00A3, 0x00E4, 0x0106, 0x00A3, 0x00C3, 0x00A3, 0x00A3,
    0x0062, 0x0061, 0x0041, 0x0021, 0x0041, 0x0041, 0x0041, 0x0041, 0x0862, 0x0061, 0x0061, 0x0061, 0x0061, 0x0062, 0x0862, 0x08A3,
    0x01A8, 0x022B, 0x0105, 0x0041, 0x39A4, 0xC46A, 0xAB45, 0xD48A, 0xEE31, 0xF6B4, 0xF6D5, 0xF6F6, 0xF694, 0xBC8C, 0x59A3, 0x30E1,
    0x28C2, 0x28E2, 0x0840, 0x0062, 0x1104, 0x10C3, 0x1881, 0x1840, 0x4122, 0xC449, 0xDD0B, 0xDCEB, 0xD48A, 0xAC2B, 0x1924, 0x29A6,
    0x00E4, 0x00C3, 0x00A3, 0x0882, 0x0882, 0x08A3, 0x08A3, 0x0882, 0x08A3, 0x00C3, 0x08C3, 0x00C4, 0x0882, 0x0882, 0x0882, 0x0882,
    0x0061, 0x0041, 0x0041, 0x0021, 0x0041, 0x0041, 0x0041, 0x0062, 0x0882, 0x0966, 0x0187, 0x00C3, 0x0062, 0x0062, 0x0062, 0x0882,
    0x0882, 0x0105, 0x022B, 0x01EA, 0x41C4, 0xABE8, 0xA305, 0xD4EC, 0xEE73, 0xEE94, 0xF6D6, 0xF717, 0xF6F6, 0xF6D5, 0xBC8C, 0x5182,
    0x30C1, 0x28E2, 0x1881, 0x08A2, 0x2123, 0x1061, 0x2080, 0x4962, 0xABC8, 0xE54C, 0xEDAE, 0xED6D, 0xE50B, 0xB48D, 0x1104, 0x0882,
    0x0082, 0x0082, 0x00A3, 0x0882, 0x0882, 0x08A3, 0x08A3, 0x0882, 0x08A3, 0x00C4, 0x00C3, 0x08A3, 0x0882, 0x0862, 0x0862, 0x0862,
    0x0061, 0x0041, 0x0041, 0x0021, 0x0041, 0x0061, 0x0041, 0x0862, 0x0104, 0x1A28, 0x11A7, 0x0146, 0x0862, 0x0062, 0x0862, 0x0882,
    0x08A2, 0x08A3, 0x0126, 0x028D, 0x10E3, 0x9B87, 0x9B25, 0xBC8C, 0xE612, 0xEE94, 0xF6B5, 0xF6F6, 0xF6F7, 0xF717, 0xF694, 0xC4ED,
    0x82E7, 0x4142, 0x20A1, 0x2081, 0x28A1, 0x4122, 0x82C6, 0xD54E, 0xF673, 0xEDF0, 0xED6D, 0xE52C, 0xE4EB, 0xCD0D, 0x3A07, 0x0000,
    0x08C4, 0x08A3, 0x00E4, 0x08A3, 0x0882, 0x08A3, 0x08A3, 0x0882, 0x00C4, 0x0126, 0x00C4, 0x00C4, 0x00A3, 0x00C3, 0x0882, 0x0882,
    0x0061, 0x0041, 0x0041, 0x0021, 0x0041, 0x0061, 0x0041, 0x0862, 0x0125, 0x1A08, 0x1124, 0x0146, 0x0882, 0x0862, 0x0882, 0x0882,
    0x08A3, 0x08A3, 0x00C4, 0x02AE, 0x09E9, 0x49A3, 0x8AC4, 0x9BA9, 0xC550, 0xE633, 0xEE94, 0xEEB5, 0xF6F6, 0xF6F6, 0xF717, 0xF717,
    0xEE94, 0xCD70, 0xB4AD, 0xAC4B, 0xBC8C, 0xD52E, 0xEE73, 0xF6F5, 0xF6F6, 0xF6B4, 0xEDAE, 0xDD2C, 0xCC69, 0xDD0B, 0x9C4D, 0x1082,
    0x00C4, 0x00C4, 0x0147, 0x00E4, 0x0882, 0x08A3, 0x00C3, 0x0882, 0x08A3, 0x00C4, 0x0882, 0x0883, 0x0883, 0x08A3, 0x0882, 0x08A3,
    0x0062, 0x0061, 0x0041, 0x0021, 0x0041, 0x0061, 0x0041, 0x0862, 0x0125, 0x2269, 0x1945, 0x0167, 0x0882, 0x0882, 0x0882, 0x08A3,
    0x08A3, 0x00C3, 0x00C4, 0x0146, 0x028D, 0x08E4, 0x6A23, 0x8B27, 0x9C2D, 0xC570, 0xE633, 0xEE74, 0xEEB5, 0xF6D6, 0xF6F6, 0xF6F7,
    0xE6B6, 0xB551, 0xC592, 0xF6F6, 0xF6F6, 0xF6F6, 0xF717, 0xF738, 0xFF59, 0xEEF6, 0x9C0B, 0x49E4, 0x3963, 0x51E4, 0x8BCC, 0x634C,
    0x08A3, 0x0882, 0x08A3, 0x08A3, 0x0882, 0x08C3, 0x00C4, 0x0882, 0x00C4, 0x00E5, 0x0882, 0x0862, 0x0882, 0x08A3, 0x0882, 0x0882,
    0x0062, 0x0061, 0x0041, 0x0021, 0x0061, 0x0062, 0x0061, 0x0882, 0x0105, 0x1A08, 0x1124, 0x0187, 0x08A3, 0x08A3, 0x08A3, 0x00A3,
    0x00C4, 0x0126, 0x0167, 0x0188, 0x028D, 0x028D, 0x10A2, 0x5182, 0x8307, 0xA48E, 0xBD51, 0xD613, 0xEE95, 0xEEB5, 0xEED6, 0xF6F7,
    0xDE75, 0xA48F, 0x7B6B, 0xEEB5, 0xF6F6, 0xF738, 0xF738, 0xF759, 0xFF7A, 0xAD11, 0x51C4, 0x5A26, 0x3984, 0x1904, 0x21A7, 0x7C92,
    0x00E4, 0x00C4, 0x00E4, 0x00E4, 0x00C4, 0x0127, 0x0126, 0x08A3, 0x0105, 0x08C3, 0x0882, 0x0882, 0x0882, 0x08A3, 0x00A3, 0x0882,
    0x0062, 0x0061, 0x0061, 0x0041, 0x0061, 0x0862, 0x0062, 0x0882, 0x00E4, 0x11E7, 0x10E3, 0x0187, 0x08A3, 0x08A3, 0x00C4, 0x0147,
    0x022B, 0x024C, 0x01CA, 0x0188, 0x0126, 0x00E4, 0x0041, 0x1040, 0x30E1, 0x72E8, 0x9C6E, 0xAD10, 0xCDF3, 0xDE75, 0xE6B6, 0xEEB6,
    0xF6D6, 0xF717, 0xB552, 0xB510, 0xF717, 0xF738, 0xF739, 0xF759, 0xFF79, 0x944E, 0x18A2, 0x2103, 0x2924, 0x1125, 0x0946, 0x3B4E,
    0x0882, 0x0882, 0x0882, 0x0882, 0x08A3, 0x08C4, 0x00C4, 0x00C4, 0x00C4, 0x08A3, 0x00A3, 0x00C4, 0x00E4, 0x00C4, 0x00A3, 0x0882,
    0x0061, 0x0062, 0x0061, 0x0041, 0x0061, 0x0862, 0x0862, 0x0882, 0x00C4, 0x19E7, 0x2144, 0x0167, 0x00C4, 0x00E4, 0x01C9, 0x022B,
    0x01C9, 0x0946, 0x08A3, 0x0062, 0x0041, 0x0020, 0x0021, 0x28A1, 0x1880, 0x30E1, 0x6A87, 0x8C4E, 0x9CF2, 0xAD73, 0xC5F4, 0xDE76,
    0xE6B6, 0xEED7, 0xEEF7, 0xACF1, 0xB572, 0xEEF7, 0xF718, 0xF738, 0xFF59, 0xBD93, 0x2124, 0x0882, 0x08C3, 0x0105, 0x0987, 0x74B3,
    0x0882, 0x0882, 0x0882, 0x0882, 0x0882, 0x0882, 0x00A3, 0x00E5, 0x08A3, 0x0882, 0x08A3, 0x08A3, 0x08A3, 0x08A3, 0x08A3, 0x0882,
    0x0061, 0x0061, 0x0061, 0x0041, 0x0061, 0x0862, 0x0862, 0x0882, 0x00C4, 0x19E7, 0x1903, 0x0167, 0x00E4, 0x01EA, 0x0A2A, 0x1966,
    0x08C4, 0x0062, 0x0021, 0x0041, 0x0881, 0x0861, 0x0841, 0x30E1, 0x30C1, 0x40E1, 0x4962, 0x6287, 0x7BCC, 0x8C91, 0x8D33, 0xA5B5,
    0xC615, 0xD656, 0xE6B6, 0xE6B7, 0xA532, 0x9513, 0xC677, 0xDEF9, 0xE71A, 0xBEB9, 0x3C32, 0x0A2A, 0x01C9, 0x0ACD, 0x4C93, 0x7618,
    0x00C4, 0x08C4, 0x08C4, 0x08C4, 0x08C4, 0x08A3, 0x00A3, 0x00A3, 0x08A3, 0x0105, 0x08A3, 0x08A3, 0x08A3, 0x0882, 0x0882, 0x0882,
    0x0062, 0x0062, 0x0862, 0x0041, 0x0062, 0x0862, 0x0882, 0x08A3, 0x0105, 0x11E8, 0x18E3, 0x0187, 0x0147, 0x02CE, 0x2944, 0x10E3,
    0x0061, 0x0020, 0x2923, 0x41C4, 0x4A05, 0x41A4, 0x2103, 0x18C2, 0x1881, 0x30C1, 0x5982, 0x6A24, 0x7329, 0x83ED, 0x8470, 0x7CF3,
    0x7D55, 0x8DB6, 0xAE17, 0xCE77, 0xE6D7, 0xC615, 0x7D34, 0x6596, 0x5E39, 0x4E7B, 0x2DF9, 0x0C12, 0x1D36, 0x469C, 0x3E7B, 0x1DD8,
    0x08C3, 0x08C4, 0x00C4, 0x00E4, 0x00E4, 0x00E4, 0x00C4, 0x00C4, 0x00E4, 0x0147, 0x0105, 0x0126, 0x0105, 0x00C4, 0x0882, 0x0882,
    0x0062, 0x0862, 0x0862, 0x0041, 0x0062, 0x0882, 0x0882, 0x00C4, 0x020A, 0x19C7, 0x0882, 0x0167, 0x01C9, 0x024C, 0x28E2, 0x18C2,
    0x3184, 0x4A06, 0x41C5, 0x3964, 0x2903, 0x2902, 0x18C2, 0x2103, 0x2103, 0x18C2, 0x28E1, 0x59C3, 0x8B48, 0x940D, 0x946E, 0x8C70,
    0x7492, 0x6515, 0x65B8, 0x6E39, 0x8E9A, 0xBEDA, 0xCEFA, 0xB699, 0x8E18, 0x6619, 0x35D8, 0x2557, 0x1DF9, 0x1DD8, 0x0CB4, 0x036F,
    0x0882, 0x08A3, 0x08A3, 0x00A3, 0x08A3, 0x08A3, 0x0882, 0x08A2, 0x08A3, 0x08C3, 0x08A3, 0x08A3, 0x00A3, 0x00A3, 0x0882, 0x0882,
    0x0062, 0x0882, 0x0882, 0x0041, 0x0862, 0x0882, 0x08A3, 0x09C8, 0x11E8, 0x2123, 0x0061, 0x01A8, 0x026D, 0x3227, 0x62A7, 0x5246,
    0x5267, 0x41E5, 0x3164, 0x3984, 0x4184, 0x49C5, 0x3164, 0x2103, 0x18C2, 0x20E3, 0x10C3, 0x18C2, 0x7265, 0xB44B, 0xB50F, 0xACCF,
    0x9490, 0x7CB1, 0x5CB3, 0x3CF6, 0x2D78, 0x363A, 0x5E9B, 0x7F1C, 0x7F5E, 0x775E, 0x56BC, 0x2CB4, 0x0B2E, 0x024B, 0x0188, 0x0126,
    0x0147, 0x0126, 0x0105, 0x0105, 0x00E5, 0x00E5, 0x08A3, 0x0882, 0x08A3, 0x08A3, 0x08A3, 0x0882, 0x0882, 0x0882, 0x0882, 0x0882,
    0x0062, 0x0882, 0x08A3, 0x0041, 0x0862, 0x0882, 0x00E4, 0x1A28, 0x2923, 0x2943, 0x0061, 0x0146, 0x4A88, 0x5A66, 0x2923, 0x10A2,
    0x0882, 0x0841, 0x0861, 0x0861, 0x10A2, 0x18E3, 0x2944, 0x2124, 0x2944, 0x20E3, 0x10A2, 0x0882, 0x10C2, 0x7AC6, 0xDDB0, 0xD5D2,
    0xBD71, 0xA4F1, 0x84D2, 0x5CD4, 0x3473, 0x2C53, 0x1C12, 0x0BF1, 0x0AEC, 0x128B, 0x0966, 0x0082, 0x00A3, 0x020B, 0x01A9, 0x0126,
    0x0147, 0x0106, 0x0105, 0x0106, 0x0126, 0x0147, 0x00A3, 0x08A3, 0x00E5, 0x00E4, 0x00E4, 0x00C4, 0x00C4, 0x00A3, 0x00A3, 0x0882,
    0x0062, 0x0082, 0x00A3, 0x0062, 0x0882, 0x08A3, 0x00E4, 0x19E7, 0x2923, 0x3163, 0x0061, 0x2923, 0x6287, 0x2103, 0x0882, 0x0841,
    0x0021, 0x0021, 0x0021, 0x0021, 0x0020, 0x0041, 0x0861, 0x10A2, 0x2104, 0x2944, 0x2103, 0x10A2, 0x0082, 0x18E3, 0xA3EA, 0xE633,
    0xE674, 0xD5F3, 0xAD52, 0x8D13, 0x6D14, 0x54D5, 0x2D16, 0x0B6F, 0x0021, 0x0000, 0x0020, 0x0082, 0x00C4, 0x01A8, 0x020A, 0x0188,
    0x0082, 0x0882, 0x08A3, 0x08A3, 0x08A3, 0x08A3, 0x0882, 0x08A3, 0x08A3, 0x0882, 0x0082, 0x0082, 0x0882, 0x0882, 0x0882, 0x0882,
    0x0862, 0x0082, 0x00A3, 0x0062, 0x0882, 0x08A3, 0x00E5, 0x19E8, 0x2923, 0x2923, 0x0841, 0x2943, 0x3144, 0x18C2, 0x0041, 0x0021,
    0x0021, 0x0021, 0x0041, 0x0041, 0x0021, 0x0021, 0x0021, 0x0020, 0x0041, 0x10A2, 0x18E3, 0x18E3, 0x10E3, 0x00C4, 0x3143, 0xCD0E,
    0xEEB5, 0xEEB6, 0xDE55, 0xBDB3, 0x9554, 0x7D55, 0x4577, 0x128B, 0x0020, 0x0021, 0x0082, 0x00A3, 0x0082, 0x01E9, 0x022B, 0x02CD,
    0x0083, 0x08A3, 0x08A3, 0x08A3, 0x08A3, 0x08A3, 0x08A3, 0x08A3, 0x0882, 0x0882, 0x0882, 0x0862, 0x0862, 0x0862, 0x0882, 0x0882,
    0x0062, 0x0083, 0x00A3, 0x0862, 0x0882, 0x08A3, 0x00E5, 0x11E8, 0x2943, 0x2902, 0x0041, 0x10A1, 0x10A2, 0x0041, 0x0021, 0x0021,
    0x0861, 0x20C2, 0x20E3, 0x2903, 0x2903, 0x20E2, 0x1081, 0x0021, 0x0021, 0x0021, 0x0861, 0x0882, 0x10A2, 0x1124, 0x0905, 0x6AC7,
    0xE633, 0xF6F7, 0xEEB6, 0xE675, 0xCE15, 0xADD5, 0x8575, 0x4289, 0x0021, 0x0041, 0x00A3, 0x00A3, 0x01A8, 0x0188, 0x01A8, 0x132E,
    0x08A3, 0x08C3, 0x08C4, 0x08C4, 0x00C4, 0x00C4, 0x00C4, 0x00C3, 0x00A3, 0x00A3, 0x00A3, 0x08A3, 0x0882, 0x0882, 0x0882, 0x08A3,
    0x0062, 0x0083, 0x00C4, 0x0882, 0x0882, 0x00A3, 0x0146, 0x09E8, 0x2103, 0x2943, 0x0041, 0x0841, 0x0841, 0x0021, 0x0021, 0x10A2,
    0x5A45, 0x5205, 0x5A05, 0x5205, 0x5205, 0x41A5, 0x3144, 0x18A2, 0x0021, 0x0021, 0x0021, 0x0021, 0x0041, 0x08C3, 0x0146, 0x09A8,
    0x7B6A, 0xE654, 0xEED6, 0xEED7, 0xE6B7, 0xD677, 0xA5B5, 0x4A89, 0x0041, 0x00A3, 0x00E5, 0x0167, 0x020A, 0x00A3, 0x01C9, 0x32AA,
    0x0041, 0x0041, 0x0061, 0x0062, 0x0061, 0x0041, 0x0041, 0x0061, 0x0062, 0x0062, 0x0041, 0x0061, 0x0061, 0x0062, 0x0062, 0x0882,
    0x0061, 0x00A3, 0x00C4, 0x0882, 0x0882, 0x00C4, 0x11E8, 0x31C5, 0x20C2, 0x18C2, 0x0041, 0x0841, 0x0041, 0x0041, 0x0020, 0x6AA6,
    0x93A9, 0x5A25, 0x5A05, 0x5205, 0x5206, 0x5226, 0x3984, 0x20E2, 0x0861, 0x0041, 0x20C2, 0x0861, 0x0021, 0x0041, 0x0082, 0x0146,
    0x09A8, 0x7B8B, 0xE675, 0xEED7, 0xEED7, 0xD697, 0xA5D6, 0x4A88, 0x0062, 0x00E4, 0x01A9, 0x0167, 0x0082, 0x00C3, 0x128B, 0x4268,
    0x0041, 0x0041, 0x0041, 0x0061, 0x0061, 0x0041, 0x0061, 0x0082, 0x0862, 0x0062, 0x0062, 0x0062, 0x0041, 0x0061, 0x0862, 0x0882,
    0x0882, 0x08A3, 0x00C4, 0x0882, 0x0882, 0x00E5, 0x21E8, 0x3163, 0x0841, 0x1061, 0x20C1, 0x1081, 0x0021, 0x0020, 0x2943, 0xB4AB,
    0x72A6, 0x49A4, 0x3123, 0x2103, 0x2123, 0x3144, 0x41C5, 0x3164, 0x1082, 0x0041, 0x2103, 0x2943, 0x10A2, 0x0041, 0x0041, 0x0062,
    0x0146, 0x09C8, 0x8C2D, 0xE696, 0xE6D8, 0xCE98, 0xA573, 0x39C5, 0x0082, 0x0147, 0x0147, 0x0062, 0x00A3, 0x0105, 0x1A6A, 0x3164,
    0x0041, 0x0041, 0x0041, 0x0061, 0x0061, 0x0041, 0x0062, 0x00C3, 0x08A3, 0x08A3, 0x08A3, 0x0082, 0x0041, 0x0062, 0x0882, 0x08A3,
    0x00C3, 0x08A3, 0x00A3, 0x0882, 0x0882, 0x00C4, 0x1187, 0x2943, 0x3184, 0x49E5, 0x2903, 0x10A2, 0x0021, 0x0020, 0x6AE7, 0xA3E9,
    0x4183, 0x31A5, 0x22CB, 0x1B0C, 0x1249, 0x1104, 0x2103, 0x41A5, 0x20E3, 0x0041, 0x0041, 0x3143, 0x39A5, 0x18E3, 0x0021, 0x0020,
    0x0041, 0x0167, 0x1A09, 0xA4B0, 0xD676, 0xC616, 0x83ED, 0x10C3, 0x0167, 0x0126, 0x0062, 0x00C4, 0x0126, 0x01A7, 0x2A07, 0x2103,
    0x0061, 0x0061, 0x0062, 0x0061, 0x0061, 0x0041, 0x0041, 0x00A3, 0x08A3, 0x08A3, 0x0882, 0x0862, 0x0041, 0x0061, 0x0862, 0x0882,
    0x08A3, 0x08A3, 0x0882, 0x0882, 0x08A3, 0x00E4, 0x0967, 0x5A66, 0x62C7, 0x3184, 0x2103, 0x1082, 0x0021, 0x0861, 0x9C2B, 0x7286,
    0x2923, 0x1A08, 0x1536, 0x0E9B, 0x0C32, 0x1104, 0x1082, 0x3144, 0x2924, 0x0861, 0x0020, 0x0861, 0x39A5, 0x2944, 0x0862, 0x0882,
    0x0041, 0x0041, 0x0126, 0x2A08, 0x9CD0, 0xA511, 0x4227, 0x0167, 0x00C4, 0x0041, 0x00C4, 0x0147, 0x0146, 0x1229, 0x4207, 0x2944,
    0x0041, 0x0041, 0x0041, 0x0041, 0x0041, 0x0041, 0x0041, 0x0041, 0x0061, 0x0041, 0x0041, 0x0041, 0x0041, 0x0041, 0x0041, 0x0061,
    0x0061, 0x0062, 0x0061, 0x0882, 0x08A3, 0x0105, 0x29E7, 0x6AA6, 0x2943, 0x2123, 0x18E3, 0x0861, 0x0021, 0x18C2, 0xA44B, 0x51E4,
    0x20E2, 0x1945, 0x136F, 0x0CF5, 0x11A7, 0x10C3, 0x0882, 0x18E3, 0x2944, 0x10A2, 0x0021, 0x0021, 0x0861, 0x2944, 0x3185, 0x1125,
    0x0083, 0x0041, 0x0021, 0x0146, 0x32AA, 0x5AC9, 0x1166, 0x00E4, 0x0021, 0x0082, 0x0167, 0x0147, 0x0167, 0x2269, 0x39A5, 0x2103,
    0x0021, 0x0021, 0x0021, 0x0021, 0x0021, 0x0021, 0x0021, 0x0021, 0x0021, 0x0021, 0x0021, 0x0021, 0x0021, 0x0021, 0x0021, 0x0041,
    0x0041, 0x0061, 0x0862, 0x0882, 0x08A3, 0x00E5, 0x29C6, 0x5A46, 0x5267, 0x4A26, 0x20E3, 0x0882, 0x0041, 0x3164, 0x9C0A, 0x3122,
    0x10A2, 0x1208, 0x0CB4, 0x0ACC, 0x1104, 0x10E3, 0x08A2, 0x18C3, 0x2944, 0x08A3, 0x0041, 0x0021, 0x0862, 0x0861, 0x1904, 0x1986,
    0x0926, 0x0905, 0x0083, 0x0062, 0x0926, 0x1925, 0x0126, 0x0041, 0x08C4, 0x00C4, 0x0146, 0x0126, 0x0A0A, 0x29C7, 0x2923, 0x10A2,
    0x0021, 0x0021, 0x0021, 0x0021, 0x0021, 0x0021, 0x0021, 0x0021, 0x0021, 0x0021, 0x0021, 0x0041, 0x0041, 0x0041, 0x0041, 0x0061,
    0x0061, 0x0882, 0x0882, 0x0882, 0x08A3, 0x00E4, 0x21A6, 0x5A86, 0x39E5, 0x3143, 0x18C2, 0x0882, 0x0041, 0x2943, 0x8369, 0x20C2,
    0x10A2, 0x0B6F, 0x0C93, 0x09A7, 0x0ACC, 0x0904, 0x08A2, 0x18E3, 0x2124, 0x08A3, 0x0062, 0x0021, 0x0882, 0x0861, 0x0021, 0x00A3,
    0x0125, 0x0966, 0x0905, 0x10C3, 0x0083, 0x0967, 0x00C3, 0x0083, 0x0905, 0x00C4, 0x00E5, 0x01C9, 0x12AC, 0x2944, 0x18E2, 0x0882,
    0x0041, 0x0041, 0x0061, 0x0061, 0x0041, 0x0021, 0x0021, 0x0021, 0x0041, 0x0041, 0x0041, 0x0041, 0x0041, 0x0061, 0x0062, 0x0062,
    0x0862, 0x0862, 0x0882, 0x0882, 0x0882, 0x00C4, 0x1986, 0x5A65, 0x3143, 0x3122, 0x18C2, 0x10A2, 0x0021, 0x3164, 0x9BEA, 0x3102,
    0x10A2, 0x09C8, 0x0CF5, 0x0D16, 0x0BB0, 0x08E3, 0x0882, 0x2923, 0x2944, 0x0904, 0x00A4, 0x0021, 0x0861, 0x0882, 0x08A3, 0x0083,
    0x0041, 0x0083, 0x0882, 0x29A6, 0x1104, 0x0126, 0x0105, 0x0146, 0x0126, 0x0105, 0x01A9, 0x024B, 0x2269, 0x3144, 0x18C2, 0x0882,
    0x0061, 0x0061, 0x0062, 0x0041, 0x0041, 0x0021, 0x0041, 0x0041, 0x0041, 0x0062, 0x0062, 0x0062, 0x0862, 0x0862, 0x0882, 0x0882,
    0x0882, 0x0882, 0x0882, 0x0862, 0x0882, 0x00A3, 0x1146, 0x5225, 0x2902, 0x3122, 0x18E2, 0x10A2, 0x0021, 0x3163, 0x93A9, 0x3943,
    0x1081, 0x08A2, 0x0A09, 0x0AAC, 0x0905, 0x0862, 0x18C2, 0x3144, 0x2924, 0x10E4, 0x0105, 0x0041, 0x0041, 0x10C3, 0x08E4, 0x00E4,
    0x00A3, 0x0125, 0x00C4, 0x19E9, 0x11C8, 0x00E5, 0x0987, 0x09A8, 0x01C9, 0x0A2A, 0x1B90, 0x1B0D, 0x31A6, 0x3165, 0x10A2, 0x0882,
    0x0021, 0x0021, 0x0021, 0x0021, 0x0021, 0x0041, 0x0041, 0x0062, 0x0082, 0x0882, 0x0882, 0x0882, 0x00A3, 0x08A3, 0x08A3, 0x08A3,
    0x08A3, 0x08A3, 0x0882, 0x0882, 0x0882, 0x00C4, 0x0925, 0x5225, 0x2103, 0x10C2, 0x1082, 0x0861, 0x0021, 0x1061, 0x8347, 0x51E4,
    0x28E2, 0x0861, 0x0862, 0x0861, 0x0861, 0x18C2, 0x2923, 0x2923, 0x18C2, 0x08A2, 0x0105, 0x0082, 0x0041, 0x0082, 0x00A3, 0x0105,
    0x0105, 0x0988, 0x0946, 0x19C8, 0x11A8, 0x0146, 0x01C9, 0x09C9, 0x332D, 0x74D3, 0x7D13, 0x42AA, 0x3165, 0x2103, 0x0882, 0x0882,
    0x0041, 0x0041, 0x0021, 0x0021, 0x0021, 0x0061, 0x0882, 0x00A3, 0x00A3, 0x00C4, 0x0105, 0x0146, 0x0188, 0x0987, 0x0987, 0x0967,
    0x0147, 0x0126, 0x08C4, 0x08A3, 0x08A3, 0x00E5, 0x2964, 0x20E2, 0x0861, 0x0861, 0x18A2, 0x0861, 0x0021, 0x0041, 0x8348, 0x6265,
    0x4184, 0x2903, 0x2903, 0x2903, 0x2943, 0x41C5, 0x49E6, 0x39A5, 0x2124, 0x1104, 0x0925, 0x00E5, 0x0021, 0x0062, 0x0083, 0x0105,
    0x0126, 0x0988, 0x0966, 0x1A4A, 0x09E8, 0x01E9, 0x09EA, 0x6BEE, 0xCDF2, 0xB592, 0x7B8B, 0x6AC7, 0x5A25, 0x28E2, 0x0862, 0x0882,
    0x0882, 0x0062, 0x0021, 0x0021, 0x0041, 0x0062, 0x08A3, 0x00C3, 0x0125, 0x0167, 0x0967, 0x3207, 0x5287, 0x6B08, 0x8BCA, 0x7B69,
    0x5AA7, 0x21A6, 0x0126, 0x0105, 0x00A3, 0x0105, 0x2963, 0x3163, 0x3163, 0x20E2, 0x10C3, 0x0061, 0x0862, 0x0020, 0x5246, 0x8B48,
    0x2903, 0x3144, 0x3124, 0x2923, 0x41A5, 0x4A06, 0x49E6, 0x2964, 0x18C3, 0x18A2, 0x1903, 0x1187, 0x10A3, 0x10E3, 0x29E8, 0x1A29,
    0x128B, 0x128C, 0x128B, 0x3249, 0x1986, 0x0105, 0x6B29, 0xE58E, 0xED4C, 0xE54C, 0xE54C, 0xE52B, 0xD469, 0x8264, 0x18A1, 0x0862,
    0x0041, 0x0021, 0x0021, 0x0021, 0x0041, 0x0862, 0x08A3, 0x0167, 0x09C9, 0x29A5, 0x7B48, 0xD5AE, 0xEE50, 0xF62F, 0xEDEE, 0xED8D,
    0xDD4C, 0xC4CB, 0x72E7, 0x1125, 0x0105, 0x00E5, 0x3183, 0x41E5, 0x2103, 0x18E2, 0x0861, 0x0041, 0x10A2, 0x0021, 0x39A4, 0xA409,
    0x3963, 0x20E3, 0x18C2, 0x3144, 0x3985, 0x3985, 0x2903, 0x30E2, 0x7A64, 0xA367, 0xBC4A, 0xBC8B, 0x836A, 0x4228, 0x22CC, 0x0C94,
    0x3DF9, 0x1DB9, 0x1433, 0x39E7, 0x2124, 0x49A4, 0xCC89, 0xDCA9, 0xDC89, 0xCC07, 0xB365, 0xB386, 0x9AE4, 0x61C2, 0x1081, 0x0862,
    0x0021, 0x0021, 0x0021, 0x0041, 0x0041, 0x08A3, 0x0167, 0x0167, 0x3163, 0xAC08, 0xEDEE, 0xED8C, 0xE4EA, 0xDC89, 0xD468, 0xD489,
    0xD469, 0xD469, 0xCC49, 0x8B27, 0x1104, 0x0147, 0x2943, 0x2102, 0x18C2, 0x2923, 0x0041, 0x0021, 0x10A2, 0x0041, 0x18A2, 0x8327,
    0x7285, 0x18A2, 0x18E2, 0x2123, 0x2103, 0x1081, 0x4122, 0xAB46, 0xD489, 0xE52C, 0xE52B, 0xDCAA, 0x6A86, 0x31C7, 0x0B90, 0x1EBC,
    0x471D, 0x261A, 0x238F, 0x2944, 0x2103, 0x7A23, 0xD427, 0xD469, 0xDCA9, 0xCC48, 0x8AA4, 0x7223, 0x5982, 0x4121, 0x1881, 0x0862,
    0x0021, 0x0021, 0x0041, 0x0061, 0x0882, 0x0126, 0x0967, 0x3143, 0x6A44, 0xC448, 0xCC27, 0xCC07, 0xBBA6, 0xB345, 0xBBA6, 0xCC49,
    0xCC8A, 0xCC8A, 0xC408, 0xB3C7, 0x5A25, 0x0147, 0x0905, 0x2922, 0x10A2, 0x18C2, 0x0041, 0x0041, 0x0861, 0x0041, 0x0020, 0x49E4,
    0x8307, 0x20E2, 0x18C2, 0x18E3, 0x1081, 0x4121, 0xAB46, 0xDCA9, 0xE50B, 0xE54C, 0xE50B, 0xB3C8, 0x41C5, 0x29A7, 0x0474, 0x1EBC,
    0x269C, 0x0D97, 0x22AB, 0x18E3, 0x20C2, 0x8A83, 0xC3E7, 0xCC07, 0xCC07, 0xD469, 0xD448, 0xCC48, 0xBBA6, 0x8263, 0x20C2, 0x0061,
    0x0021, 0x0021, 0x0041, 0x0862, 0x00E5, 0x0947, 0x28E2, 0x2902, 0x4982, 0x9AC4, 0xA2E4, 0x9AE4, 0x8283, 0x8AA4, 0xAB46, 0xC408,
    0xCC8A, 0xCCAB, 0xC429, 0xAB87, 0x7AC6, 0x2124, 0x0126, 0x2143, 0x10A2, 0x0882, 0x0861, 0x0882, 0x0882, 0x0041, 0x0020, 0x18C2,
    0x51E4, 0x3143, 0x1082, 0x0882, 0x20A1, 0x92A4, 0xCC28, 0xDCA9, 0xDCEA, 0xDCCA, 0xDCA9, 0x82A5, 0x2103, 0x2165, 0x226A, 0x22CC,
    0x22AB, 0x2A28, 0x31C6, 0x18E3, 0x1881, 0x7A23, 0xB365, 0xBB85, 0xB345, 0xAB25, 0x8A84, 0x8AA4, 0x7A43, 0x4983, 0x0881, 0x0862,
    0x0020, 0x0021, 0x0061, 0x08A3, 0x0167, 0x2103, 0x18A1, 0x0841, 0x18A1, 0x4962, 0x61C2, 0x69E3, 0x61C2, 0x6A03, 0x92E5, 0xB3E8,
    0xBC6A, 0xBC6A, 0xB409, 0x9B67, 0x72A6, 0x31A5, 0x0147, 0x21A6, 0x1903, 0x08A2, 0x10A2, 0x10C3, 0x0882, 0x0862, 0x0021, 0x0020,
    0x3143, 0x3163, 0x0861, 0x0841, 0x4941, 0xA304, 0xC3E7, 0xD448, 0xD469, 0xD448, 0xCC07, 0x6A03, 0x20E3, 0x18E3, 0x2103, 0x18E3,
    0x18C3, 0x10A2, 0x10A2, 0x0881, 0x0861, 0x61A2, 0x9AA4, 0x9AE4, 0xA2E4, 0xAB25, 0x8A63, 0x7203, 0x5162, 0x20C2, 0x0061, 0x0862,
    0x0062, 0x0062, 0x0882, 0x0126, 0x1146, 0x20C1, 0x0041, 0x0020, 0x0021, 0x1081, 0x20E2, 0x3102, 0x3922, 0x4983, 0x9306, 0xBC49,
    0xBC8A, 0xB44A, 0x9BE9, 0x62A7, 0x4206, 0x39E6, 0x0967, 0x21E7, 0x31E6, 0x1124, 0x1924, 0x1104, 0x08A3, 0x08A2, 0x0041, 0x0021,
    0x10A1, 0x41A3, 0x10A2, 0x1861, 0x61C2, 0x92A4, 0xB365, 0xBBA6, 0xC3E7, 0xBBA6, 0xB386, 0x61C2, 0x0861, 0x0861, 0x0841, 0x0841,
    0x0041, 0x0041, 0x0041, 0x0041, 0x0041, 0x30C1, 0x69E2, 0x7A23, 0x7A23, 0x7203, 0x7A44, 0x7A44, 0x4983, 0x1081, 0x0862, 0x0862,
    0x00A3, 0x08A3, 0x00C3, 0x01A9, 0x10A2, 0x0841, 0x0082, 0x00E5, 0x0105, 0x0167, 0x0187, 0x0105, 0x0882, 0x41A3, 0xAC09, 0xBCAB,
    0xB48B, 0x93EA, 0x5AC8, 0x3207, 0x21C7, 0x2A08, 0x11E9, 0x2249, 0x3228, 0x1986, 0x1966, 0x1145, 0x08E4, 0x08C3, 0x0062, 0x0041,
    0x0021, 0x2902, 0x2923, 0x2081, 0x61A2, 0x8243, 0x92A4, 0x9AE4, 0xA305, 0xA304, 0x92C4, 0x69C2, 0x1061, 0x0041, 0x0841, 0x0841,
    0x0841, 0x0041, 0x0041, 0x0041, 0x0021, 0x0841, 0x28C1, 0x4142, 0x3143, 0x18C2, 0x1082, 0x08A2, 0x0062, 0x0061, 0x0861, 0x0861,
    0x0062, 0x00A3, 0x00E4, 0x0147, 0x0882, 0x0106, 0x0167, 0x0147, 0x0105, 0x0105, 0x0126, 0x01C9, 0x0946, 0x7349, 0xBD0D, 0xA44B,
    0x7B8A, 0x42A9, 0x2A49, 0x2229, 0x1A29, 0x1A4A, 0x1A4A, 0x228B, 0x3A89, 0x19C8, 0x19A7, 0x19A7, 0x1145, 0x0904, 0x08A3, 0x0882,
    0x0041, 0x0041, 0x0861, 0x20C1, 0x7A23, 0x7203, 0x7203, 0x7A23, 0x8243, 0x8243, 0x7A23, 0x61A2, 0x28C1, 0x0041, 0x0041, 0x0041,
    0x0041, 0x0841, 0x0041, 0x0041, 0x0061, 0x0041, 0x00E5, 0x0967, 0x08A2, 0x0882, 0x0041, 0x0041, 0x0061, 0x0041, 0x0041, 0x0041,
    0x0021, 0x0062, 0x0105, 0x0147, 0x0126, 0x08E4, 0x0882, 0x0882, 0x00A3, 0x00E4, 0x0146, 0x01A8, 0x4268, 0xB54E, 0x942B, 0x5B0A,
    0x328A, 0x2A8A, 0x228A, 0x228A, 0x228B, 0x22AB, 0x22CC, 0x22ED, 0x3AEB, 0x2A8A, 0x2249, 0x1A08, 0x11A7, 0x0945, 0x0904, 0x08C3,
    0x0882, 0x0882, 0x0041, 0x0861, 0x51A3, 0x7A63, 0x6A03, 0x7203, 0x69E2, 0x61C2, 0x59A2, 0x5182, 0x3922, 0x0861, 0x0041, 0x0041,
    0x0041, 0x0041, 0x0041, 0x0041, 0x0062, 0x0083, 0x0188, 0x09C9, 0x10C2, 0x10A2, 0x0061, 0x0061, 0x0061, 0x0041, 0x0041, 0x0041,
    0x0021, 0x0041, 0x00A3, 0x0105, 0x0882, 0x0882, 0x0862, 0x0882, 0x00C4, 0x0147, 0x01EA, 0x2A07, 0x9C6B, 0x8BCA, 0x4AA9, 0x328A,
    0x2A8A, 0x2ACB, 0x2ACC, 0x22CC, 0x2B0D, 0x2B0D, 0x2B4E, 0x2B2E, 0x2B2D, 0x2ACC, 0x22AB, 0x226A, 0x1A09, 0x11C7, 0x1186, 0x0925,
    0x08E4, 0x10E3, 0x0882, 0x0041, 0x0041, 0x2902, 0x51A2, 0x59A2, 0x5183, 0x3964, 0x3164, 0x2103, 0x0881, 0x0021, 0x0021, 0x0021,
    0x0021, 0x0021, 0x0021, 0x0041, 0x0041, 0x0082, 0x01A9, 0x0945, 0x18C2, 0x0882, 0x0041, 0x0061, 0x0041, 0x0041, 0x0041, 0x0041,
    0x0041, 0x0083, 0x00A3, 0x00C4, 0x0082, 0x0082, 0x00A3, 0x00C3, 0x0126, 0x024B, 0x2207, 0x942A, 0x9C0A, 0x5AA8, 0x3A89, 0x32AA,
    0x2ACB, 0x2ACC, 0x2AEC, 0x2B0D, 0x2B4E, 0x334E, 0x338F, 0x336E, 0x336F, 0x336F, 0x2B2E, 0x2AED, 0x22AB, 0x1A4A, 0x1A09, 0x11A7,
    0x1165, 0x1124, 0x10E3, 0x10C3, 0x0041, 0x0021, 0x0021, 0x0841, 0x0841, 0x0041, 0x0021, 0x0021, 0x0021, 0x0021, 0x0021, 0x0020,
    0x0841, 0x0841, 0x0041, 0x0021, 0x0062, 0x0062, 0x0187, 0x1904, 0x18E3, 0x0861, 0x0061, 0x0061, 0x0061, 0x0061, 0x0061, 0x0061,
    0x0062, 0x0062, 0x0062, 0x0062, 0x0062, 0x08A3, 0x00C4, 0x0105, 0x024B, 0x1209, 0x8C2B, 0xB52E, 0x6BEC, 0x4BEF, 0x440F, 0x33AE,
    0x2B2E, 0x230D, 0x2B0D, 0x2B4E, 0x336F, 0x3B8F, 0x3B8F, 0x3B8F, 0x3B8F, 0x3B6F, 0x336F, 0x336E, 0x2B2E, 0x22ED, 0x1AAC, 0x1A4A,
    0x2207, 0x3247, 0x31E6, 0x11E8, 0x0925, 0x00A3, 0x0021, 0x0041, 0x0061, 0x0041, 0x0041, 0x0021, 0x0021, 0x1061, 0x3922, 0x6A03,
    0x8AA4, 0x9305, 0x82A5, 0x4962, 0x0861, 0x0082, 0x0167, 0x1145, 0x10C3, 0x0061, 0x0061, 0x0061, 0x0061, 0x0061, 0x0061, 0x0861,
    0x0041, 0x0041, 0x0021, 0x0021, 0x0041, 0x0882, 0x00E4, 0x022B, 0x0A6C, 0x6C0E, 0xB656, 0x7E58, 0x667A, 0x669B, 0x4E9B, 0x363A,
    0x2557, 0x23D0, 0x2B4E, 0x2B8F, 0x336F, 0x3BB0, 0x3B8F, 0x3B8F, 0x3B8F, 0x3B8F, 0x3B8F, 0x336F, 0x336E, 0x2B4E, 0x22ED, 0x330C,
    0x4B4B, 0x42EA, 0x19A7, 0x09C8, 0x09E8, 0x0966, 0x08A2, 0x10A2, 0x0882, 0x0861, 0x0862, 0x0841, 0x4121, 0x8284, 0xB366, 0xD448,
    0xDCCA, 0xE4EA, 0xDC89, 0xBC08, 0x8B48, 0x2164, 0x00C4, 0x0946, 0x0882, 0x0041, 0x0041, 0x0061, 0x0061, 0x0061, 0x0061, 0x0061,
    0x0021, 0x0021, 0x0021, 0x0021, 0x0062, 0x00A3, 0x0188, 0x028D, 0x336E, 0xB699, 0xB6FB, 0x76BB, 0x7EBB, 0x769B, 0x5EBB, 0x46DC,
    0x1EDC, 0x1DFA, 0x2453, 0x2B4F, 0x336F, 0x338F, 0x3B8F, 0x3BAF, 0x3BB0, 0x43D0, 0x3BB0, 0x3BB0, 0x33B0, 0x3BAF, 0x3B4D, 0x4BAE,
    0x332C, 0x2A8B, 0x11E8, 0x19A7, 0x0966, 0x0905, 0x08A2, 0x08A2, 0x08A2, 0x0061, 0x1061, 0x5982, 0xAB25, 0xCC07, 0xDCA9, 0xE4EA,
    0xE4EB, 0xE52C, 0xE54C, 0xDCCA, 0xCC69, 0x8BA9, 0x2144, 0x08E4, 0x08A3, 0x0062, 0x0062, 0x0061, 0x0061, 0x0061, 0x0062, 0x0061,
    0x0021, 0x0021, 0x0041, 0x0061, 0x0082, 0x00E5, 0x026C, 0x12AC, 0x85F7, 0xBEFB, 0x86BB, 0x7E9B, 0x869A, 0x667A, 0x4E7B, 0x2E9B,
    0x16BC, 0x1EBC, 0x2557, 0x232E, 0x2B4F, 0x336F, 0x338F, 0x3BB0, 0x3BD0, 0x3BD0, 0x3BB0, 0x3BF1, 0x5430, 0x4BEF, 0x3B6E, 0x438E,
    0x332D, 0x22AB, 0x1A29, 0x19C7, 0x0986, 0x1186, 0x08C3, 0x08C3, 0x08A2, 0x0861, 0x59A2, 0xAB45, 0xCC27, 0xDCA9, 0xE50B, 0xE52B,
    0xE54C, 0xED6D, 0xED6D, 0xE54C, 0xDCCA, 0xC46A, 0x632A, 0x10A2, 0x18A1, 0x1881, 0x1881, 0x1881, 0x1861, 0x0841, 0x0021, 0x0021,
    0x0021, 0x0041, 0x0082, 0x08A3, 0x00C4, 0x01A8, 0x02CE, 0x3BF1, 0xAEDB, 0x8EBB, 0x5EBB, 0x6E7A, 0x663A, 0x4E19, 0x3619, 0x1E7B,
    0x167B, 0x165B, 0x1C53, 0x230E, 0x230D, 0x2B2D, 0x2B4E, 0x336E, 0x336E, 0x3B8F, 0x33B0, 0x4C10, 0x4C10, 0x3B8F, 0x336E, 0x336E,
    0x2B0D, 0x2AEC, 0x1A2A, 0x11C8, 0x1186, 0x1166, 0x08C4, 0x08A3, 0x0882, 0x4142, 0x9B05, 0xCC28, 0xD489, 0xDCCA, 0xDCEB, 0xE52C,
    0xED8E, 0xED8D, 0xE52C, 0xE50B, 0xDCCA, 0xD448, 0xA3C9, 0x2165, 0x20A1, 0x3901, 0x38E1, 0x38E1, 0x30E1, 0x1881, 0x0021, 0x0020,
    0x0041, 0x0041, 0x0061, 0x0082, 0x00C4, 0x020A, 0x0A8B, 0x7DB6, 0x9EFB, 0x665A, 0x3D15, 0x33EF, 0x232E, 0x1B0D, 0x132E, 0x0C12,
    0x0D16, 0x15B9, 0x134F, 0x1ACD, 0x1AAC, 0x22CC, 0x2AEC, 0x2B2D, 0x2B4E, 0x334E, 0x338F, 0x4BCF, 0x43CF, 0x336E, 0x2B2E, 0x334E,
    0x332D, 0x22AC, 0x1229, 0x11C8, 0x1187, 0x0946, 0x08C3, 0x0882, 0x3922, 0x8AA4, 0xBBC7, 0xCC48, 0xDCAA, 0xDCCA, 0xDCEA, 0xDCEB,
    0xE50B, 0xE52B, 0xE50B, 0xE4CA, 0xDC89, 0xD428, 0xBBC7, 0x4A05, 0x20A1, 0x4962, 0x4962, 0x4962, 0x4962, 0x30E1, 0x0840, 0x1040,
    0x0082, 0x0061, 0x0882, 0x00C3, 0x0125, 0x026C, 0x12AB, 0x7E59, 0x75F7, 0x53EE, 0x2A69, 0x21E7, 0x19C7, 0x19C7, 0x11C7, 0x09E8,
    0x0A6B, 0x0B90, 0x12AC, 0x126B, 0x124A, 0x1A8B, 0x1A8B, 0x22CC, 0x22EC, 0x2B0D, 0x2B2E, 0x3B6E, 0x334E, 0x2B2D, 0x3B4D, 0x436D,
    0x2B0D, 0x1A6A, 0x1209, 0x11C8, 0x11A7, 0x0966, 0x08A3, 0x20E2, 0x6A24, 0xAB66, 0xCC07, 0xD448, 0xDCA9, 0xDCA9, 0xDCCA, 0xDCAA,
    0xDCAA, 0xE4CA, 0xDCC9, 0xDC89, 0xD448, 0xCC07, 0xBBA7, 0x7308, 0x28E1, 0x59C3, 0x61E3, 0x59C3, 0x61E3, 0x4142, 0x0840, 0x1860,
    0x00C3, 0x00A3, 0x08A3, 0x00E4, 0x0987, 0x0AAD, 0x1B4E, 0x65D6, 0x5B6B, 0x3248, 0x2208, 0x2208, 0x2208, 0x19E8, 0x11E8, 0x11C8,
    0x11C8, 0x122A, 0x1209, 0x124A, 0x122A, 0x122A, 0x124A, 0x1A4A, 0x1A6B, 0x1AAB, 0x22ED, 0x2AEC, 0x3B2C, 0x2AEC, 0x330C, 0x2AEC,
    0x228B, 0x1209, 0x11E8, 0x11A7, 0x0967, 0x0925, 0x08C3, 0x3963, 0x8AC5, 0xBBC7, 0xCC27, 0xCC48, 0xD489, 0xD488, 0xDCA9, 0xDCA9,
    0xDCA9, 0xDCA9, 0xD468, 0xD448, 0xCC07, 0xBBA6, 0xB365, 0x8327, 0x3102, 0x61E3, 0x7A85, 0x7264, 0x6A24, 0x4962, 0x1060, 0x2060,
    0x0882, 0x00C3, 0x00E4, 0x0945, 0x09C8, 0x0AAC, 0x234E, 0x642E, 0x3289, 0x2249, 0x226A, 0x226A, 0x226A, 0x224A, 0x1A4A, 0x1A29,
    0x122A, 0x126B, 0x126B, 0x124A, 0x124B, 0x1209, 0x1209, 0x1209, 0x1229, 0x124A, 0x1A8B, 0x32CB, 0x3AEB, 0x1A6A, 0x1A29, 0x1A29,
    0x1209, 0x19E8, 0x19C8, 0x1187, 0x0905, 0x08E4, 0x18E3, 0x59E3, 0x9B05, 0xB386, 0xC407, 0xCC28, 0xCC27, 0xCC27, 0xD468, 0xD468,
    0xD468, 0xDC89, 0xD448, 0xCC07, 0xC3C6, 0xB365, 0xA305, 0x7AE7, 0x2902, 0x6203, 0x82C5, 0x82A5, 0x7244, 0x5182, 0x1060, 0x2080,
    0x08A3, 0x0105, 0x0946, 0x0987, 0x0A09, 0x12AD, 0x32AB, 0x638C, 0x2AAB, 0x22AB, 0x2ACB, 0x2ACC, 0x2ACC, 0x2ACC, 0x22CC, 0x2AEC,
    0x2B2D, 0x2BB0, 0x1CB5, 0x134F, 0x126B, 0x124B, 0x1209, 0x11E8, 0x11C8, 0x11E8, 0x1229, 0x2A69, 0x1A08, 0x11C8, 0x11C7, 0x19E8,
    0x19C8, 0x21E8, 0x1187, 0x0945, 0x08E4, 0x08A3, 0x3123, 0x7244, 0x9B05, 0xB386, 0xBBA6, 0xC407, 0xC3E7, 0xC3E7, 0xCC07, 0xCC27,
    0xCC27, 0xD447, 0xCC07, 0xC3C6, 0xBB86, 0xAB25, 0x9AC4, 0x7AA6, 0x2902, 0x61E3, 0x82C5, 0x7AA5, 0x7244, 0x4142, 0x1040, 0x2880,
    0x00C4, 0x0905, 0x0966, 0x09C8, 0x122A, 0x12ED, 0x32EB, 0x536C, 0x2ACC, 0x2AEC, 0x2B0D, 0x330D, 0x332D, 0x3B6E, 0x4BEF, 0x5492,
    0x4577, 0x2E3A, 0x269C, 0x2E19, 0x1BD0, 0x12CD, 0x126B, 0x0A09, 0x09E9, 0x09C8, 0x09C8, 0x11A7, 0x1186, 0x0966, 0x1166, 0x19A7,
    0x1986, 0x21C7, 0x1145, 0x0905, 0x08C4, 0x08A2, 0x3942, 0x7A64, 0x9B05, 0xAB66, 0xB386, 0xBBC6, 0xC3E7, 0xC3C6, 0xBBA6, 0xCC07,
    0xCC07, 0xC3E7, 0xBB86, 0xB365, 0xAB25, 0x9AE5, 0x8A84, 0x6286, 0x28E1, 0x6203, 0x7264, 0x7244, 0x61C3, 0x28E1, 0x1860, 0x30C1,
    0x0905, 0x0925, 0x0966, 0x11E9, 0x126B, 0x1B0E, 0x2AEC, 0x436D, 0x2B0D, 0x2B2D, 0x334E, 0x3B6E, 0x4BCF, 0x64B2, 0x6D55, 0x5E7A,
    0x5F1D, 0x571D, 0x36FD, 0x36DC, 0x469B, 0x34D4, 0x22EC, 0x1A29, 0x1209, 0x09E9, 0x09A8, 0x21A6, 0x1986, 0x1146, 0x1945, 0x21A6,
    0x1965, 0x2166, 0x0904, 0x08E4, 0x00A3, 0x0882, 0x4163, 0x7A64, 0x92C5, 0x9B05, 0xA325, 0xB366, 0xAB66, 0xB366, 0xBB86, 0xC3C6,
    0xC3C6, 0xBB86, 0xB345, 0xAB25, 0xA2E4, 0x92A4, 0x8264, 0x5A45, 0x28C1, 0x59C3, 0x61E3, 0x59C3, 0x4962, 0x1861, 0x2060, 0x38E1,
    0x0925, 0x0946, 0x09C8, 0x122A, 0x128B, 0x1B0E, 0x232E, 0x436D, 0x334D, 0x334E, 0x3B6E, 0x4BCF, 0x6C91, 0x7D96, 0x66BB, 0x6F5E,
    0x773E, 0x773E, 0x671E, 0x3EFD, 0x2DB8, 0x3C32, 0x4BAE, 0x532B, 0x42A9, 0x4288, 0x31E6, 0x29A6, 0x1965, 0x1125, 0x1944, 0x1965,
    0x2145, 0x1945, 0x08C3, 0x08A3, 0x0882, 0x1081, 0x4983, 0x7244, 0x8A84, 0x92A4, 0x92C4, 0x92C4, 0x9AE5, 0xA305, 0xAB45, 0xB365,
    0xB365, 0xB365, 0xAB45, 0xA2E4, 0x92A4, 0x8263, 0x7223, 0x41A4, 0x2081, 0x4162, 0x4962, 0x4962, 0x28C1, 0x1040, 0x28A1, 0x38E1,
    0x0967, 0x09A8, 0x09E9, 0x124A, 0x126B, 0x1ACC, 0x234F, 0x3B4D, 0x3B6E, 0x334E, 0x438E, 0x5C30, 0x74F3, 0x7639, 0x675E, 0x775E,
    0x7F5E, 0x7F5E, 0x5F1E, 0x3DD9, 0x3411, 0x2B4E, 0x330D, 0x32EB, 0x430A, 0x6B4A, 0x4247, 0x29E7, 0x1986, 0x1125, 0x2144, 0x2165,
    0x2144, 0x08E4, 0x0082, 0x0082, 0x0062, 0x1881, 0x4962, 0x69E3, 0x7223, 0x7A64, 0x8264, 0x8263, 0x8A84, 0x92A4, 0x9AC4, 0xA2E4,
    0xAB25, 0xAB45, 0xA305, 0x92A4, 0x8A63, 0x7203, 0x5A25, 0x7B08, 0x6245, 0x8307, 0x9389, 0x4163, 0x1061, 0x1860, 0x30C1, 0x38E1,
    0x0926, 0x0946, 0x09A7, 0x11C8, 0x122A, 0x1A8B, 0x230E, 0x2B2E, 0x3B6E, 0x336E, 0x4BAF, 0x6C70, 0x7513, 0x5E9B, 0x677F, 0x6F7E,
    0x6F7E, 0x6F5E, 0x4E5B, 0x3C93, 0x3BD0, 0x336E, 0x332D, 0x32EC, 0x4B4C, 0x6B8B, 0x42A9, 0x2A07, 0x1986, 0x1105, 0x10E3, 0x10E4,
    0x08A3, 0x0882, 0x0882, 0x0062, 0x0041, 0x18A1, 0x4142, 0x59A2, 0x69E3, 0x7203, 0x7223, 0x7203, 0x7A23, 0x8243, 0x8A83, 0x9AC4,
    0x9AE4, 0xA2E5, 0x9AE4, 0x8A64, 0x61E3, 0x51E4, 0xA3C9, 0xD4CB, 0xCC49, 0x7A44, 0xB386, 0x82C6, 0x49C4, 0x20A1, 0x30C1, 0x38E1,
    0x0126, 0x0946, 0x0987, 0x09A7, 0x11E8, 0x1A4A, 0x1AAC, 0x234E, 0x2B2E, 0x3B6E, 0x4BCF, 0x6450, 0x6D34, 0x4EDC, 0x4F7F, 0x577F,
    0x677F, 0x571D, 0x4516, 0x4411, 0x3BAF, 0x3B8F, 0x334E, 0x2B0D, 0x4B6C, 0x6BCC, 0x4AE9, 0x21E7, 0x1186, 0x0904, 0x00A3, 0x0882,
    0x0882, 0x0882, 0x0062, 0x0041, 0x1061, 0x20A1, 0x4122, 0x5162, 0x59A2, 0x61C2, 0x69E2, 0x69C2, 0x69C2, 0x7203, 0x8243, 0x8A84,
    0x92A4, 0x92C4, 0x92A4, 0x6A03, 0x8347, 0xC46A, 0x82A5, 0x92E5, 0x82A5, 0x3922, 0x5162, 0x3922, 0x6203, 0x28C1, 0x20A1, 0x30C1,
    0x00C4, 0x00E5, 0x0925, 0x0967, 0x11C8, 0x1229, 0x1A8B, 0x22ED, 0x234F, 0x2B4E, 0x43AE, 0x5C30, 0x5CD3, 0x4E5B, 0x475E, 0x477F,
    0x475F, 0x469C, 0x3C53, 0x3BD0, 0x3BAF, 0x336E, 0x334E, 0x2B0D, 0x3B4C, 0x5B8C, 0x532A, 0x2207, 0x0966, 0x0905, 0x00C4, 0x08A3,
    0x0062, 0x0041, 0x0041, 0x0021, 0x1081, 0x28C1, 0x30C1, 0x4121, 0x4942, 0x5982, 0x59A2, 0x5982, 0x5162, 0x61A2, 0x71E2, 0x8243,
    0x8A63, 0x8A84, 0x8A64, 0x6224, 0xBBC7, 0xB386, 0x59A3, 0x4921, 0x2080, 0x0840, 0x1860, 0x1040, 0x1880, 0x1860, 0x2080, 0x2080,
    0x00C4, 0x00C4, 0x08E4, 0x0925, 0x0966, 0x11E8, 0x1A2A, 0x1A8B, 0x230D, 0x234E, 0x2B2D, 0x438E, 0x5451, 0x4598, 0x3E9D, 0x3EDD,
    0x3EFE, 0x3DB9, 0x3BF1, 0x3BAF, 0x338F, 0x336E, 0x2B2E, 0x2B0D, 0x330C, 0x4B4C, 0x532B, 0x3A68, 0x21A6, 0x1124, 0x08C3, 0x0882,
    0x0862, 0x0061, 0x0041, 0x0021, 0x0041, 0x20A1, 0x30E1, 0x38E1, 0x3901, 0x4942, 0x4921, 0x4101, 0x4101, 0x4941, 0x5982, 0x69E2,
    0x7A23, 0x8A63, 0x7A43, 0x7A64, 0x9AC4, 0x5182, 0x1060, 0x1040, 0x1040, 0x0840, 0x0840, 0x1040, 0x0840, 0x0840, 0x0840, 0x0840,
    0x08A2, 0x08A3, 0x08C3, 0x0904, 0x0946, 0x11A7, 0x11E8, 0x1A29, 0x1A6B, 0x22CC, 0x230E, 0x2B0D, 0x3B6E, 0x3C32, 0x35BA, 0x363C,
    0x365C, 0x3578, 0x33D0, 0x338F, 0x336E, 0x2B4E, 0x2B2D, 0x22ED, 0x22CC, 0x32EB, 0x42EB, 0x4289, 0x3207, 0x2164, 0x1903, 0x10A2,
    0x1082, 0x0861, 0x0041, 0x0021, 0x0021, 0x0841, 0x1881, 0x28C1, 0x30C1, 0x30C1, 0x38E1, 0x38E1, 0x20A1, 0x2081, 0x3901, 0x5982,
    0x69E2, 0x8263, 0x6A03, 0x92A4, 0x61A2, 0x1860, 0x1040, 0x1860, 0x28C1, 0x2080, 0x1860, 0x0840, 0x0021, 0x0021, 0x0021, 0x0021,
    0x08A3, 0x08A3, 0x08C3, 0x0904, 0x1125, 0x0966, 0x0987, 0x11C8, 0x1209, 0x1A2A, 0x1A8B, 0x22CD, 0x22ED, 0x2B0D, 0x2BF2, 0x2CD6,
    0x2D38, 0x3538, 0x33D1, 0x334E, 0x2B2E, 0x2B0D, 0x22ED, 0x22CC, 0x1AAB, 0x228A, 0x3289, 0x3248, 0x29C6, 0x1944, 0x10E3, 0x0882,
    0x0861, 0x0041, 0x0021, 0x0021, 0x0021, 0x0021, 0x0021, 0x0041, 0x1061, 0x1881, 0x2081, 0x1881, 0x1881, 0x1040, 0x0841, 0x30E1,
    0x5982, 0x69E2, 0x6A03, 0x92A4, 0x4941, 0x1880, 0x38E1, 0x4121, 0x4941, 0x38E1, 0x1060, 0x0021, 0x0021, 0x0021, 0x0021, 0x0021,
    0x08C4, 0x08E4, 0x0925, 0x1145, 0x1166, 0x0966, 0x0967, 0x09A7, 0x11C8, 0x11E9, 0x1209, 0x1A4A, 0x1A6B, 0x1AAB, 0x22CC, 0x230D,
    0x236F, 0x2B90, 0x2B4E, 0x22ED, 0x22EC, 0x22EC, 0x1ACC, 0x1AAB, 0x1A6A, 0x1229, 0x19E8, 0x11A7, 0x0925, 0x08E4, 0x08A3, 0x0862,
    0x0061, 0x0041, 0x0041, 0x0021, 0x0021, 0x0021, 0x0021, 0x0021, 0x0021, 0x0021, 0x0021, 0x0021, 0x0021, 0x0021, 0x0021, 0x0841,
    0x30C1, 0x5982, 0x7202, 0x8263, 0x30C1, 0x28C1, 0x30E1, 0x1880, 0x28A1, 0x20A1, 0x0021, 0x0021, 0x0021, 0x0021, 0x0021, 0x0021,
    0x0905, 0x0925, 0x1105, 0x0925, 0x0946, 0x09A8, 0x1187, 0x1187, 0x0987, 0x09E9, 0x0A09, 0x124A, 0x126B, 0x126A, 0x1A6B, 0x1A8B,
    0x1AAB, 0x1AAB, 0x1A8B, 0x1A8B, 0x1A8B, 0x1A6B, 0x1A6A, 0x124A, 0x1229, 0x11E8, 0x09A7, 0x0946, 0x0905, 0x00C4, 0x08A3, 0x0883,
    0x0082, 0x0062, 0x0062, 0x0041, 0x0041, 0x0041, 0x0021, 0x0021, 0x0021, 0x0021, 0x0021, 0x0021, 0x0021, 0x0021, 0x0021, 0x0021,
    0x0841, 0x4121, 0x69C2, 0x69C2, 0x2081, 0x1040, 0x1040, 0x1860, 0x2080, 0x0841, 0x0021, 0x0021, 0x0041, 0x0041, 0x0041, 0x0041,
    0x0925, 0x0905, 0x08E4, 0x0905, 0x0946, 0x0966, 0x0966, 0x0987, 0x0987, 0x09A8, 0x09C8, 0x0A0A, 0x124A, 0x12AC, 0x12CD, 0x12AC,
    0x126B, 0x124A, 0x1A4A, 0x1A2A, 0x1A2A, 0x1A29, 0x1A29, 0x11E8, 0x11C8, 0x11C8, 0x1187, 0x0966, 0x0925, 0x00E4, 0x00C4, 0x08A3,
    0x08A3, 0x0082, 0x0082, 0x0082, 0x0082, 0x0062, 0x0062, 0x0062, 0x0041, 0x0041, 0x0021, 0x0021, 0x0021, 0x0021, 0x0021, 0x0021,
    0x0021, 0x2081, 0x5982, 0x5162, 0x1860, 0x1040, 0x1840, 0x1860, 0x1061, 0x0041, 0x0041, 0x0041, 0x0062, 0x0062, 0x0082, 0x0082,
    0x08C3, 0x08E4, 0x0905, 0x0925, 0x0905, 0x0905, 0x0926, 0x0967, 0x0988, 0x09A8, 0x09A8, 0x09A8, 0x09E9, 0x0A4B, 0x0A6B, 0x0A8C,
    0x128C, 0x124A, 0x11C8, 0x19E8, 0x19E8, 0x11C8, 0x11C7, 0x11A7, 0x1186, 0x1166, 0x0925, 0x0925, 0x0925, 0x0905, 0x0905, 0x08E4,
    0x08E4, 0x08C4, 0x00A3, 0x00A3, 0x00C3, 0x00C4, 0x00C4, 0x00A3, 0x00C4, 0x00A3, 0x00A3, 0x0062, 0x0041, 0x0041, 0x0021, 0x0021,
    0x0021, 0x0841, 0x3901, 0x4121, 0x1860, 0x1040, 0x1860, 0x1861, 0x0021, 0x0041, 0x0061, 0x0082, 0x00A3, 0x0083, 0x00C3, 0x00E4,
    0x0062, 0x0862, 0x0882, 0x08C3, 0x0905, 0x0926, 0x0946, 0x0946, 0x0946, 0x09A8, 0x09C9, 0x09E9, 0x09C8, 0x01A8, 0x0987, 0x0967,
    0x0946, 0x0946, 0x0966, 0x1186, 0x1187, 0x1166, 0x1145, 0x1145, 0x1125, 0x1125, 0x1104, 0x08E3, 0x08A3, 0x08A3, 0x08C3, 0x08E4,
    0x0904, 0x08E4, 0x00C4, 0x00C4, 0x00C4, 0x00C4, 0x00C4, 0x00C4, 0x00C4, 0x00E4, 0x00E4, 0x00C4, 0x00C4, 0x0082, 0x0041, 0x0041,
    0x0021, 0x0021, 0x1061, 0x28C1, 0x2081, 0x1881, 0x1061, 0x0021, 0x0021, 0x0041, 0x0041, 0x0082, 0x00C4, 0x0105, 0x0105, 0x00E4,
    0x0041, 0x0061, 0x0062, 0x0062, 0x0882, 0x0882, 0x08C3, 0x1125, 0x11C8, 0x0947, 0x0125, 0x0105, 0x0105, 0x0105, 0x0147, 0x0168,
    0x0105, 0x0105, 0x0904, 0x1945, 0x1125, 0x1124, 0x1124, 0x1124, 0x1104, 0x08E3, 0x08C3, 0x08C3, 0x08A2, 0x08A2, 0x08A2, 0x08A2,
    0x08A2, 0x08C3, 0x08C3, 0x08E4, 0x08E4, 0x00E5, 0x00E4, 0x00C4, 0x00C4, 0x00E4, 0x00E5, 0x0105, 0x0905, 0x00E4, 0x00C4, 0x00C3,
    0x00A3, 0x0041, 0x0021, 0x0020, 0x0841, 0x0021, 0x0021, 0x0021, 0x0021, 0x0041, 0x0041, 0x0062, 0x00A3, 0x00E4, 0x0105, 0x0105,
    0x0041, 0x0061, 0x0061, 0x0062, 0x0062, 0x0062, 0x0862, 0x08A3, 0x0905, 0x00A3, 0x00E5, 0x0188, 0x020C, 0x026E, 0x028F, 0x024D,
    0x0105, 0x00C4, 0x08A3, 0x08C3, 0x08C3, 0x10E4, 0x1104, 0x10E3, 0x10E3, 0x10E3, 0x10C3, 0x10C3, 0x0882, 0x0862, 0x0882, 0x0882,
    0x0882, 0x0861, 0x0861, 0x0882, 0x08C3, 0x00E4, 0x0105, 0x0105, 0x0105, 0x00E5, 0x00E4, 0x0105, 0x0125, 0x0126, 0x0926, 0x0925,
    0x0925, 0x08E4, 0x00A3, 0x0082, 0x0061, 0x0041, 0x0041, 0x0041, 0x0041, 0x0041, 0x0082, 0x08A3, 0x00C4, 0x00E4, 0x00E5, 0x0105,
    0x0041, 0x0041, 0x0061, 0x0061, 0x0061, 0x0061, 0x0061, 0x0082, 0x00A3, 0x00A3, 0x01A9, 0x02AF, 0x026E, 0x020B, 0x0188, 0x0126,
    0x00C4, 0x00A3, 0x0882, 0x0882, 0x0882, 0x0882, 0x08A2, 0x10E3, 0x08A2, 0x08A2, 0x10C3, 0x08A2, 0x08A2, 0x0882, 0x0882, 0x0861,
    0x0861, 0x0861, 0x0861, 0x0841, 0x0841, 0x0861, 0x0082, 0x00C4, 0x0105, 0x0146, 0x0147, 0x0126, 0x0105, 0x0105, 0x0926, 0x0126,
    0x0926, 0x0925, 0x0905, 0x0905, 0x08E4, 0x00C4, 0x00A3, 0x00A3, 0x0083, 0x00C4, 0x00C4, 0x00E4, 0x0105, 0x0126, 0x0126, 0x0105,
    0x0021, 0x0041, 0x0041, 0x0041, 0x0041, 0x0041, 0x0041, 0x0062, 0x00A3, 0x0082, 0x00E5, 0x0105, 0x00C4, 0x00C4, 0x00C3, 0x08A3,
    0x0882, 0x0062, 0x0062, 0x0882, 0x0882, 0x0862, 0x0061, 0x08A2, 0x0882, 0x0882, 0x0882, 0x0882, 0x0882, 0x1082, 0x1082, 0x1081,
    0x1061, 0x0861, 0x0861, 0x1061, 0x1061, 0x1081, 0x1081, 0x1081, 0x0882, 0x00A3, 0x00E5, 0x0146, 0x0988, 0x0988, 0x0967, 0x0126,
    0x0125, 0x0105, 0x0926, 0x0925, 0x0925, 0x0905, 0x0905, 0x0105, 0x0105, 0x0105, 0x0105, 0x0105, 0x0126, 0x0126, 0x0126, 0x0105,
    0x0021, 0x0021, 0x0021, 0x0021, 0x0041, 0x0041, 0x0041, 0x0062, 0x0083, 0x0062, 0x0082, 0x0082, 0x00A3, 0x0082, 0x0061, 0x0041,
    0x0061, 0x0061, 0x0862, 0x0882, 0x0882, 0x0862, 0x0882, 0x0882, 0x0061, 0x0061, 0x0862, 0x0881, 0x1082, 0x10A2, 0x0882, 0x1082,
    0x1082, 0x10A2, 0x1061, 0x1061, 0x1081, 0x1081, 0x18A1, 0x18A2, 0x1881, 0x1061, 0x0861, 0x0882, 0x00E4, 0x0126, 0x0167, 0x0167,
    0x0167, 0x0946, 0x0125, 0x0905, 0x0905, 0x0105, 0x0126, 0x0126, 0x0125, 0x0125, 0x0126, 0x0147, 0x0147, 0x0167, 0x0167, 0x0167,
    0x0021, 0x0021, 0x0021, 0x0021, 0x0021, 0x0021, 0x0041, 0x0041, 0x0062, 0x0041, 0x0041, 0x0041, 0x00A3, 0x0082, 0x0082, 0x0082,
    0x0083, 0x0082, 0x0882, 0x0882, 0x0882, 0x08A2, 0x0862, 0x0021, 0x0041, 0x0862, 0x0882, 0x0861, 0x0041, 0x0021, 0x0021, 0x0021,
    0x0021, 0x0041, 0x0861, 0x1081, 0x1061, 0x1061, 0x1081, 0x1881, 0x18A1, 0x18A1, 0x18A2, 0x18A1, 0x1081, 0x0861, 0x0082, 0x00E4,
    0x0146, 0x0167, 0x0147, 0x0146, 0x0126, 0x0925, 0x0125, 0x0126, 0x0146, 0x0147, 0x0167, 0x0167, 0x0146, 0x0126, 0x0105, 0x00C4,
    0x0041, 0x0041, 0x0041, 0x0041, 0x0041, 0x0021, 0x0021, 0x0021, 0x0021, 0x0021, 0x0021, 0x0021, 0x0021, 0x0062, 0x0082, 0x0082,
    0x0082, 0x0082, 0x0062, 0x0062, 0x0061, 0x0041, 0x0021, 0x0062, 0x0882, 0x0861, 0x0041, 0x0021, 0x0021, 0x0041, 0x0841, 0x0841,
    0x0041, 0x0021, 0x0021, 0x0841, 0x0861, 0x0861, 0x1061, 0x1081, 0x18A2, 0x20C2, 0x18C2, 0x18A2, 0x1881, 0x1881, 0x1081, 0x1061,
    0x0862, 0x00A3, 0x00E4, 0x0146, 0x0988, 0x0988, 0x0967, 0x0167, 0x0146, 0x0105, 0x00E5, 0x00A3, 0x0082, 0x0861, 0x0861, 0x1061,
    0x0021, 0x0041, 0x0841, 0x0861, 0x0841, 0x0841, 0x0021, 0x0021, 0x0041, 0x0041, 0x0061, 0x0062, 0x0041, 0x0021, 0x0021, 0x0021,
    0x0021, 0x0021, 0x0021, 0x0041, 0x0041, 0x0861, 0x0882, 0x0882, 0x0082, 0x0021, 0x0021, 0x0041, 0x0861, 0x0861, 0x0861, 0x0861,
    0x0861, 0x0041, 0x0041, 0x0861, 0x0041, 0x0841, 0x1081, 0x1081, 0x18A2, 0x18A2, 0x18A2, 0x20C2, 0x1881, 0x1881, 0x18A1, 0x1081,
    0x1061, 0x0841, 0x0041, 0x0083, 0x0105, 0x0147, 0x0105, 0x00A3, 0x0062, 0x0861, 0x0861, 0x1061, 0x1081, 0x1081, 0x1061, 0x1081,
};

static const uint16_t kBootFrame3[64 * 98] PROGMEM = {
    0x0021, 0x0021, 0x0021, 0x0041, 0x0021, 0x0021, 0x0021, 0x0021, 0x0021, 0x0021, 0x0021, 0x0021, 0x0021, 0x0021, 0x0021, 0x0021,
    0x0021, 0x0021, 0x0021, 0x0021, 0x0021, 0x0021, 0x0021, 0x0021, 0x0021, 0x0021, 0x0021, 0x0021, 0x0021, 0x0021, 0x0021, 0x0021,
    0x0021, 0x0021, 0x0021, 0x0021, 0x0021, 0x0021, 0x0021, 0x0021, 0x0021, 0x0021, 0x0021, 0x0021, 0x0021, 0x0021, 0x0021, 0x0021,
    0x0021, 0x0021, 0x0021, 0x0021, 0x0021, 0x0021, 0x0021, 0x0041, 0x0021, 0x0021, 0x0021, 0x0021, 0x0021, 0x0021, 0x0021, 0x0021,
    0x0021, 0x0021, 0x0021, 0x0041, 0x0041, 0x0041, 0x0021, 0x0021, 0x0021, 0x0021, 0x0021, 0x0021, 0x0021, 0x0021, 0x0021, 0x0021,
    0x0041, 0x0021, 0x0021, 0x0021, 0x0021, 0x0021, 0x0021, 0x0021, 0x0021, 0x0021, 0x0021, 0x0021, 0x0021, 0x0021, 0x0021, 0x0021,
    0x0021, 0x0021, 0x0021, 0x0021, 0x0021, 0x0021, 0x0021, 0x0021, 0x0021, 0x0021, 0x0021, 0x0021, 0x0021, 0x0021, 0x0021, 0x0041,
    0x0041, 0x0041, 0x0041, 0x0041, 0x0041, 0x0082, 0x01A7, 0x00C3, 0x0062, 0x0082, 0x0041, 0x0021, 0x0021, 0x0021, 0x0021, 0x0021,
    0x0021, 0x0021, 0x0041, 0x0021, 0x0021, 0x0021, 0x0021, 0x0021, 0x0021, 0x0041, 0x0041, 0x0021, 0x0021, 0x0021, 0x0021, 0x0021,
    0x0021, 0x0021, 0x0021, 0x0021, 0x0021, 0x0021, 0x0021, 0x0021, 0x0021, 0x0021, 0x0021, 0x0021, 0x0021, 0x0021, 0x0021, 0x0021,
    0x0021, 0x0021, 0x0021, 0x0021, 0x0021, 0x0021, 0x0021, 0x0021, 0x0021, 0x0021, 0x0021, 0x0021, 0x0041, 0x0062, 0x0062, 0x0041,
    0x0082, 0x00C4, 0x0166, 0x022A, 0x02EC, 0x0229, 0x032E, 0x04D5, 0x026B, 0x028C, 0x0166, 0x0061, 0x0041, 0x0021, 0x0021, 0x0021,
    0x0041, 0x0021, 0x0041, 0x0041, 0x0021, 0x0021, 0x0021, 0x0021, 0x0021, 0x0021, 0x0021, 0x0021, 0x0041, 0x0041, 0x0021, 0x0021,
    0x0021, 0x0021, 0x0021, 0x0021, 0x0021, 0x0021, 0x0021, 0x0021, 0x0021, 0x0021, 0x0021, 0x0021, 0x0021, 0x0021, 0x0021, 0x0021,
    0x0021, 0x0021, 0x0021, 0x0021, 0x0021, 0x0021, 0x0021, 0x0021, 0x0021, 0x0021, 0x0041, 0x0041, 0x0041, 0x0125, 0x038F, 0x0412,
    0x0453, 0x04F5, 0x0578, 0x0515, 0x0598, 0x05FA, 0x04D5, 0x061A, 0x05FA, 0x0599, 0x0598, 0x02CD, 0x00C3, 0x0041, 0x0021, 0x0021,
    0x0021, 0x0021, 0x0021, 0x0041, 0x0041, 0x0082, 0x0041, 0x0041, 0x0041, 0x0021, 0x0021, 0x0021, 0x0021, 0x0041, 0x0021, 0x0021,
    0x0021, 0x0021, 0x0021, 0x0021, 0x0021, 0x0021, 0x0021, 0x0021, 0x0021, 0x0021, 0x0021, 0x0021, 0x0021, 0x0021, 0x0021, 0x0021,
    0x0021, 0x0021, 0x0021, 0x0021, 0x0021, 0x0021, 0x0021, 0x0041, 0x0041, 0x0041, 0x0041, 0x00C3, 0x02ED, 0x0474, 0x04D5, 0x0453,
    0x024A, 0x01C7, 0x09C7, 0x0924, 0x1103, 0x11A6, 0x0945, 0x0965, 0x01C8, 0x03D1, 0x0578, 0x065C, 0x03B0, 0x00E4, 0x0041, 0x0021,
    0x0041, 0x0041, 0x0021, 0x0021, 0x0021, 0x0021, 0x0021, 0x0041, 0x0041, 0x0021, 0x0021, 0x0021, 0x0021, 0x0041, 0x0021, 0x0021,
    0x0041, 0x0021, 0x0021, 0x0021, 0x0021, 0x0021, 0x0021, 0x0021, 0x0041, 0x0021, 0x0021, 0x0021, 0x0021, 0x0021, 0x0021, 0x0021,
    0x0021, 0x0021, 0x0021, 0x0021, 0x0021, 0x0021, 0x0041, 0x0041, 0x0082, 0x0166, 0x032E, 0x04B4, 0x04B4, 0x034F, 0x0925, 0x2103,
    0x49C4, 0x59E3, 0x6A44, 0x51A3, 0x4983, 0x4184, 0x49A4, 0x51E4, 0x4142, 0x3102, 0x08E3, 0x030D, 0x04F6, 0x0453, 0x0126, 0x0041,
    0x0062, 0x0062, 0x0062, 0x0062, 0x0061, 0x0041, 0x0041, 0x0021, 0x0021, 0x0021, 0x0021, 0x0021, 0x0021, 0x0041, 0x0021, 0x0021,
    0x0041, 0x0021, 0x0021, 0x0021, 0x0021, 0x0021, 0x0021, 0x0021, 0x0041, 0x0041, 0x0021, 0x0021, 0x0021, 0x0021, 0x0021, 0x0021,
    0x0021, 0x0021, 0x0021, 0x0041, 0x0041, 0x0041, 0x0041, 0x0041, 0x01C8, 0x0557, 0x04F6, 0x024A, 0x10E3, 0x5245, 0x8348, 0xA3C8,
    0x9B46, 0x6A45, 0x4184, 0x3185, 0x3A49, 0x3249, 0x324A, 0x2209, 0x3207, 0x6245, 0x6A24, 0x28C1, 0x0904, 0x036F, 0x03D1, 0x024A,
    0x0021, 0x0021, 0x0021, 0x0041, 0x0041, 0x0062, 0x0062, 0x0062, 0x0041, 0x0061, 0x0062, 0x0021, 0x0041, 0x0041, 0x0021, 0x0021,
    0x0041, 0x0021, 0x0021, 0x0021, 0x0021, 0x0021, 0x0021, 0x0021, 0x0061, 0x0041, 0x0021, 0x0021, 0x0021, 0x0021, 0x0021, 0x0021,
    0x0021, 0x0021, 0x0041, 0x0041, 0x0041, 0x0061, 0x0862, 0x01C8, 0x0494, 0x036F, 0x08C3, 0x49E5, 0xA42A, 0xC48A, 0xBBE7, 0x92E5,
    0x6245, 0x62A8, 0x4A69, 0x2A6A, 0x1209, 0x026C, 0x028D, 0x0A4C, 0x120A, 0x19E8, 0x5205, 0x92C5, 0x59A2, 0x28E2, 0x0966, 0x02ED,
    0x0062, 0x0062, 0x0062, 0x0062, 0x0041, 0x0021, 0x0021, 0x0041, 0x0041, 0x0062, 0x00A3, 0x0021, 0x0041, 0x0062, 0x0062, 0x0062,
    0x0041, 0x0021, 0x0021, 0x0021, 0x0021, 0x0021, 0x0021, 0x0041, 0x0062, 0x0041, 0x0021, 0x0021, 0x0021, 0x0021, 0x0021, 0x0021,
    0x0041, 0x0041, 0x0041, 0x0041, 0x0061, 0x0882, 0x02AC, 0x0537, 0x028B, 0x2103, 0x8BC9, 0xC48A, 0xC428, 0x92E5, 0x59E4, 0x4183,
    0x7B49, 0x5267, 0x2A6A, 0x02ED, 0x0538, 0x0E3C, 0x05FB, 0x04F7, 0x02EF, 0x0A0B, 0x1209, 0x6224, 0x9B05, 0x8AC5, 0x5A87, 0x1986,
    0x0041, 0x0041, 0x0041, 0x0061, 0x0061, 0x0061, 0x0062, 0x0062, 0x0041, 0x0021, 0x0021, 0x0021, 0x0041, 0x0062, 0x0083, 0x00A3,
    0x0061, 0x0021, 0x0021, 0x0021, 0x0021, 0x0021, 0x0021, 0x0041, 0x0882, 0x0041, 0x0021, 0x0021, 0x0021, 0x0021, 0x0041, 0x0041,
    0x0041, 0x0061, 0x0862, 0x0862, 0x0862, 0x08E4, 0x04D5, 0x038F, 0x18E3, 0x93E9, 0xBC49, 0xA346, 0x7244, 0x49E5, 0x2944, 0x39A5,
    0x4A06, 0x4269, 0x12ED, 0x0E3B, 0x2F9F, 0x57BF, 0x5FBF, 0x375F, 0x15BB, 0x02EF, 0x120A, 0x29C6, 0x9AE5, 0xA346, 0x8AC5, 0x6266,
    0x0082, 0x0082, 0x0082, 0x0062, 0x0061, 0x0041, 0x0041, 0x0041, 0x0041, 0x0041, 0x0021, 0x0021, 0x0041, 0x0062, 0x0041, 0x0041,
    0x0041, 0x0021, 0x0021, 0x0021, 0x0021, 0x0021, 0x0021, 0x0041, 0x0882, 0x0041, 0x0021, 0x0021, 0x0021, 0x0021, 0x0041, 0x0061,
    0x0062, 0x08C3, 0x0987, 0x02CD, 0x026B, 0x030E, 0x0473, 0x08E3, 0x6AA6, 0x9306, 0x6A23, 0x51E4, 0x41C5, 0x3184, 0x10C2, 0x3164,
    0x3144, 0x3A49, 0x0C74, 0x2F7F, 0x67BF, 0x97BF, 0x8FBF, 0x6FBF, 0x371E, 0x0496, 0x0A0A, 0x1A29, 0x6224, 0x92C5, 0x9AE5, 0x8AA4,
    0x0041, 0x0041, 0x0061, 0x0062, 0x0062, 0x0082, 0x0082, 0x0062, 0x0062, 0x0061, 0x0041, 0x0041, 0x0062, 0x0062, 0x0041, 0x0041,
    0x0041, 0x0021, 0x0021, 0x0021, 0x0021, 0x0021, 0x0021, 0x0041, 0x0061, 0x0041, 0x0021, 0x0021, 0x0021, 0x0041, 0x0061, 0x0882,
    0x028B, 0x04F6, 0x0453, 0x03D1, 0x02AC, 0x02ED, 0x0187, 0x20C1, 0x51C3, 0x41A4, 0x39C5, 0x2944, 0x10A2, 0x2103, 0x0882, 0x10A2,
    0x18E3, 0x3A8A, 0x0D15, 0x47BF, 0x8FBF, 0x77BF, 0x57BF, 0x379F, 0x277F, 0x0D9A, 0x0A6C, 0x224A, 0x10E3, 0x41C5, 0x4A05, 0x51A3,
    0x00A3, 0x0083, 0x0082, 0x0062, 0x0062, 0x0061, 0x0041, 0x0061, 0x0062, 0x0062, 0x0082, 0x0041, 0x0062, 0x0082, 0x0041, 0x0041,
    0x0041, 0x0021, 0x0021, 0x0021, 0x0021, 0x0021, 0x0021, 0x0021, 0x0041, 0x0021, 0x0021, 0x0041, 0x0041, 0x0041, 0x08A3, 0x02AC,
    0x0432, 0x026A, 0x29A5, 0x62A7, 0x72E7, 0x7B48, 0x4A05, 0x20C2, 0x2102, 0x18E3, 0x10A2, 0x18C2, 0x10A2, 0x10C3, 0x0882, 0x0882,
    0x10C2, 0x3A49, 0x0C52, 0x1F7F, 0x4F9F, 0x2F9F, 0x279F, 0x0F7F, 0x1F5F, 0x15BA, 0x128C, 0x2A29, 0x08A3, 0x31A6, 0x31E7, 0x08E4,
    0x0061, 0x0062, 0x0082, 0x00A3, 0x00A3, 0x00A3, 0x00A3, 0x0083, 0x0082, 0x0062, 0x0062, 0x0041, 0x0062, 0x0062, 0x0041, 0x0041,
    0x0041, 0x0021, 0x0021, 0x0021, 0x0021, 0x0041, 0x0041, 0x0021, 0x0021, 0x0021, 0x0021, 0x0041, 0x0041, 0x0862, 0x028C, 0x03F2,
    0x1986, 0x7307, 0x9368, 0x82E6, 0x8AE6, 0xA387, 0xC46A, 0xA409, 0x3164, 0x0041, 0x0861, 0x10A2, 0x0882, 0x10A2, 0x0861, 0x0061,
    0x0882, 0x2986, 0x1AED, 0x05FA, 0x0F1F, 0x175F, 0x175F, 0x0F3F, 0x273F, 0x0CD7, 0x228C, 0x21C8, 0x0062, 0x2965, 0x39C6, 0x10C3,
    0x0041, 0x0041, 0x0062, 0x0082, 0x0862, 0x0882, 0x0882, 0x0082, 0x0082, 0x0882, 0x0082, 0x0041, 0x0062, 0x0062, 0x0041, 0x0041,
    0x0061, 0x0021, 0x0041, 0x0041, 0x0041, 0x0041, 0x0041, 0x0021, 0x0021, 0x0021, 0x0041, 0x0041, 0x0041, 0x0125, 0x0453, 0x11A7,
    0x7B07, 0x7A85, 0x30E1, 0x1860, 0x1860, 0x38E1, 0x7203, 0xC428, 0xABE8, 0x20C1, 0x0021, 0x0841, 0x1061, 0x0861, 0x0041, 0x0041,
    0x0062, 0x10A2, 0x29E8, 0x0B6F, 0x05BA, 0x069E, 0x06DE, 0x1F1E, 0x261B, 0x134F, 0x328B, 0x0905, 0x0882, 0x29A6, 0x31C7, 0x10E3,
    0x0061, 0x0041, 0x00A3, 0x00C4, 0x0862, 0x00C4, 0x00E5, 0x0862, 0x0062, 0x0082, 0x0041, 0x0041, 0x0062, 0x0082, 0x0041, 0x0061,
    0x0061, 0x0021, 0x0041, 0x0061, 0x0041, 0x0041, 0x0021, 0x0021, 0x0021, 0x0041, 0x0041, 0x0041, 0x0062, 0x02CC, 0x02AC, 0x5225,
    0x6A44, 0x1060, 0x0020, 0x0021, 0x0021, 0x0840, 0x28A0, 0x7223, 0xCC08, 0x7A64, 0x28C1, 0x61C3, 0x7A43, 0x6A03, 0x59A2, 0x3102,
    0x0062, 0x0082, 0x1146, 0x2229, 0x1AED, 0x0C53, 0x1516, 0x1C33, 0x230D, 0x2A8A, 0x11A7, 0x0861, 0x18A1, 0x1881, 0x0882, 0x00A3,
    0x0041, 0x0041, 0x0062, 0x0082, 0x0062, 0x00E4, 0x0126, 0x0862, 0x00A3, 0x0105, 0x0061, 0x0041, 0x0062, 0x0082, 0x0041, 0x0061,
    0x0041, 0x0021, 0x0041, 0x0041, 0x0041, 0x0021, 0x0021, 0x0021, 0x0041, 0x0041, 0x0041, 0x0041, 0x00C4, 0x03D1, 0x11C7, 0x6A85,
    0x28A1, 0x0020, 0x0020, 0x0020, 0x0021, 0x0021, 0x0840, 0x30E1, 0x92C4, 0xA325, 0xAB66, 0xD489, 0xD489, 0xCC69, 0xCC69, 0x9B67,
    0x2923, 0x00E5, 0x0147, 0x0988, 0x1A6B, 0x226A, 0x2A8B, 0x326A, 0x2A8A, 0x09E9, 0x08E3, 0x3901, 0x61A2, 0x5982, 0x3901, 0x0861,
    0x0041, 0x0041, 0x0062, 0x0082, 0x0061, 0x0882, 0x0083, 0x0061, 0x0082, 0x00A3, 0x0061, 0x0061, 0x0082, 0x0082, 0x0061, 0x0062,
    0x0061, 0x0021, 0x0041, 0x0021, 0x0021, 0x0021, 0x0021, 0x0041, 0x0041, 0x0041, 0x0041, 0x0062, 0x08C3, 0x02CD, 0x2984, 0x5A04,
    0x1040, 0x1040, 0x1040, 0x0820, 0x0021, 0x0021, 0x0020, 0x2080, 0x71E2, 0xA304, 0xCC48, 0xDCCA, 0xDD0B, 0xDD0B, 0xEDCF, 0xEE52,
    0x9C0B, 0x2944, 0x00A3, 0x00C4, 0x0188, 0x0146, 0x0946, 0x0146, 0x0146, 0x1945, 0x4962, 0x92C5, 0xAB45, 0x92E5, 0x8AA4, 0x4122,
    0x0041, 0x0061, 0x0082, 0x0082, 0x0862, 0x0082, 0x0082, 0x0061, 0x0082, 0x0082, 0x0061, 0x0062, 0x0882, 0x0062, 0x0061, 0x0062,
    0x0061, 0x0021, 0x0041, 0x0021, 0x0021, 0x0041, 0x0021, 0x0041, 0x0061, 0x0041, 0x0041, 0x0061, 0x08E4, 0x0390, 0x31A5, 0x4963,
    0x1040, 0x1860, 0x1040, 0x0020, 0x0021, 0x0021, 0x0021, 0x1040, 0x5982, 0xB386, 0xD489, 0xDCAA, 0xDCEB, 0xE58E, 0xE5D0, 0xB48C,
    0x6A65, 0x20C1, 0x0820, 0x0041, 0x0062, 0x0041, 0x0861, 0x2923, 0x5A46, 0x9368, 0xA326, 0xC3E7, 0xBBE7, 0xB3A6, 0xBBA7, 0x92A4,
    0x0062, 0x0061, 0x0082, 0x0082, 0x0862, 0x0082, 0x0082, 0x0062, 0x0082, 0x0082, 0x0082, 0x0083, 0x0862, 0x0061, 0x0061, 0x0062,
    0x0061, 0x0021, 0x0041, 0x0021, 0x0021, 0x0041, 0x0021, 0x0041, 0x0061, 0x0041, 0x0041, 0x0061, 0x08C4, 0x0370, 0x2165, 0x4122,
    0x2060, 0x2060, 0x1040, 0x0840, 0x0021, 0x0021, 0x0021, 0x1881, 0x9B05, 0xCC48, 0xD489, 0xDCCA, 0xD4AA, 0xC46A, 0x6A66, 0x2081,
    0x1040, 0x0840, 0x0820, 0x0020, 0x0020, 0x0020, 0x0840, 0x59E4, 0xCD4F, 0xEE32, 0xCC8A, 0xCC69, 0xCC49, 0xC408, 0xC408, 0xB3A7,
    0x0062, 0x0062, 0x0082, 0x0082, 0x0862, 0x0082, 0x0083, 0x0862, 0x0082, 0x00A3, 0x0882, 0x0882, 0x0862, 0x0061, 0x0061, 0x0062,
    0x0062, 0x0041, 0x0041, 0x0021, 0x0021, 0x0041, 0x0041, 0x0041, 0x0061, 0x0041, 0x0041, 0x0061, 0x0882, 0x034F, 0x19A6, 0x4942,
    0x28A0, 0x2880, 0x1860, 0x0840, 0x0021, 0x0021, 0x1061, 0x8306, 0xD489, 0xD468, 0xD489, 0xD448, 0xAB46, 0x4942, 0x1860, 0x0840,
    0x0020, 0x0820, 0x1061, 0x1061, 0x0841, 0x0041, 0x0841, 0x1881, 0x93CA, 0xEE53, 0xDD0C, 0xD48A, 0xCC69, 0xCC49, 0xCC69, 0xD54E,
    0x0061, 0x0862, 0x0882, 0x00A3, 0x0862, 0x0882, 0x00A3, 0x0862, 0x0882, 0x00A3, 0x0882, 0x08A3, 0x00A3, 0x00A3, 0x0082, 0x0882,
    0x0041, 0x0041, 0x0041, 0x0021, 0x0041, 0x0041, 0x0021, 0x0041, 0x0061, 0x0041, 0x0041, 0x0061, 0x0862, 0x022B, 0x024B, 0x38E1,
    0x38C1, 0x30A1, 0x2080, 0x1040, 0x0020, 0x0841, 0x7B07, 0xDD2C, 0xD468, 0xD489, 0xD448, 0xA305, 0x4942, 0x1860, 0x1040, 0x0020,
    0x0020, 0x0841, 0x18C2, 0x18E3, 0x08A3, 0x0041, 0x0021, 0x0841, 0x3143, 0xC4AC, 0xD4AA, 0xD4AA, 0xCC49, 0xC429, 0xD4AB, 0xEE32,
    0x0082, 0x0082, 0x00C4, 0x00C4, 0x0882, 0x0883, 0x08A3, 0x0882, 0x0882, 0x00A3, 0x0082, 0x0082, 0x00C4, 0x00E4, 0x00E5, 0x00C4,
    0x0082, 0x0041, 0x0041, 0x0021, 0x0041, 0x0041, 0x0021, 0x0041, 0x0062, 0x0041, 0x0041, 0x0041, 0x0862, 0x08E4, 0x030F, 0x1924,
    0x38C1, 0x40E1, 0x30C1, 0x1060, 0x0020, 0x49E4, 0xD52C, 0xD448, 0xCC07, 0xD489, 0xD4AA, 0xAB46, 0x4921, 0x30C1, 0x1860, 0x0020,
    0x2123, 0x736C, 0x8C2F, 0x6B4C, 0x3A08, 0x10E3, 0x0021, 0x0820, 0x1061, 0x7AA6, 0xCC6A, 0xD4AB, 0xC449, 0xC449, 0xC48B, 0x93CA,
    0x00A3, 0x00C3, 0x0126, 0x0106, 0x0882, 0x08A3, 0x08A3, 0x0882, 0x0882, 0x00A3, 0x0082, 0x0082, 0x0882, 0x0882, 0x0882, 0x0082,
    0x0062, 0x0041, 0x0041, 0x0021, 0x0041, 0x0041, 0x0021, 0x0041, 0x0062, 0x0041, 0x0041, 0x0041, 0x0061, 0x0862, 0x01EA, 0x028D,
    0x18A2, 0x30C1, 0x38C1, 0x1860, 0x0861, 0x9BEA, 0xD4A9, 0xC3A6, 0xD448, 0xDCCA, 0xDCEB, 0xCC69, 0x8264, 0x3901, 0x28A1, 0x1040,
    0x734B, 0xB552, 0x842F, 0x6B4D, 0x1904, 0x29C7, 0x0041, 0x0840, 0x1881, 0x8AE6, 0xD4AB, 0xCCAB, 0xC46A, 0xC46A, 0x8B48, 0x18E3,
    0x0882, 0x0882, 0x08A3, 0x08A3, 0x0882, 0x08A3, 0x00A3, 0x0882, 0x0882, 0x00A3, 0x0082, 0x00A3, 0x0882, 0x0882, 0x0862, 0x0862,
    0x0061, 0x0041, 0x0041, 0x0021, 0x0041, 0x0041, 0x0021, 0x0041, 0x0062, 0x0041, 0x0041, 0x0041, 0x0061, 0x0862, 0x0882, 0x01EA,
    0x022B, 0x1082, 0x2080, 0x1040, 0x3163, 0xBC8A, 0xBBA6, 0xC407, 0xE54D, 0xEE31, 0xEE73, 0xEE32, 0xC46A, 0x5982, 0x30C1, 0x28A1,
    0x62A8, 0x5247, 0x1082, 0x10C3, 0x0146, 0x1966, 0x0882, 0x0840, 0x20A1, 0xABC8, 0xD4AA, 0xCC8A, 0xC46A, 0xBC6B, 0x5226, 0x0082,
    0x0082, 0x0882, 0x0882, 0x0882, 0x0882, 0x08A3, 0x00A3, 0x0882, 0x0882, 0x00A3, 0x00E4, 0x0106, 0x00A3, 0x00C3, 0x00A3, 0x00A3,
    0x0062, 0x0061, 0x0041, 0x0021, 0x0041, 0x0041, 0x0041, 0x0041, 0x0862, 0x0061, 0x0061, 0x0061, 0x0061, 0x0062, 0x0862, 0x08A3,
    0x01A8, 0x022B, 0x0105, 0x0041, 0x39A4, 0xC46A, 0xAB45, 0xD48A, 0xEE31, 0xF6B4, 0xF6D5, 0xF6F6, 0xF694, 0xBC8C, 0x59A3, 0x30E1,
    0x28C2, 0x28E2, 0x0840, 0x0062, 0x1104, 0x10C3, 0x1881, 0x1840, 0x4122, 0xC449, 0xDD0B, 0xDCEB, 0xD48A, 0xAC2B, 0x1924, 0x29A6,
    0x00E4, 0x00C3, 0x00A3, 0x0882, 0x0882, 0x08A3, 0x08A3, 0x0882, 0x08A3, 0x00C3, 0x08C3, 0x00C4, 0x0882, 0x0882, 0x0882, 0x0882,
    0x0061, 0x0041, 0x0041, 0x0021, 0x0041, 0x0041, 0x0041, 0x0062, 0x0882, 0x0966, 0x0187, 0x00C3, 0x0062, 0x0062, 0x0062, 0x0882,
    0x0882, 0x0105, 0x022B, 0x01EA, 0x41C4, 0xABE8, 0xA305, 0xD4EC, 0xEE73, 0xEE94, 0xF6D6, 0xF717, 0xF6F6, 0xF6D5, 0xBC8C, 0x5182,
    0x30C1, 0x28E2, 0x1881, 0x08A2, 0x2123, 0x1061, 0x2080, 0x4962, 0xABC8, 0xE54C, 0xEDAE, 0xED6D, 0xE50B, 0xB48D, 0x1104, 0x0882,
    0x0082, 0x0082, 0x00A3, 0x0882, 0x0882, 0x08A3, 0x08A3, 0x0882, 0x08A3, 0x00C4, 0x00C3, 0x08A3, 0x0882, 0x0862, 0x0862, 0x0862,
    0x0061, 0x0041, 0x0041, 0x0021, 0x0041, 0x0061, 0x0041, 0x0862, 0x0104, 0x1A28, 0x11A7, 0x0146, 0x0862, 0x0062, 0x0862, 0x0882,
    0x08A2, 0x08A3, 0x0126, 0x028D, 0x10E3, 0x9B87, 0x9B25, 0xBC8C, 0xE612, 0xEE94, 0xF6B5, 0xF6F6, 0xF6F7, 0xF717, 0xF694, 0xC4ED,
    0x82E7, 0x4142, 0x20A1, 0x2081, 0x28A1, 0x4122, 0x82C6, 0xD54E, 0xF673, 0xEDF0, 0xED6D, 0xE52C, 0xE4EB, 0xCD0D, 0x3A07, 0x0000,
    0x08C4, 0x08A3, 0x00E4, 0x08A3, 0x0882, 0x08A3, 0x08A3, 0x0882, 0x00C4, 0x0126, 0x00C4, 0x00C4, 0x00A3, 0x00C3, 0x0882, 0x0882,
    0x0061, 0x0041, 0x0041, 0x0021, 0x0041, 0x0061, 0x0041, 0x0862, 0x0125, 0x1A08, 0x1124, 0x0146, 0x0882, 0x0862, 0x0882, 0x0882,
    0x08A3, 0x08A3, 0x00C4, 0x02AE, 0x09E9, 0x49A3, 0x8AC4, 0x9BA9, 0xC550, 0xE633, 0xEE94, 0xEEB5, 0xF6F6, 0xF6F6, 0xF717, 0xF717,
    0xEE94, 0xCD70, 0xB4AD, 0xAC4B, 0xBC8C, 0xD52E, 0xEE73, 0xF6F5, 0xF6F6, 0xF6B4, 0xEDAE, 0xDD2C, 0xCC69, 0xDD0B, 0x9C4D, 0x1082,
    0x00C4, 0x00C4, 0x0147, 0x00E4, 0x0882, 0x08A3, 0x00C3, 0x0882, 0x08A3, 0x00C4, 0x0882, 0x0883, 0x0883, 0x08A3, 0x0882, 0x08A3,
    0x0062, 0x0061, 0x0041, 0x0021, 0x0041, 0x0061, 0x0041, 0x0862, 0x0125, 0x2269, 0x1945, 0x0167, 0x0882, 0x0882, 0x0882, 0x08A3,
    0x08A3, 0x00C3, 0x00C4, 0x0146, 0x028D, 0x08E4, 0x6A23, 0x8B27, 0x9C2D, 0xC570, 0xE633, 0xEE74, 0xEEB5, 0xF6D6, 0xF6F6, 0xF6F7,
    0xE6B6, 0xB551, 0xC592, 0xF6F6, 0xF6F6, 0xF6F6, 0xF717, 0xF738, 0xFF59, 0xEEF6, 0x9C0B, 0x49E4, 0x3963, 0x51E4, 0x8BCC, 0x634C,
    0x08A3, 0x0882, 0x08A3, 0x08A3, 0x0882, 0x08C3, 0x00C4, 0x0882, 0x00C4, 0x00E5, 0x0882, 0x0862, 0x0882, 0x08A3, 0x0882, 0x0882,
    0x0062, 0x0061, 0x0041, 0x0021, 0x0061, 0x0062, 0x0061, 0x0882, 0x0105, 0x1A08, 0x1124, 0x0187, 0x08A3, 0x08A3, 0x08A3, 0x00A3,
    0x00C4, 0x0126, 0x0167, 0x0188, 0x028D, 0x028D, 0x10A2, 0x5182, 0x8307, 0xA48E, 0xBD51, 0xD613, 0xEE95, 0xEEB5, 0xEED6, 0xF6F7,
    0xDE75, 0xA48F, 0x7B6B, 0xEEB5, 0xF6F6, 0xF738, 0xF738, 0xF759, 0xFF7A, 0xAD11, 0x51C4, 0x5A26, 0x3984, 0x1904, 0x21A7, 0x7C92,
    0x00E4, 0x00C4, 0x00E4, 0x00E4, 0x00C4, 0x0127, 0x0126, 0x08A3, 0x0105, 0x08C3, 0x0882, 0x0882, 0x0882, 0x08A3, 0x00A3, 0x0882,
    0x0062, 0x0061, 0x0061, 0x0041, 0x0061, 0x0862, 0x0062, 0x0882, 0x00E4, 0x11E7, 0x10E3, 0x0187, 0x08A3, 0x08A3, 0x00C4, 0x0147,
    0x022B, 0x024C, 0x01CA, 0x0188, 0x0126, 0x00E4, 0x0041, 0x1040, 0x30E1, 0x72E8, 0x9C6E, 0xAD10, 0xCDF3, 0xDE75, 0xE6B6, 0xEEB6,
    0xF6D6, 0xF717, 0xB552, 0xB510, 0xF717, 0xF738, 0xF739, 0xF759, 0xFF79, 0x944E, 0x18A2, 0x2103, 0x2924, 0x1125, 0x0946, 0x3B4E,
    0x0882, 0x0882, 0x0882, 0x0882, 0x08A3, 0x08C4, 0x00C4, 0x00C4, 0x00C4, 0x08A3, 0x00A3, 0x00C4, 0x00E4, 0x00C4, 0x00A3, 0x0882,
    0x0061, 0x0062, 0x0061, 0x0041, 0x0061, 0x0862, 0x0862, 0x0882, 0x00C4, 0x19E7, 0x2144, 0x0167, 0x00C4, 0x00E4, 0x01C9, 0x022B,
    0x01C9, 0x0946, 0x08A3, 0x0062, 0x0041, 0x0020, 0x0021, 0x28A1, 0x1880, 0x30E1, 0x6A87, 0x8C4E, 0x9CF2, 0xAD73, 0xC5F4, 0xDE76,
    0xE6B6, 0xEED7, 0xEEF7, 0xACF1, 0xB572, 0xEEF7, 0xF718, 0xF738, 0xFF59, 0xBD93, 0x2124, 0x0882, 0x08C3, 0x0105, 0x0987, 0x74B3,
    0x0882, 0x0882, 0x0882, 0x0882, 0x0882, 0x0882, 0x00A3, 0x00E5, 0x08A3, 0x0882, 0x08A3, 0x08A3, 0x08A3, 0x08A3, 0x08A3, 0x0882,
    0x0061, 0x0061, 0x0061, 0x0041, 0x0061, 0x0862, 0x0862, 0x0882, 0x00C4, 0x19E7, 0x1903, 0x0167, 0x00E4, 0x01EA, 0x0A2A, 0x1966,
    0x08C4, 0x0062, 0x0021, 0x0041, 0x0881, 0x0861, 0x0841, 0x30E1, 0x30C1, 0x40E1, 0x4962, 0x6287, 0x7BCC, 0x8C91, 0x8D33, 0xA5B5,
    0xC615, 0xD656, 0xE6B6, 0xE6B7, 0xA532, 0x9513, 0xC677, 0xDEF9, 0xE71A, 0xBEB9, 0x3C32, 0x0A2A, 0x01C9, 0x0ACD, 0x4C93, 0x7618,
    0x00C4, 0x08C4, 0x08C4, 0x08C4, 0x08C4, 0x08A3, 0x00A3, 0x00A3, 0x08A3, 0x0105, 0x08A3, 0x08A3, 0x08A3, 0x0882, 0x0882, 0x0882,
    0x0062, 0x0062, 0x0862, 0x0041, 0x0062, 0x0862, 0x0882, 0x08A3, 0x0105, 0x11E8, 0x18E3, 0x0187, 0x0147, 0x02CE, 0x2944, 0x10E3,
    0x0061, 0x0020, 0x2923, 0x41C4, 0x4A05, 0x41A4, 0x2103, 0x18C2, 0x1881, 0x30C1, 0x5982, 0x6A24, 0x7329, 0x83ED, 0x8470, 0x7CF3,
    0x7D55, 0x8DB6, 0xAE17, 0xCE77, 0xE6D7, 0xC615, 0x7D34, 0x6596, 0x5E39, 0x4E7B, 0x2DF9, 0x0C12, 0x1D36, 0x469C, 0x3E7B, 0x1DD8,
    0x08C3, 0x08C4, 0x00C4, 0x00E4, 0x00E4, 0x00E4, 0x00C4, 0x00C4, 0x00E4, 0x0147, 0x0105, 0x0126, 0x0105, 0x00C4, 0x0882, 0x0882,
    0x0062, 0x0862, 0x0862, 0x0041, 0x0062, 0x0882, 0x0882, 0x00C4, 0x020A, 0x19C7, 0x0882, 0x0167, 0x01C9, 0x024C, 0x28E2, 0x18C2,
    0x3184, 0x4A06, 0x41C5, 0x3964, 0x2903, 0x2902, 0x18C2, 0x2103, 0x2103, 0x18C2, 0x28E1, 0x59C3, 0x8B48, 0x940D, 0x946E, 0x8C70,
    0x7492, 0x6515, 0x65B8, 0x6E39, 0x8E9A, 0xBEDA, 0xCEFA, 0xB699, 0x8E18, 0x6619, 0x35D8, 0x2557, 0x1DF9, 0x1DD8, 0x0CB4, 0x036F,
    0x0882, 0x08A3, 0x08A3, 0x00A3, 0x08A3, 0x08A3, 0x0882, 0x08A2, 0x08A3, 0x08C3, 0x08A3, 0x08A3, 0x00A3, 0x00A3, 0x0882, 0x0882,
    0x0062, 0x0882, 0x0882, 0x0041, 0x0862, 0x0882, 0x08A3, 0x09C8, 0x11E8, 0x2123, 0x0061, 0x01A8, 0x026D, 0x3227, 0x62A7, 0x5246,
    0x5267, 0x41E5, 0x3164, 0x3984, 0x4184, 0x49C5, 0x3164, 0x2103, 0x18C2, 0x20E3, 0x10C3, 0x18C2, 0x7265, 0xB44B, 0xB50F, 0xACCF,
    0x9490, 0x7CB1, 0x5CB3, 0x3CF6, 0x2D78, 0x363A, 0x5E9B, 0x7F1C, 0x7F5E, 0x775E, 0x56BC, 0x2CB4, 0x0B2E, 0x024B, 0x0188, 0x0126,
    0x0147, 0x0126, 0x0105, 0x0105, 0x00E5, 0x00E5, 0x08A3, 0x0882, 0x08A3, 0x08A3, 0x08A3, 0x0882, 0x0882, 0x0882, 0x0882, 0x0882,
    0x0062, 0x0882, 0x08A3, 0x0041, 0x0862, 0x0882, 0x00E4, 0x1A28, 0x2923, 0x2943, 0x0061, 0x0146, 0x4A88, 0x5A66, 0x2923, 0x10A2,
    0x0882, 0x0841, 0x0861, 0x0861, 0x10A2, 0x18E3, 0x2944, 0x2124, 0x2944, 0x20E3, 0x10A2, 0x0882, 0x10C2, 0x7AC6, 0xDDB0, 0xD5D2,
    0xBD71, 0xA4F1, 0x84D2, 0x5CD4, 0x3473, 0x2C53, 0x1C12, 0x0BF1, 0x0AEC, 0x128B, 0x0966, 0x0082, 0x00A3, 0x020B, 0x01A9, 0x0126,
    0x0147, 0x0106, 0x0105, 0x0106, 0x0126, 0x0147, 0x00A3, 0x08A3, 0x00E5, 0x00E4, 0x00E4, 0x00C4, 0x00C4, 0x00A3, 0x00A3, 0x0882,
    0x0062, 0x0082, 0x00A3, 0x0062, 0x0882, 0x08A3, 0x00E4, 0x19E7, 0x2923, 0x3163, 0x0061, 0x2923, 0x6287, 0x2103, 0x0882, 0x0841,
    0x0021, 0x0021, 0x0021, 0x0021, 0x0020, 0x0041, 0x0861, 0x10A2, 0x2104, 0x2944, 0x2103, 0x10A2, 0x0082, 0x18E3, 0xA3EA, 0xE633,
    0xE674, 0xD5F3, 0xAD52, 0x8D13, 0x6D14, 0x54D5, 0x2D16, 0x0B6F, 0x0021, 0x0000, 0x0020, 0x0082, 0x00C4, 0x01A8, 0x020A, 0x0188,
    0x0082, 0x0882, 0x08A3, 0x08A3, 0x08A3, 0x08A3, 0x0882, 0x08A3, 0x08A3, 0x0882, 0x0082, 0x0082, 0x0882, 0x0882, 0x0882, 0x0882,
    0x0862, 0x0082, 0x00A3, 0x0062, 0x0882, 0x08A3, 0x00E5, 0x19E8, 0x2923, 0x2923, 0x0841, 0x2943, 0x3144, 0x18C2, 0x0041, 0x0021,
    0x0021, 0x0021, 0x0041, 0x0041, 0x0021, 0x0021, 0x0021, 0x0020, 0x0041, 0x10A2, 0x18E3, 0x18E3, 0x10E3, 0x00C4, 0x3143, 0xCD0E,
    0xEEB5, 0xEEB6, 0xDE55, 0xBDB3, 0x9554, 0x7D55, 0x4577, 0x128B, 0x0020, 0x0021, 0x0082, 0x00A3, 0x0082, 0x01E9, 0x022B, 0x02CD,
    0x0083, 0x08A3, 0x08A3, 0x08A3, 0x08A3, 0x08A3, 0x08A3, 0x08A3, 0x0882, 0x0882, 0x0882, 0x0862, 0x0862, 0x0862, 0x0882, 0x0882,
    0x0062, 0x0083, 0x00A3, 0x0862, 0x0882, 0x08A3, 0x00E5, 0x11E8, 0x2943, 0x2902, 0x0041, 0x10A1, 0x10A2, 0x0041, 0x0021, 0x0021,
    0x0861, 0x20C2, 0x20E3, 0x2903, 0x2903, 0x20E2, 0x1081, 0x0021, 0x0021, 0x0021, 0x0861, 0x0882, 0x10A2, 0x1124, 0x0905, 0x6AC7,
    0xE633, 0xF6F7, 0xEEB6, 0xE675, 0xCE15, 0xADD5, 0x8575, 0x4289, 0x0021, 0x0041, 0x00A3, 0x00A3, 0x01A8, 0x0188, 0x01A8, 0x132E,
    0x08A3, 0x08C3, 0x08C4, 0x08C4, 0x00C4, 0x00C4, 0x00C4, 0x00C3, 0x00A3, 0x00A3, 0x00A3, 0x08A3, 0x0882, 0x0882, 0x0882, 0x08A3,
    0x0062, 0x0083, 0x00C4, 0x0882, 0x0882, 0x00A3, 0x0146, 0x09E8, 0x2103, 0x2943, 0x0041, 0x0841, 0x0841, 0x0021, 0x0021, 0x10A2,
    0x5A45, 0x5205, 0x5A05, 0x5205, 0x5205, 0x41A5, 0x3144, 0x18A2, 0x0021, 0x0021, 0x0021, 0x0021, 0x0041, 0x08C3, 0x0146, 0x09A8,
    0x7B6A, 0xE654, 0xEED6, 0xEED7, 0xE6B7, 0xD677, 0xA5B5, 0x4A89, 0x0041, 0x00A3, 0x00E5, 0x0167, 0x020A, 0x00A3, 0x01C9, 0x32AA,
    0x0041, 0x0041, 0x0061, 0x0062, 0x0061, 0x0041, 0x0041, 0x0061, 0x0062, 0x0062, 0x0041, 0x0061, 0x0061, 0x0062, 0x0062, 0x0882,
    0x0061, 0x00A3, 0x00C4, 0x0882, 0x0882, 0x00C4, 0x11E8, 0x31C5, 0x20C2, 0x18C2, 0x0041, 0x0841, 0x0041, 0x0041, 0x0020, 0x6AA6,
    0x93A9, 0x5A25, 0x5A05, 0x5205, 0x5206, 0x5226, 0x3984, 0x20E2, 0x0861, 0x0041, 0x20C2, 0x0861, 0x0021, 0x0041, 0x0082, 0x0146,
    0x09A8, 0x7B8B, 0xE675, 0xEED7, 0xEED7, 0xD697, 0xA5D6, 0x4A88, 0x0062, 0x00E4, 0x01A9, 0x0167, 0x0082, 0x00C3, 0x128B, 0x4268,
    0x0041, 0x0041, 0x0041, 0x0061, 0x0061, 0x0041, 0x0061, 0x0082, 0x0862, 0x0062, 0x0062, 0x0062, 0x0041, 0x0061, 0x0862, 0x0882,
    0x0882, 0x08A3, 0x00C4, 0x0882, 0x0882, 0x00E5, 0x21E8, 0x3163, 0x0841, 0x1061, 0x20C1, 0x1081, 0x0021, 0x0020, 0x2943, 0xB4AB,
    0x72A6, 0x49A4, 0x3123, 0x2103, 0x2123, 0x3144, 0x41C5, 0x3164, 0x1082, 0x0041, 0x2103, 0x2943, 0x10A2, 0x0041, 0x0041, 0x0062,
    0x0146, 0x09C8, 0x8C2D, 0xE696, 0xE6D8, 0xCE98, 0xA573, 0x39C5, 0x0082, 0x0147, 0x0147, 0x0062, 0x00A3, 0x0105, 0x1A6A, 0x3164,
    0x0041, 0x0041, 0x0041, 0x0061, 0x0061, 0x0041, 0x0062, 0x00C3, 0x08A3, 0x08A3, 0x08A3, 0x0082, 0x0041, 0x0062, 0x0882, 0x08A3,
    0x00C3, 0x08A3, 0x00A3, 0x0882, 0x0882, 0x00C4, 0x1187, 0x2943, 0x3184, 0x49E5, 0x2903, 0x10A2, 0x0021, 0x0020, 0x6AE7, 0xA3E9,
    0x4183, 0x31A5, 0x22CB, 0x1B0C, 0x1249, 0x1104, 0x2103, 0x41A5, 0x20E3, 0x0041, 0x0041, 0x3143, 0x39A5, 0x18E3, 0x0021, 0x0020,
    0x0041, 0x0167, 0x1A09, 0xA4B0, 0xD676, 0xC616, 0x83ED, 0x10C3, 0x0167, 0x0126, 0x0062, 0x00C4, 0x0126, 0x01A7, 0x2A07, 0x2103,
    0x0061, 0x0061, 0x0062, 0x0061, 0x0061, 0x0041, 0x0041, 0x00A3, 0x08A3, 0x08A3, 0x0882, 0x0862, 0x0041, 0x0061, 0x0862, 0x0882,
    0x08A3, 0x08A3, 0x0882, 0x0882, 0x08A3, 0x00E4, 0x0967, 0x5A66, 0x62C7, 0x3184, 0x2103, 0x1082, 0x0021, 0x0861, 0x9C2B, 0x7286,
    0x2923, 0x1A08, 0x1536, 0x0E9B, 0x0C32, 0x1104, 0x1082, 0x3144, 0x2924, 0x0861, 0x0020, 0x0861, 0x39A5, 0x2944, 0x0862, 0x0882,
    0x0041, 0x0041, 0x0126, 0x2A08, 0x9CD0, 0xA511, 0x4227, 0x0167, 0x00C4, 0x0041, 0x00C4, 0x0147, 0x0146, 0x1229, 0x4207, 0x2944,
    0x0041, 0x0041, 0x0041, 0x0041, 0x0041, 0x0041, 0x0041, 0x0041, 0x0061, 0x0041, 0x0041, 0x0041, 0x0041, 0x0041, 0x0041, 0x0061,
    0x0061, 0x0062, 0x0061, 0x0882, 0x08A3, 0x0105, 0x29E7, 0x6AA6, 0x2943, 0x2123, 0x18E3, 0x0861, 0x0021, 0x18C2, 0xA44B, 0x51E4,
    0x20E2, 0x1945, 0x136F, 0x0CF5, 0x11A7, 0x10C3, 0x0882, 0x18E3, 0x2944, 0x10A2, 0x0021, 0x0021, 0x0861, 0x2944, 0x3185, 0x1125,
    0x0083, 0x0041, 0x0021, 0x0146, 0x32AA, 0x5AC9, 0x1166, 0x00E4, 0x0021, 0x0082, 0x0167, 0x0147, 0x0167, 0x2269, 0x39A5, 0x2103,
    0x0021, 0x0021, 0x0021, 0x0021, 0x0021, 0x0021, 0x0021, 0x0021, 0x0021, 0x0021, 0x0021, 0x0021, 0x0021, 0x0021, 0x0021, 0x0041,
    0x0041, 0x0061, 0x0862, 0x0882, 0x08A3, 0x00E5, 0x29C6, 0x5A46, 0x5267, 0x4A26, 0x20E3, 0x0882, 0x0041, 0x3164, 0x9C0A, 0x3122,
    0x10A2, 0x1208, 0x0CB4, 0x0ACC, 0x1104, 0x10E3, 0x08A2, 0x18C3, 0x2944, 0x08A3, 0x0041, 0x0021, 0x0862, 0x0861, 0x1904, 0x1986,
    0x0926, 0x0905, 0x0083, 0x0062, 0x0926, 0x1925, 0x0126, 0x0041, 0x08C4, 0x00C4, 0x0146, 0x0126, 0x0A0A, 0x29C7, 0x2923, 0x10A2,
    0x0021, 0x0021, 0x0021, 0x0021, 0x0021, 0x0021, 0x0021, 0x0021, 0x0021, 0x0021, 0x0021, 0x0041, 0x0041, 0x0041, 0x0041, 0x0061,
    0x0061, 0x0882, 0x0882, 0x0882, 0x08A3, 0x00E4, 0x21A6, 0x5A86, 0x39E5, 0x2943, 0x18C2, 0x0882, 0x0041, 0x2943, 0x8369, 0x20C2,
    0x10A2, 0x0B6F, 0x0C93, 0x09A7, 0x0ACC, 0x0904, 0x08A2, 0x18E3, 0x2124, 0x08A3, 0x0062, 0x0021, 0x0882, 0x0861, 0x0021, 0x00A3,
    0x0125, 0x0966, 0x0905, 0x10C3, 0x0083, 0x0967, 0x00C3, 0x0083, 0x0905, 0x00C4, 0x00E5, 0x01C9, 0x12AC, 0x2944, 0x18E2, 0x0882,
    0x0041, 0x0041, 0x0061, 0x0061, 0x0041, 0x0021, 0x0021, 0x0021, 0x0041, 0x0041, 0x0041, 0x0041, 0x0041, 0x0061, 0x0062, 0x0062,
    0x0862, 0x0862, 0x0882, 0x0882, 0x0882, 0x00C4, 0x1986, 0x5A65, 0x3142, 0x3122, 0x18C2, 0x08A2, 0x0021, 0x3164, 0x9BEA, 0x3102,
    0x10A2, 0x09C8, 0x0CF5, 0x0D16, 0x0BB0, 0x08E3, 0x0882, 0x2923, 0x2944, 0x0904, 0x00A4, 0x0021, 0x0861, 0x0882, 0x08A3, 0x0083,
    0x0041, 0x0083, 0x0882, 0x29A6, 0x1104, 0x0126, 0x0105, 0x0146, 0x0126, 0x0105, 0x01A9, 0x024B, 0x2269, 0x3144, 0x18C2, 0x0882,
    0x0061, 0x0061, 0x0062, 0x0041, 0x0041, 0x0021, 0x0041, 0x0041, 0x0041, 0x0062, 0x0062, 0x0062, 0x0862, 0x0862, 0x0882, 0x0882,
    0x0882, 0x0882, 0x0882, 0x0862, 0x0882, 0x00A3, 0x1146, 0x5225, 0x2902, 0x3122, 0x18E2, 0x10A2, 0x0021, 0x3163, 0x93A9, 0x3943,
    0x1081, 0x08A2, 0x0A09, 0x0AAC, 0x0905, 0x0862, 0x18C2, 0x3144, 0x2924, 0x10E4, 0x0105, 0x0041, 0x0041, 0x10C3, 0x08E4, 0x00E4,
    0x00A3, 0x0125, 0x00C4, 0x19E9, 0x11C8, 0x00E5, 0x0987, 0x09A8, 0x01C9, 0x0A2A, 0x1B90, 0x1B0D, 0x31A6, 0x3165, 0x10A2, 0x0882,
    0x0021, 0x0021, 0x0021, 0x0021, 0x0021, 0x0041, 0x0041, 0x0062, 0x0082, 0x0882, 0x0882, 0x0882, 0x00A3, 0x08A3, 0x08A3, 0x08A3,
    0x08A3, 0x08A3, 0x0882, 0x0882, 0x0882, 0x00C4, 0x0925, 0x5225, 0x2103, 0x10C2, 0x1082, 0x0841, 0x0021, 0x1061, 0x8327, 0x51E4,
    0x20E2, 0x0861, 0x0862, 0x0861, 0x0861, 0x18C2, 0x2923, 0x2923, 0x18C2, 0x08A2, 0x0105, 0x0082, 0x0041, 0x0082, 0x00A3, 0x0105,
    0x0105, 0x0988, 0x0946, 0x19C8, 0x11A8, 0x0146, 0x01C9, 0x09C9, 0x332D, 0x74D3, 0x7D13, 0x42AA, 0x3165, 0x2103, 0x0882, 0x0882,
    0x0041, 0x0041, 0x0021, 0x0021, 0x0021, 0x0061, 0x0882, 0x00A3, 0x00A3, 0x00C4, 0x0105, 0x0146, 0x0188, 0x0987, 0x0987, 0x0967,
    0x0147, 0x0126, 0x08C4, 0x08A3, 0x08A3, 0x00E5, 0x2944, 0x20E2, 0x0861, 0x0861, 0x18A2, 0x0861, 0x0021, 0x0041, 0x8348, 0x6265,
    0x4184, 0x2903, 0x2903, 0x2903, 0x3143, 0x41C5, 0x49E6, 0x39A5, 0x2124, 0x1104, 0x0925, 0x00E5, 0x0021, 0x0062, 0x0083, 0x0105,
    0x0126, 0x0988, 0x0966, 0x1A4A, 0x09E8, 0x01E9, 0x09EA, 0x6BEE, 0xCDF2, 0xB592, 0x7B8B, 0x6AC7, 0x5A25, 0x28E2, 0x0862, 0x0882,
    0x0882, 0x0062, 0x0021, 0x0021, 0x0041, 0x0062, 0x08A3, 0x00C3, 0x0125, 0x0167, 0x0967, 0x3207, 0x5287, 0x6B08, 0x8BCA, 0x7B69,
    0x5AA7, 0x21A6, 0x0126, 0x0105, 0x00A3, 0x0105, 0x2963, 0x3163, 0x3163, 0x20E2, 0x10C3, 0x0861, 0x0862, 0x0021, 0x5246, 0x8B48,
    0x2903, 0x3144, 0x3144, 0x2943, 0x41A5, 0x4A06, 0x49E6, 0x3164, 0x18C2, 0x18A2, 0x1903, 0x1187, 0x10A3, 0x10E3, 0x29E8, 0x1A29,
    0x128B, 0x128C, 0x128B, 0x3249, 0x1986, 0x0105, 0x6B29, 0xE58E, 0xED4C, 0xE54C, 0xE54C, 0xE52B, 0xD469, 0x8264, 0x18A1, 0x0862,
    0x0041, 0x0021, 0x0021, 0x0021, 0x0041, 0x0862, 0x08A3, 0x0167, 0x09C9, 0x29A5, 0x7B48, 0xD5AE, 0xEE50, 0xF62F, 0xEDEE, 0xE58D,
    0xDD4C, 0xC4AB, 0x72C7, 0x1125, 0x0105, 0x00E5, 0x3183, 0x41E4, 0x2103, 0x18C2, 0x0061, 0x0041, 0x10A2, 0x0021, 0x39A4, 0xA409,
    0x3963, 0x20E3, 0x18C2, 0x3144, 0x3985, 0x3985, 0x2903, 0x28E2, 0x7A64, 0xA367, 0xBC4A, 0xBC8B, 0x836A, 0x4228, 0x22CC, 0x0C94,
    0x3DF9, 0x1DB9, 0x1433, 0x39E7, 0x2124, 0x49A4, 0xCC89, 0xDCA9, 0xDC89, 0xCC07, 0xB365, 0xB386, 0x9AE4, 0x61C2, 0x1081, 0x0862,
    0x0021, 0x0021, 0x0021, 0x0041, 0x0041, 0x08A3, 0x0167, 0x0167, 0x3163, 0xAC08, 0xEDEE, 0xED8C, 0xE4EA, 0xD489, 0xD468, 0xD489,
    0xD469, 0xCC69, 0xCC49, 0x8B27, 0x1104, 0x0147, 0x2943, 0x2102, 0x18C2, 0x2923, 0x0041, 0x0021, 0x10A2, 0x0041, 0x18A2, 0x8327,
    0x7285, 0x18A1, 0x18E2, 0x2123, 0x2103, 0x1081, 0x4122, 0xAB46, 0xD489, 0xE52C, 0xE52B, 0xDCAA, 0x6A86, 0x31C7, 0x0B90, 0x1EBC,
    0x471D, 0x261A, 0x238F, 0x2944, 0x2103, 0x7A23, 0xD427, 0xD469, 0xDCA9, 0xCC48, 0x8AA4, 0x7223, 0x5982, 0x4121, 0x1881, 0x0862,
    0x0021, 0x0021, 0x0041, 0x0061, 0x0882, 0x0126, 0x0967, 0x3143, 0x6A44, 0xC448, 0xCC27, 0xCC07, 0xBBA6, 0xAB45, 0xBBA7, 0xCC49,
    0xCC8A, 0xCC8A, 0xC408, 0xB3C7, 0x5A25, 0x0147, 0x0905, 0x2922, 0x10A2, 0x10C2, 0x0041, 0x0041, 0x0861, 0x0041, 0x0020, 0x49E4,
    0x8307, 0x20E2, 0x18C2, 0x18E3, 0x1081, 0x4121, 0xAB46, 0xDCA9, 0xE50B, 0xE54C, 0xE50B, 0xABA8, 0x41C5, 0x29A7, 0x0474, 0x1EBC,
    0x269C, 0x0D97, 0x22AB, 0x18E3, 0x20C2, 0x8A83, 0xC3E7, 0xCC07, 0xCC07, 0xD469, 0xD448, 0xCC48, 0xBBA6, 0x8263, 0x20C2, 0x0061,
    0x0021, 0x0021, 0x0041, 0x0862, 0x00E5, 0x0147, 0x28E2, 0x2902, 0x4983, 0x9AC4, 0x9AE4, 0x9AC4, 0x8263, 0x8A84, 0xAB46, 0xBC08,
    0xC48A, 0xC4AB, 0xBC29, 0xA387, 0x7AC6, 0x2124, 0x0127, 0x2144, 0x10A2, 0x0882, 0x0861, 0x0882, 0x0882, 0x0861, 0x0020, 0x18A2,
    0x49E4, 0x3143, 0x1082, 0x0882, 0x20A1, 0x92A4, 0xCC28, 0xDCA9, 0xDCCA, 0xDCCA, 0xDC89, 0x82A5, 0x2103, 0x2165, 0x228A, 0x22CC,
    0x22AB, 0x2A28, 0x31C6, 0x18E3, 0x1881, 0x7A23, 0xB365, 0xBB85, 0xB345, 0xAB25, 0x8A84, 0x8AA4, 0x7A43, 0x4983, 0x0881, 0x0862,
    0x0020, 0x0021, 0x0061, 0x08A3, 0x0167, 0x2103, 0x18A1, 0x0841, 0x18A1, 0x4962, 0x61C2, 0x61E3, 0x61C2, 0x6A03, 0x92E5, 0xB3E8,
    0xBC4A, 0xBC4A, 0xAC09, 0x9B67, 0x6AA6, 0x31A5, 0x0167, 0x21A6, 0x1924, 0x08A2, 0x10C3, 0x10E3, 0x0882, 0x0882, 0x0021, 0x0020,
    0x3143, 0x3163, 0x0861, 0x0841, 0x4941, 0xA304, 0xC3E7, 0xD448, 0xD469, 0xD448, 0xCC07, 0x6A03, 0x20E3, 0x18E3, 0x2103, 0x18E3,
    0x18C3, 0x10A2, 0x10A2, 0x0881, 0x0861, 0x61A2, 0x9AA4, 0x9AE4, 0xA2E4, 0xAB25, 0x8A63, 0x7203, 0x5162, 0x20C2, 0x0061, 0x0862,
    0x0062, 0x0062, 0x0882, 0x0126, 0x1146, 0x20C1, 0x0041, 0x0021, 0x0041, 0x10A1, 0x20E2, 0x3102, 0x3122, 0x4983, 0x8B06, 0xB44A,
    0xB48A, 0xAC4A, 0x9BEA, 0x62A7, 0x4226, 0x31E6, 0x0987, 0x2207, 0x31E6, 0x1925, 0x1945, 0x1104, 0x08A3, 0x08A3, 0x0041, 0x0021,
    0x10A1, 0x41A3, 0x10A2, 0x1861, 0x61C2, 0x92A4, 0xB365, 0xBBA6, 0xC3C7, 0xBBA6, 0xB386, 0x61C2, 0x0861, 0x0861, 0x0841, 0x0841,
    0x0041, 0x0041, 0x0041, 0x0041, 0x0041, 0x30C1, 0x69E2, 0x7A23, 0x7A23, 0x7203, 0x7A44, 0x7A44, 0x4983, 0x1081, 0x0862, 0x0862,
    0x00A3, 0x08A3, 0x00C3, 0x01A9, 0x10A2, 0x0841, 0x0082, 0x00E5, 0x0105, 0x0167, 0x0167, 0x0105, 0x08A2, 0x41A3, 0xA409, 0xB4AB,
    0xAC8B, 0x8BEA, 0x5AC9, 0x3228, 0x21E7, 0x2A28, 0x1209, 0x226A, 0x3248, 0x19A6, 0x1986, 0x1145, 0x0904, 0x08E4, 0x0882, 0x0041,
    0x0021, 0x2902, 0x2923, 0x2081, 0x61A2, 0x7A43, 0x92A4, 0x9AE4, 0xA305, 0xA304, 0x92C4, 0x69C2, 0x1061, 0x0041, 0x0841, 0x0841,
    0x0841, 0x0841, 0x0041, 0x0041, 0x0021, 0x0841, 0x28C1, 0x4142, 0x3143, 0x18C2, 0x1082, 0x08A2, 0x0062, 0x0061, 0x0861, 0x0861,
    0x0062, 0x00A3, 0x00E4, 0x0147, 0x0882, 0x0106, 0x0167, 0x0147, 0x0105, 0x0105, 0x0126, 0x01C9, 0x0946, 0x7349, 0xBCED, 0xA44B,
    0x738A, 0x42CA, 0x2A49, 0x2249, 0x1A4A, 0x1A6A, 0x1A6B, 0x22AB, 0x3AAA, 0x19E8, 0x19C7, 0x19A7, 0x1146, 0x0925, 0x08C3, 0x0882,
    0x0061, 0x0861, 0x0861, 0x20C1, 0x7A23, 0x7203, 0x7203, 0x7A23, 0x8243, 0x7A43, 0x7A23, 0x61A2, 0x28C1, 0x0041, 0x0041, 0x0041,
    0x0041, 0x0041, 0x0041, 0x0041, 0x0061, 0x0041, 0x00E5, 0x0967, 0x08A2, 0x0882, 0x0041, 0x0041, 0x0061, 0x0041, 0x0041, 0x0041,
    0x0021, 0x0062, 0x0105, 0x0147, 0x0126, 0x08E4, 0x0882, 0x0882, 0x00A3, 0x00E4, 0x0146, 0x01A9, 0x4268, 0xB54E, 0x942B, 0x5B0A,
    0x32AA, 0x2AAB, 0x2AAB, 0x22AB, 0x22CC, 0x22CC, 0x22ED, 0x2B0D, 0x3B0C, 0x2AAB, 0x226A, 0x2229, 0x11C7, 0x1166, 0x0925, 0x08C4,
    0x08A3, 0x0882, 0x0041, 0x0861, 0x51A3, 0x7A63, 0x6A03, 0x6A03, 0x69E2, 0x61C2, 0x59A2, 0x5182, 0x3922, 0x0861, 0x0041, 0x0041,
    0x0041, 0x0041, 0x0041, 0x0041, 0x0061, 0x0083, 0x0188, 0x09C9, 0x10C2, 0x10A2, 0x0061, 0x0061, 0x0061, 0x0041, 0x0041, 0x0041,
    0x0021, 0x0041, 0x00A3, 0x0105, 0x0882, 0x0882, 0x0062, 0x0882, 0x00C4, 0x0147, 0x01EA, 0x2A07, 0x946B, 0x83CA, 0x4AC9, 0x328A,
    0x2AAB, 0x2AEC, 0x2AEC, 0x2B0D, 0x2B2E, 0x2B2E, 0x2B6F, 0x2B6F, 0x334E, 0x2B0C, 0x2ACC, 0x228B, 0x1A29, 0x19E8, 0x11A7, 0x0946,
    0x0904, 0x10E4, 0x0882, 0x0061, 0x0041, 0x2902, 0x51A2, 0x59C2, 0x5183, 0x3964, 0x3164, 0x2103, 0x0881, 0x0021, 0x0021, 0x0021,
    0x0021, 0x0021, 0x0021, 0x0041, 0x0041, 0x0082, 0x01A9, 0x0945, 0x18C2, 0x0882, 0x0041, 0x0061, 0x0041, 0x0041, 0x0041, 0x0041,
    0x0041, 0x0083, 0x00A3, 0x00C3, 0x0082, 0x0882, 0x00A3, 0x00C3, 0x0126, 0x024B, 0x2207, 0x942A, 0x940A, 0x5AA9, 0x3289, 0x2ACB,
    0x2AEC, 0x2B0D, 0x2B2D, 0x2B4E, 0x338F, 0x338F, 0x3BB0, 0x3B8F, 0x33AF, 0x338F, 0x336F, 0x2B2D, 0x22CC, 0x228B, 0x1A29, 0x11C8,
    0x1186, 0x1145, 0x10E4, 0x10E3, 0x0062, 0x0021, 0x0021, 0x0841, 0x0841, 0x0041, 0x0021, 0x0021, 0x0021, 0x0021, 0x0021, 0x0020,
    0x0841, 0x0841, 0x0041, 0x0021, 0x0062, 0x0062, 0x0187, 0x1904, 0x18E3, 0x0861, 0x0061, 0x0061, 0x0061, 0x0061, 0x0061, 0x0061,
    0x0062, 0x0062, 0x0062, 0x0062, 0x0062, 0x08A3, 0x00C4, 0x0105, 0x024B, 0x1208, 0x8C2B, 0xB52E, 0x6BEC, 0x43EF, 0x3C0F, 0x33AF,
    0x2B6E, 0x234E, 0x2B4E, 0x338F, 0x33B0, 0x3BD0, 0x3BD0, 0x3BD0, 0x3BD0, 0x3BB0, 0x3BB0, 0x338F, 0x2B6F, 0x2B2E, 0x22CC, 0x1A6A,
    0x2208, 0x3248, 0x3206, 0x11E8, 0x0925, 0x00A3, 0x0041, 0x0041, 0x0061, 0x0041, 0x0041, 0x0021, 0x0021, 0x1061, 0x3921, 0x6A03,
    0x8AA4, 0x9305, 0x82A4, 0x4962, 0x0861, 0x0082, 0x0167, 0x1145, 0x10C3, 0x0061, 0x0061, 0x0061, 0x0061, 0x0061, 0x0061, 0x0861,
    0x0041, 0x0041, 0x0021, 0x0021, 0x0041, 0x0882, 0x00E4, 0x022B, 0x0A6B, 0x6C0E, 0xB636, 0x7E58, 0x667A, 0x667A, 0x4E7A, 0x363A,
    0x2557, 0x23F1, 0x2B8F, 0x33B0, 0x33B0, 0x3BD1, 0x43D0, 0x43D0, 0x43D0, 0x43D0, 0x3BD0, 0x3BB0, 0x338F, 0x2B6F, 0x2B2E, 0x332C,
    0x434C, 0x3AEB, 0x19C7, 0x09C8, 0x09E9, 0x0966, 0x08A2, 0x10C2, 0x0882, 0x0861, 0x0862, 0x0841, 0x4122, 0x8284, 0xB366, 0xD448,
    0xDCCA, 0xE4EA, 0xDC89, 0xBC08, 0x8B48, 0x2144, 0x00C4, 0x0946, 0x0882, 0x0041, 0x0041, 0x0061, 0x0061, 0x0061, 0x0061, 0x0061,
    0x0021, 0x0021, 0x0021, 0x0021, 0x0062, 0x00A3, 0x0188, 0x028D, 0x336E, 0xB679, 0xAEDA, 0x769B, 0x7E9A, 0x767A, 0x5E9B, 0x3EBC,
    0x1EBC, 0x1DF9, 0x2453, 0x2B8F, 0x33B0, 0x3BD0, 0x3BD0, 0x43F1, 0x43F1, 0x4411, 0x43F1, 0x3BF1, 0x3BF1, 0x43F0, 0x3B8E, 0x4BCE,
    0x334D, 0x2AAB, 0x11E8, 0x19C7, 0x0987, 0x0905, 0x08A3, 0x08A2, 0x08A2, 0x0061, 0x1061, 0x5982, 0xA325, 0xCC07, 0xDCA9, 0xDCEA,
    0xE4EB, 0xE52C, 0xE54C, 0xDCEA, 0xCC49, 0x8BA9, 0x2144, 0x08E4, 0x08A3, 0x0062, 0x0062, 0x0061, 0x0061, 0x0061, 0x0062, 0x0061,
    0x0021, 0x0021, 0x0041, 0x0061, 0x0082, 0x00E5, 0x026C, 0x128C, 0x85D7, 0xBEDA, 0x7E9A, 0x767A, 0x7E7A, 0x665A, 0x4E5A, 0x2E7B,
    0x169B, 0x1E9C, 0x2557, 0x2B4F, 0x338F, 0x33B0, 0x3BD0, 0x3BF1, 0x4411, 0x4411, 0x4411, 0x4411, 0x5451, 0x5430, 0x3B8F, 0x43AF,
    0x334E, 0x22CC, 0x1A4A, 0x19C7, 0x1187, 0x1186, 0x08C3, 0x08C3, 0x08A3, 0x0861, 0x59A2, 0xAB45, 0xCC27, 0xDC89, 0xE50B, 0xE52B,
    0xE54C, 0xED6D, 0xED6D, 0xE54C, 0xDCCA, 0xC46A, 0x632A, 0x10A2, 0x18A1, 0x1881, 0x1881, 0x1881, 0x1861, 0x0841, 0x0021, 0x0021,
    0x0021, 0x0041, 0x0082, 0x00A3, 0x00C4, 0x01A8, 0x02CE, 0x3BF0, 0xAEBA, 0x86BB, 0x5E7B, 0x6E5A, 0x5E19, 0x4DF9, 0x35F9, 0x1E3A,
    0x165A, 0x163B, 0x1C53, 0x232E, 0x2B2E, 0x2B4E, 0x336F, 0x338F, 0x3BAF, 0x3BD0, 0x3BF1, 0x4C31, 0x5431, 0x3BB0, 0x3B8F, 0x338F,
    0x332E, 0x2B0D, 0x1A4A, 0x11E8, 0x11A7, 0x1186, 0x08C4, 0x08A3, 0x1082, 0x4142, 0x9B05, 0xCC28, 0xD489, 0xDCCA, 0xDCEB, 0xE52C,
    0xED8E, 0xED8D, 0xE52C, 0xE50B, 0xDCCA, 0xD448, 0xA3C9, 0x2165, 0x20A1, 0x3901, 0x38E1, 0x38E1, 0x30E1, 0x1881, 0x0021, 0x0020,
    0x0041, 0x0041, 0x0062, 0x0083, 0x00C4, 0x020A, 0x0A8C, 0x7596, 0x9EDB, 0x6639, 0x3D14, 0x33CF, 0x232E, 0x1B0D, 0x132E, 0x0BF2,
    0x0CF6, 0x1599, 0x136F, 0x1AED, 0x1ACC, 0x22ED, 0x2B0D, 0x2B4E, 0x336F, 0x338F, 0x33B0, 0x4C10, 0x43F0, 0x338F, 0x336F, 0x338F,
    0x336E, 0x22EC, 0x122A, 0x11E8, 0x11A7, 0x0946, 0x08C3, 0x0882, 0x3922, 0x8AA4, 0xBBA7, 0xCC28, 0xDCAA, 0xDCCA, 0xDCCA, 0xDCEB,
    0xE50B, 0xE50B, 0xE50B, 0xDCCA, 0xDC89, 0xD428, 0xBBC7, 0x4A05, 0x20A1, 0x4962, 0x4962, 0x4962, 0x4962, 0x30E1, 0x0840, 0x1040,
    0x0082, 0x0061, 0x0882, 0x00C3, 0x0126, 0x0A6C, 0x12AB, 0x7E59, 0x75D6, 0x4BEE, 0x2A6A, 0x2208, 0x19E8, 0x19C7, 0x11C8, 0x09E9,
    0x126B, 0x1390, 0x12CD, 0x128B, 0x126B, 0x1AAB, 0x22CC, 0x22EC, 0x2B0D, 0x2B2E, 0x2B6F, 0x3B8F, 0x338F, 0x336E, 0x3B8E, 0x3B8E,
    0x2B2D, 0x1A8B, 0x1229, 0x11C8, 0x11C8, 0x0966, 0x08A3, 0x20E2, 0x6A24, 0xAB66, 0xC407, 0xCC48, 0xDCA9, 0xDCA9, 0xDCCA, 0xDCAA,
    0xDCA9, 0xE4CA, 0xDCA9, 0xDC89, 0xD448, 0xCC07, 0xBBC7, 0x7308, 0x28E1, 0x59C3, 0x61E3, 0x59C3, 0x6203, 0x4142, 0x0840, 0x1860,
    0x00C4, 0x00C3, 0x08A3, 0x0105, 0x0987, 0x0AAD, 0x1B6E, 0x65B6, 0x536B, 0x3269, 0x2229, 0x2229, 0x2229, 0x1A09, 0x1209, 0x11E8,
    0x11E8, 0x124A, 0x1209, 0x126B, 0x124A, 0x124A, 0x1A6B, 0x1A8B, 0x1AAB, 0x1ACC, 0x230D, 0x2B0D, 0x3B4D, 0x2B0D, 0x332D, 0x2B0D,
    0x22AB, 0x122A, 0x1209, 0x11C8, 0x0987, 0x0925, 0x08C3, 0x3963, 0x8AC5, 0xBBC7, 0xCC27, 0xCC48, 0xD469, 0xD488, 0xDC89, 0xDCA9,
    0xDCA9, 0xDCA9, 0xD468, 0xD448, 0xCC07, 0xBBA6, 0xB365, 0x8327, 0x3102, 0x61E3, 0x7A85, 0x7264, 0x6A24, 0x4962, 0x1060, 0x2060,
    0x0882, 0x00C4, 0x00E5, 0x0946, 0x09E9, 0x0AAD, 0x236E, 0x642E, 0x32AA, 0x226A, 0x228B, 0x228B, 0x228B, 0x226A, 0x1A6A, 0x1A4A,
    0x124A, 0x128B, 0x126B, 0x124B, 0x126B, 0x122A, 0x122A, 0x122A, 0x124A, 0x126A, 0x1AAC, 0x32EB, 0x3B0C, 0x228B, 0x1A6A, 0x1A4A,
    0x1229, 0x1A09, 0x19E8, 0x1187, 0x0925, 0x08E4, 0x18E3, 0x59E3, 0x9305, 0xB386, 0xC407, 0xCC28, 0xCC27, 0xCC27, 0xD468, 0xD468,
    0xD468, 0xDC89, 0xD428, 0xCC07, 0xC3C6, 0xB365, 0xA305, 0x7AE7, 0x2902, 0x6203, 0x82C5, 0x82A5, 0x7244, 0x5182, 0x1060, 0x2080,
    0x08C3, 0x0905, 0x0966, 0x09A7, 0x1229, 0x12CD, 0x32CB, 0x5BAC, 0x2ACB, 0x22CC, 0x2AEC, 0x2AEC, 0x2AED, 0x2AEC, 0x2AEC, 0x2B2D,
    0x2B4E, 0x2BB0, 0x1C95, 0x136F, 0x126B, 0x126B, 0x122A, 0x1209, 0x11E9, 0x11E9, 0x1A2A, 0x2A69, 0x1A09, 0x11E8, 0x11E8, 0x19E8,
    0x19E8, 0x21E8, 0x11A7, 0x0946, 0x08E4, 0x08A3, 0x3123, 0x6A44, 0x9B05, 0xB366, 0xBBA6, 0xC407, 0xC3E7, 0xC3E7, 0xCC07, 0xCC27,
    0xCC27, 0xD447, 0xCC07, 0xC3C6, 0xBB86, 0xAB25, 0x9AC4, 0x7AA6, 0x2902, 0x61E3, 0x82C5, 0x7AA5, 0x7244, 0x4142, 0x1040, 0x2880,
    0x00E4, 0x0925, 0x0987, 0x09E8, 0x124A, 0x130E, 0x330C, 0x53AD, 0x2B0D, 0x2B2D, 0x334E, 0x334E, 0x336E, 0x3BAF, 0x4C10, 0x54B3,
    0x4577, 0x2E3A, 0x267B, 0x2DF9, 0x1BD1, 0x12CD, 0x128C, 0x122A, 0x0A09, 0x09E9, 0x09E9, 0x11C7, 0x1187, 0x0987, 0x1186, 0x19C7,
    0x1186, 0x21C7, 0x1145, 0x0925, 0x08E4, 0x08A3, 0x3942, 0x7A64, 0x9B05, 0xAB66, 0xB386, 0xBBC6, 0xC3E7, 0xBBC6, 0xBBA6, 0xCC07,
    0xCC07, 0xC3E7, 0xBB86, 0xB365, 0xAB25, 0x9AE5, 0x8A84, 0x6286, 0x28E1, 0x6203, 0x7264, 0x7244, 0x61C3, 0x30C1, 0x1860, 0x30C1,
    0x0905, 0x0945, 0x0987, 0x1209, 0x128B, 0x1B2F, 0x2B2D, 0x438E, 0x334E, 0x336E, 0x338F, 0x3BAF, 0x4C10, 0x64D3, 0x6D75, 0x5E7A,
    0x5EFD, 0x56FD, 0x36DD, 0x36BC, 0x467B, 0x2CD4, 0x230D, 0x1A4A, 0x122A, 0x0A09, 0x09C8, 0x21C7, 0x19A6, 0x1166, 0x1965, 0x21A6,
    0x1966, 0x2186, 0x0904, 0x08E4, 0x00A3, 0x0882, 0x4163, 0x7A64, 0x92C5, 0x9B05, 0xA325, 0xAB66, 0xAB66, 0xB366, 0xBB86, 0xBBC6,
    0xC3C6, 0xBB86, 0xB345, 0xAB25, 0xA2E4, 0x92A4, 0x8264, 0x5A45, 0x28C1, 0x59C3, 0x61E3, 0x59C3, 0x4962, 0x1861, 0x2060, 0x38E1,
    0x0925, 0x0966, 0x09E8, 0x124A, 0x128C, 0x1B4F, 0x236F, 0x43AE, 0x338E, 0x338F, 0x3BAF, 0x4C10, 0x6CD2, 0x7DB6, 0x66BB, 0x6F3E,
    0x773E, 0x6F1D, 0x671D, 0x3EDD, 0x35B8, 0x3C52, 0x43AE, 0x534B, 0x3AA9, 0x4289, 0x3207, 0x21C6, 0x1986, 0x1145, 0x1945, 0x1965,
    0x2145, 0x1945, 0x08C3, 0x08A3, 0x0882, 0x1082, 0x4983, 0x7244, 0x8284, 0x8AA4, 0x92A4, 0x92C4, 0x9AE5, 0xA305, 0xAB45, 0xB365,
    0xB365, 0xB365, 0xAB45, 0xA304, 0x92A4, 0x8263, 0x7223, 0x41A4, 0x2081, 0x4162, 0x4962, 0x4962, 0x28C1, 0x1040, 0x28A1, 0x38E1,
    0x0987, 0x09A8, 0x0A09, 0x126B, 0x128B, 0x1AED, 0x2390, 0x3B8E, 0x43AF, 0x338F, 0x43D0, 0x6471, 0x7533, 0x7659, 0x675E, 0x775E,
    0x7F5E, 0x775E, 0x5F1D, 0x3DD9, 0x3432, 0x336F, 0x334E, 0x330C, 0x430B, 0x636A, 0x4268, 0x29E7, 0x19A6, 0x1145, 0x2144, 0x2165,
    0x2145, 0x10E4, 0x0082, 0x0082, 0x0062, 0x1881, 0x4962, 0x61E3, 0x7223, 0x7A64, 0x8264, 0x8263, 0x8A84, 0x92A4, 0x9AC4, 0xA2E4,
    0xAB25, 0xAB45, 0xA305, 0x92A4, 0x8A63, 0x7203, 0x5A25, 0x7B08, 0x6245, 0x8307, 0x9389, 0x4163, 0x1061, 0x1860, 0x30C1, 0x38E1,
    0x0946, 0x0967, 0x09A8, 0x11E9, 0x124A, 0x1AAC, 0x234F, 0x2B6F, 0x3BAF, 0x3BAF, 0x4BF0, 0x6C92, 0x7534, 0x66BB, 0x677E, 0x6F7E,
    0x6F5E, 0x6F5E, 0x4E5B, 0x3CB4, 0x3BF1, 0x3BAF, 0x334E, 0x332D, 0x4B6C, 0x63AC, 0x42A9, 0x2A28, 0x19A6, 0x1125, 0x10E4, 0x1104,
    0x08A3, 0x0882, 0x0882, 0x0062, 0x0061, 0x18A1, 0x4142, 0x59A2, 0x69E3, 0x7203, 0x7223, 0x7203, 0x7A23, 0x8243, 0x8A83, 0x9AC4,
    0x9AE4, 0xA2E5, 0x9AE4, 0x8A64, 0x61E3, 0x51E4, 0xA3C9, 0xD4CB, 0xCC49, 0x7A44, 0xB386, 0x82C6, 0x49C4, 0x20A1, 0x30C1, 0x30E1,
    0x0946, 0x0967, 0x0987, 0x09C8, 0x1209, 0x1A6B, 0x1AED, 0x236F, 0x2B6F, 0x3BAF, 0x4C10, 0x6491, 0x6D55, 0x56DC, 0x4F7F, 0x5F7F,
    0x677E, 0x571D, 0x4537, 0x4452, 0x43F0, 0x3BD0, 0x338F, 0x332E, 0x4B8D, 0x6BED, 0x4AEA, 0x21E7, 0x1186, 0x0905, 0x00C3, 0x0883,
    0x0882, 0x0882, 0x0062, 0x0041, 0x1061, 0x20A1, 0x3922, 0x5162, 0x59A2, 0x61C2, 0x69E2, 0x69C2, 0x69C2, 0x7203, 0x8243, 0x8A84,
    0x92A4, 0x92C4, 0x92A4, 0x6A03, 0x8327, 0xC46A, 0x82A5, 0x92E5, 0x82A5, 0x3922, 0x5162, 0x3922, 0x6203, 0x28C1, 0x20A1, 0x30C1,
    0x00E4, 0x0105, 0x0925, 0x0987, 0x11E8, 0x124A, 0x1AAC, 0x230E, 0x2B90, 0x336F, 0x4BEF, 0x5C71, 0x64F4, 0x4E5B, 0x473E, 0x475F,
    0x4F5E, 0x469C, 0x4494, 0x4411, 0x3BF0, 0x3BB0, 0x338F, 0x2B4E, 0x3B6D, 0x5BAD, 0x532B, 0x2228, 0x0966, 0x0905, 0x00C4, 0x08A3,
    0x0882, 0x0041, 0x0041, 0x0021, 0x1081, 0x28C1, 0x30E1, 0x4121, 0x4942, 0x5982, 0x59A2, 0x5982, 0x5162, 0x61A2, 0x71E2, 0x8243,
    0x8A63, 0x8A84, 0x8A64, 0x6224, 0xBBC7, 0xB386, 0x59A3, 0x4921, 0x2081, 0x0840, 0x1860, 0x1040, 0x1880, 0x1860, 0x2080, 0x2081,
    0x00C4, 0x00E4, 0x0905, 0x0926, 0x0987, 0x1209, 0x1A6A, 0x1AAC, 0x232E, 0x2B6F, 0x336E, 0x43CF, 0x5472, 0x4DB8, 0x3E9D, 0x46DD,
    0x46FE, 0x45D9, 0x3C32, 0x3BF0, 0x3BD0, 0x33AF, 0x336F, 0x2B4E, 0x332D, 0x436C, 0x4B4B, 0x3A89, 0x21C6, 0x1125, 0x08C4, 0x08A3,
    0x0862, 0x0061, 0x0041, 0x0021, 0x0041, 0x20A1, 0x30E1, 0x38E1, 0x3901, 0x4941, 0x4921, 0x4101, 0x4101, 0x4941, 0x5982, 0x69E2,
    0x7A23, 0x8A63, 0x7A43, 0x7A64, 0x9AC4, 0x5182, 0x1060, 0x1040, 0x1040, 0x0840, 0x0840, 0x1040, 0x0840, 0x0840, 0x0840, 0x0840,
    0x08A3, 0x08A3, 0x00C4, 0x0905, 0x0966, 0x11A7, 0x1209, 0x1A4A, 0x1AAB, 0x22ED, 0x234E, 0x2B4E, 0x3BAF, 0x4473, 0x35DA, 0x3E3C,
    0x3E5C, 0x3D78, 0x3C11, 0x33D0, 0x33B0, 0x338F, 0x2B4F, 0x232E, 0x22ED, 0x330C, 0x430B, 0x42A9, 0x3207, 0x2185, 0x1903, 0x10C2,
    0x1082, 0x0861, 0x0041, 0x0021, 0x0021, 0x0840, 0x1881, 0x28C1, 0x30C1, 0x30C1, 0x38E1, 0x38E1, 0x28A1, 0x2081, 0x3901, 0x5182,
    0x69E2, 0x8243, 0x6A03, 0x8AA4, 0x61A2, 0x1860, 0x1040, 0x1860, 0x28C1, 0x20A0, 0x1860, 0x0840, 0x0021, 0x0021, 0x0021, 0x0021,
    0x08A3, 0x08C3, 0x08C4, 0x0904, 0x1145, 0x0986, 0x11A7, 0x11E8, 0x1229, 0x1A6A, 0x1AAC, 0x230D, 0x230D, 0x2B4E, 0x2C12, 0x34F7,
    0x3559, 0x3558, 0x3412, 0x338F, 0x2B6F, 0x2B4E, 0x232E, 0x230D, 0x1ACC, 0x22AB, 0x32AA, 0x3268, 0x29E6, 0x1944, 0x10E3, 0x08A2,
    0x0861, 0x0041, 0x0021, 0x0021, 0x0021, 0x0021, 0x0021, 0x0041, 0x1061, 0x1881, 0x2081, 0x1881, 0x1881, 0x1040, 0x0841, 0x38E1,
    0x5982, 0x69E2, 0x6A03, 0x92A4, 0x4942, 0x1880, 0x38E1, 0x4121, 0x4941, 0x38E1, 0x1860, 0x0021, 0x0021, 0x0021, 0x0021, 0x0021,
    0x08C4, 0x08E4, 0x0925, 0x1166, 0x1166, 0x0966, 0x0987, 0x11C8, 0x11E9, 0x1209, 0x124A, 0x1A6A, 0x1AAB, 0x22CC, 0x22ED, 0x2B2E,
    0x2B90, 0x2BD1, 0x2B6F, 0x2B2E, 0x232D, 0x230D, 0x22ED, 0x1ACC, 0x1A8B, 0x124A, 0x1A08, 0x11A7, 0x0945, 0x08E4, 0x08A3, 0x0882,
    0x0061, 0x0041, 0x0041, 0x0021, 0x0021, 0x0021, 0x0021, 0x0021, 0x0021, 0x0021, 0x0021, 0x0021, 0x0021, 0x0021, 0x0021, 0x0841,
    0x30C1, 0x5982, 0x7202, 0x8263, 0x30C1, 0x28C1, 0x30E1, 0x1880, 0x28A0, 0x20A1, 0x0021, 0x0021, 0x0021, 0x0021, 0x0021, 0x0021,
    0x0925, 0x0925, 0x1125, 0x0925, 0x0946, 0x09A8, 0x1187, 0x1187, 0x0987, 0x11E9, 0x122A, 0x126B, 0x128B, 0x1A8B, 0x1A8B, 0x1AAC,
    0x1ACC, 0x1ACC, 0x1ACC, 0x1AAC, 0x1AAC, 0x1AAB, 0x1A8B, 0x126B, 0x124A, 0x1209, 0x09A8, 0x0966, 0x0925, 0x00E4, 0x00C3, 0x08A3,
    0x0882, 0x0862, 0x0062, 0x0041, 0x0041, 0x0041, 0x0021, 0x0021, 0x0021, 0x0021, 0x0021, 0x0021, 0x0021, 0x0021, 0x0021, 0x0021,
    0x0841, 0x4121, 0x69C2, 0x69C2, 0x2081, 0x1040, 0x1040, 0x1860, 0x2080, 0x0841, 0x0021, 0x0021, 0x0041, 0x0041, 0x0041, 0x0041,
    0x0925, 0x0905, 0x08E4, 0x0905, 0x0946, 0x0967, 0x0967, 0x09A7, 0x09A8, 0x09A8, 0x09E9, 0x0A2A, 0x126B, 0x12AC, 0x12ED, 0x12CC,
    0x128B, 0x126B, 0x1A6A, 0x1A6A, 0x1A6A, 0x1A6A, 0x1A2A, 0x1209, 0x11E8, 0x11C8, 0x11A7, 0x0967, 0x0925, 0x00E5, 0x00C4, 0x08C3,
    0x08A3, 0x0083, 0x0882, 0x0082, 0x0082, 0x0082, 0x0062, 0x0062, 0x0041, 0x0041, 0x0021, 0x0021, 0x0021, 0x0021, 0x0021, 0x0021,
    0x0021, 0x2081, 0x5982, 0x5162, 0x1860, 0x1040, 0x1840, 0x1860, 0x1061, 0x0041, 0x0041, 0x0041, 0x0062, 0x0062, 0x0082, 0x0082,
    0x08C3, 0x08E4, 0x0905, 0x0925, 0x0925, 0x0905, 0x0926, 0x0987, 0x09A8, 0x09A8, 0x09A8, 0x09A8, 0x0A09, 0x0A4B, 0x0A6B, 0x0AAC,
    0x12AC, 0x124B, 0x11E8, 0x1A09, 0x19E8, 0x19E8, 0x11C8, 0x11C7, 0x11A7, 0x1166, 0x0945, 0x0925, 0x0925, 0x0905, 0x0905, 0x0904,
    0x08E4, 0x08C4, 0x00A3, 0x00A3, 0x00C4, 0x00C4, 0x00C3, 0x00A3, 0x00C4, 0x00A3, 0x00A3, 0x0062, 0x0041, 0x0041, 0x0021, 0x0021,
    0x0021, 0x0841, 0x3901, 0x4121, 0x1860, 0x1040, 0x1860, 0x1861, 0x0021, 0x0041, 0x0061, 0x0082, 0x00A3, 0x0083, 0x00C3, 0x00E4,
    0x0062, 0x0882, 0x08A3, 0x08C4, 0x0905, 0x0926, 0x0966, 0x0946, 0x0946, 0x09A8, 0x09C9, 0x09E9, 0x09C9, 0x01A8, 0x0987, 0x0987,
    0x0967, 0x0966, 0x1166, 0x11A7, 0x11A7, 0x1187, 0x1166, 0x1165, 0x1145, 0x1145, 0x1124, 0x08E3, 0x08C3, 0x08C3, 0x08C3, 0x08E4,
    0x0904, 0x08E4, 0x00C4, 0x00C4, 0x00C4, 0x00C4, 0x00C4, 0x00C4, 0x00C4, 0x00E4, 0x00E4, 0x00C4, 0x00C4, 0x0082, 0x0041, 0x0041,
    0x0021, 0x0021, 0x1061, 0x28C1, 0x2081, 0x1881, 0x0861, 0x0021, 0x0021, 0x0041, 0x0041, 0x0082, 0x00C4, 0x0105, 0x0105, 0x00E4,
    0x0041, 0x0062, 0x0062, 0x0882, 0x0882, 0x0882, 0x08C3, 0x1125, 0x11C8, 0x0967, 0x0125, 0x0105, 0x0105, 0x0126, 0x0147, 0x0188,
    0x0125, 0x0105, 0x0925, 0x1945, 0x1125, 0x1125, 0x1125, 0x1124, 0x1104, 0x08E4, 0x08C3, 0x08C3, 0x08A3, 0x08A2, 0x08A2, 0x08A2,
    0x08A2, 0x08C3, 0x08C3, 0x08E4, 0x00E4, 0x00E5, 0x00E4, 0x00C4, 0x00C4, 0x00E4, 0x00E5, 0x0105, 0x0905, 0x00E4, 0x00C4, 0x00C3,
    0x00A3, 0x0041, 0x0021, 0x0020, 0x0841, 0x0021, 0x0021, 0x0021, 0x0021, 0x0041, 0x0041, 0x0062, 0x00A3, 0x00E4, 0x0105, 0x0105,
    0x0041, 0x0061, 0x0061, 0x0062, 0x0062, 0x0062, 0x0062, 0x08A3, 0x0905, 0x00A3, 0x0105, 0x0188, 0x020C, 0x026E, 0x028F, 0x024D,
    0x0105, 0x00E4, 0x08C3, 0x08C4, 0x08E4, 0x1104, 0x1104, 0x10E4, 0x10E3, 0x10E3, 0x10C3, 0x08C3, 0x0882, 0x0882, 0x0882, 0x0882,
    0x0882, 0x0881, 0x0861, 0x0882, 0x08C3, 0x00E4, 0x0105, 0x0105, 0x0105, 0x00E5, 0x00E4, 0x0105, 0x0125, 0x0126, 0x0926, 0x0926,
    0x0925, 0x08E4, 0x00A3, 0x0082, 0x0061, 0x0041, 0x0041, 0x0041, 0x0041, 0x0041, 0x0082, 0x08A3, 0x00C4, 0x00E4, 0x00E5, 0x0105,
    0x0041, 0x0061, 0x0061, 0x0061, 0x0062, 0x0061, 0x0062, 0x0082, 0x00C3, 0x00A3, 0x01A9, 0x028F, 0x026E, 0x020B, 0x0189, 0x0126,
    0x00C4, 0x00A3, 0x0882, 0x0882, 0x0882, 0x0882, 0x08A3, 0x10E3, 0x08A3, 0x08A3, 0x10C3, 0x08A2, 0x08A2, 0x08A2, 0x0882, 0x0861,
    0x0861, 0x0861, 0x0861, 0x0841, 0x0861, 0x0861, 0x0082, 0x00C4, 0x0105, 0x0146, 0x0147, 0x0126, 0x0105, 0x0105, 0x0926, 0x0126,
    0x0926, 0x0925, 0x0905, 0x0905, 0x08E4, 0x00C4, 0x00A3, 0x00A3, 0x0083, 0x00C4, 0x00C4, 0x00E4, 0x0105, 0x0126, 0x0126, 0x0105,
    0x0021, 0x0041, 0x0041, 0x0061, 0x0041, 0x0041, 0x0041, 0x0062, 0x00A3, 0x0082, 0x00E5, 0x0105, 0x00C4, 0x00C4, 0x00C4, 0x00A3,
    0x0082, 0x0062, 0x0862, 0x0882, 0x0882, 0x0882, 0x0062, 0x08A2, 0x0882, 0x0882, 0x0882, 0x0882, 0x0882, 0x1082, 0x1082, 0x1081,
    0x1061, 0x0861, 0x0861, 0x1061, 0x1061, 0x1081, 0x1081, 0x1081, 0x0882, 0x00A3, 0x00E5, 0x0146, 0x0988, 0x0988, 0x0967, 0x0126,
    0x0126, 0x0105, 0x0926, 0x0925, 0x0925, 0x0905, 0x0905, 0x0105, 0x0105, 0x0105, 0x0105, 0x0105, 0x0126, 0x0126, 0x0126, 0x0105,
    0x0021, 0x0021, 0x0021, 0x0021, 0x0041, 0x0041, 0x0041, 0x0062, 0x0083, 0x0062, 0x0082, 0x0082, 0x00A3, 0x0082, 0x0062, 0x0061,
    0x0061, 0x0061, 0x0882, 0x0882, 0x0882, 0x0882, 0x0882, 0x08A2, 0x0061, 0x0062, 0x0862, 0x0882, 0x0882, 0x10A2, 0x0882, 0x0882,
    0x1082, 0x10A2, 0x1081, 0x1061, 0x1081, 0x1081, 0x18A1, 0x18A2, 0x1881, 0x1061, 0x0861, 0x0882, 0x00E4, 0x0126, 0x0167, 0x0167,
    0x0167, 0x0146, 0x0125, 0x0905, 0x0105, 0x0105, 0x0126, 0x0126, 0x0126, 0x0125, 0x0126, 0x0147, 0x0147, 0x0147, 0x0167, 0x0167,
    0x0021, 0x0021, 0x0021, 0x0021, 0x0021, 0x0021, 0x0021, 0x0041, 0x0062, 0x0041, 0x0041, 0x0041, 0x00A3, 0x0082, 0x0082, 0x0082,
    0x0083, 0x0082, 0x0882, 0x0882, 0x0882, 0x08A2, 0x0862, 0x0041, 0x0041, 0x0862, 0x0882, 0x0861, 0x0041, 0x0021, 0x0021, 0x0021,
    0x0021, 0x0041, 0x0861, 0x1081, 0x1081, 0x1061, 0x1081, 0x1881, 0x18A1, 0x18A1, 0x18A2, 0x18A1, 0x1081, 0x0861, 0x0082, 0x00E4,
    0x0146, 0x0967, 0x0167, 0x0146, 0x0926, 0x0925, 0x0125, 0x0126, 0x0146, 0x0147, 0x0167, 0x0167, 0x0146, 0x0126, 0x0105, 0x00C4,
    0x0041, 0x0041, 0x0041, 0x0041, 0x0041, 0x0041, 0x0021, 0x0021, 0x0021, 0x0021, 0x0021, 0x0021, 0x0041, 0x0062, 0x0082, 0x0083,
    0x0082, 0x0082, 0x0062, 0x0062, 0x0061, 0x0041, 0x0021, 0x0062, 0x0882, 0x0861, 0x0041, 0x0021, 0x0021, 0x0041, 0x0841, 0x0841,
    0x0041, 0x0021, 0x0021, 0x0841, 0x0861, 0x0861, 0x1061, 0x1081, 0x18A2, 0x20C2, 0x18C2, 0x18A2, 0x1881, 0x1881, 0x1081, 0x1061,
    0x0862, 0x00A3, 0x00E4, 0x0146, 0x0988, 0x0988, 0x0967, 0x0167, 0x0146, 0x0126, 0x00E5, 0x00A3, 0x0082, 0x0861, 0x0861, 0x1061,
    0x0021, 0x0041, 0x0841, 0x0861, 0x0861, 0x0841, 0x0021, 0x0021, 0x0041, 0x0041, 0x0061, 0x0062, 0x0061, 0x0041, 0x0021, 0x0021,
    0x0021, 0x0021, 0x0041, 0x0041, 0x0041, 0x0861, 0x0882, 0x08A2, 0x0082, 0x0021, 0x0021, 0x0041, 0x0861, 0x0861, 0x0861, 0x0861,
    0x0861, 0x0041, 0x0041, 0x0861, 0x0041, 0x0841, 0x1081, 0x1081, 0x18A2, 0x18A2, 0x18A2, 0x18C2, 0x1881, 0x1881, 0x18A1, 0x1081,
    0x1061, 0x0841, 0x0041, 0x0083, 0x0105, 0x0147, 0x0105, 0x00A3, 0x0062, 0x0861, 0x0861, 0x1061, 0x1081, 0x1081, 0x1061, 0x1081,
};

static const uint16_t kBootFrame4[64 * 98] PROGMEM = {
    0x0021, 0x0021, 0x0021, 0x0041, 0x0021, 0x0021, 0x0021, 0x0021, 0x0021, 0x0021, 0x0021, 0x0021, 0x0021, 0x0021, 0x0021, 0x0021,
    0x0021, 0x0021, 0x0021, 0x0021, 0x0021, 0x0021, 0x0021, 0x0021, 0x0021, 0x0021, 0x0021, 0x0021, 0x0021, 0x0021, 0x0021, 0x0021,
    0x0021, 0x0021, 0x0021, 0x0021, 0x0021, 0x0021, 0x0021, 0x0021, 0x0021, 0x0021, 0x0021, 0x0021, 0x0021, 0x0021, 0x0021, 0x0021,
    0x0021, 0x0021, 0x0021, 0x0021, 0x0021, 0x0021, 0x0021, 0x0041, 0x0021, 0x0021, 0x0021, 0x0021, 0x0021, 0x0021, 0x0021, 0x0021,
    0x0021, 0x0021, 0x0021, 0x0041, 0x0041, 0x0041, 0x0021, 0x0021, 0x0021, 0x0021, 0x0021, 0x0021, 0x0021, 0x0021, 0x0021, 0x0021,
    0x0041, 0x0021, 0x0021, 0x0021, 0x0021, 0x0021, 0x0021, 0x0021, 0x0021, 0x0021, 0x0021, 0x0021, 0x0021, 0x0021, 0x0021, 0x0021,
    0x0021, 0x0021, 0x0021, 0x0021, 0x0021, 0x0021, 0x0021, 0x0021, 0x0021, 0x0021, 0x0021, 0x0021, 0x0021, 0x0021, 0x0021, 0x0041,
    0x0041, 0x0041, 0x0041, 0x0041, 0x0041, 0x0082, 0x01A7, 0x00C3, 0x0062, 0x0082, 0x0041, 0x0021, 0x0021, 0x0021, 0x0021, 0x0021,
    0x0021, 0x0021, 0x0041, 0x0021, 0x0021, 0x0021, 0x0021, 0x0021, 0x0021, 0x0041, 0x0041, 0x0021, 0x0021, 0x0021, 0x0021, 0x0021,
    0x0021, 0x0021, 0x0021, 0x0021, 0x0021, 0x0021, 0x0021, 0x0021, 0x0021, 0x0021, 0x0021, 0x0021, 0x0021, 0x0021, 0x0021, 0x0021,
    0x0021, 0x0021, 0x0021, 0x0021, 0x0021, 0x0021, 0x0021, 0x0021, 0x0021, 0x0021, 0x0021, 0x0021, 0x0041, 0x0062, 0x0062, 0x0041,
    0x0082, 0x00C4, 0x0166, 0x022A, 0x02EC, 0x0229, 0x032E, 0x04D5, 0x026B, 0x028C, 0x0166, 0x0061, 0x0041, 0x0021, 0x0021, 0x0021,
    0x0041, 0x0021, 0x0041, 0x0041, 0x0021, 0x0021, 0x0021, 0x0021, 0x0021, 0x0021, 0x0021, 0x0021, 0x0041, 0x0041, 0x0021, 0x0021,
    0x0021, 0x0021, 0x0021, 0x0021, 0x0021, 0x0021, 0x0021, 0x0021, 0x0021, 0x0021, 0x0021, 0x0021, 0x0021, 0x0021, 0x0021, 0x0021,
    0x0021, 0x0021, 0x0021, 0x0021, 0x0021, 0x0021, 0x0021, 0x0021, 0x0021, 0x0021, 0x0041, 0x0041, 0x0041, 0x0125, 0x038F, 0x0412,
    0x0453, 0x04F5, 0x0578, 0x0515, 0x0598, 0x05FA, 0x04D5, 0x061A, 0x05FA, 0x0599, 0x0598, 0x02CD, 0x00C3, 0x0041, 0x0021, 0x0021,
    0x0021, 0x0021, 0x0021, 0x0041, 0x0041, 0x0082, 0x0041, 0x0041, 0x0041, 0x0021, 0x0021, 0x0021, 0x0021, 0x0041, 0x0021, 0x0021,
    0x0021, 0x0021, 0x0021, 0x0021, 0x0021, 0x0021, 0x0021, 0x0021, 0x0021, 0x0021, 0x0021, 0x0021, 0x0021, 0x0021, 0x0021, 0x0021,
    0x0021, 0x0021, 0x0021, 0x0021, 0x0021, 0x0021, 0x0021, 0x0041, 0x0041, 0x0041, 0x0041, 0x00C3, 0x02ED, 0x0474, 0x04D5, 0x0453,
    0x024A, 0x01C7, 0x09C7, 0x0924, 0x1103, 0x11A6, 0x0945, 0x0965, 0x01C8, 0x03D1, 0x0578, 0x065C, 0x03B0, 0x00E4, 0x0041, 0x0021,
    0x0041, 0x0041, 0x0021, 0x0021, 0x0021, 0x0021, 0x0021, 0x0041, 0x0041, 0x0021, 0x0021, 0x0021, 0x0021, 0x0041, 0x0021, 0x0021,
    0x0041, 0x0021, 0x0021, 0x0021, 0x0021, 0x0021, 0x0021, 0x0021, 0x0041, 0x0021, 0x0021, 0x0021, 0x0021, 0x0021, 0x0021, 0x0021,
    0x0021, 0x0021, 0x0021, 0x0021, 0x0021, 0x0021, 0x0041, 0x0041, 0x0082, 0x0166, 0x032E, 0x04B4, 0x04B4, 0x034F, 0x0925, 0x2103,
    0x49C4, 0x59E3, 0x6A44, 0x51A3, 0x4983, 0x4184, 0x49A4, 0x51E4, 0x4142, 0x3102, 0x08E3, 0x030D, 0x04F6, 0x0453, 0x0126, 0x0041,
    0x0062, 0x0062, 0x0062, 0x0062, 0x0061, 0x0041, 0x0041, 0x0021, 0x0021, 0x0021, 0x0021, 0x0021, 0x0021, 0x0041, 0x0021, 0x0021,
    0x0041, 0x0021, 0x0021, 0x0021, 0x0021, 0x0021, 0x0021, 0x0021, 0x0041, 0x0041, 0x0021, 0x0021, 0x0021, 0x0021, 0x0021, 0x0021,
    0x0021, 0x0021, 0x0021, 0x0041, 0x0041, 0x0041, 0x0041, 0x0041, 0x01C8, 0x0557, 0x04F6, 0x024A, 0x10E3, 0x5245, 0x8348, 0xA3C8,
    0x9B46, 0x6A45, 0x4184, 0x3185, 0x3A49, 0x3249, 0x324A, 0x2209, 0x3207, 0x6245, 0x6A24, 0x28C1, 0x0904, 0x036F, 0x03D1, 0x024A,
    0x0021, 0x0021, 0x0021, 0x0041, 0x0041, 0x0062, 0x0062, 0x0062, 0x0041, 0x0061, 0x0062, 0x0021, 0x0041, 0x0041, 0x0021, 0x0021,
    0x0041, 0x0021, 0x0021, 0x0021, 0x0021, 0x0021, 0x0021, 0x0021, 0x0061, 0x0041, 0x0021, 0x0021, 0x0021, 0x0021, 0x0021, 0x0021,
    0x0021, 0x0021, 0x0041, 0x0041, 0x0041, 0x0061, 0x0862, 0x01C8, 0x0494, 0x036F, 0x08C3, 0x49E5, 0xA42A, 0xC48A, 0xBBE7, 0x92E5,
    0x6245, 0x62A8, 0x4A69, 0x2A6A, 0x1209, 0x026C, 0x028D, 0x0A4C, 0x120A, 0x19E8, 0x5205, 0x92C5, 0x59A2, 0x28E2, 0x0966, 0x02ED,
    0x0062, 0x0062, 0x0062, 0x0062, 0x0041, 0x0021, 0x0021, 0x0041, 0x0041, 0x0062, 0x00A3, 0x0021, 0x0041, 0x0062, 0x0062, 0x0062,
    0x0041, 0x0021, 0x0021, 0x0021, 0x0021, 0x0021, 0x0021, 0x0041, 0x0062, 0x0041, 0x0021, 0x0021, 0x0021, 0x0021, 0x0021, 0x0021,
    0x0041, 0x0041, 0x0041, 0x0041, 0x0061, 0x0882, 0x02AC, 0x0537, 0x028B, 0x2103, 0x8BC9, 0xC48A, 0xC428, 0x92E5, 0x59E4, 0x4183,
    0x7B49, 0x5267, 0x2A6A, 0x02ED, 0x0538, 0x0E3C, 0x05FB, 0x04F7, 0x02EF, 0x0A0B, 0x1209, 0x6224, 0x9B05, 0x8AC5, 0x5A87, 0x1986,
    0x0041, 0x0041, 0x0041, 0x0061, 0x0061, 0x0061, 0x0062, 0x0062, 0x0041, 0x0021, 0x0021, 0x0021, 0x0041, 0x0062, 0x0083, 0x00A3,
    0x0061, 0x0021, 0x0021, 0x0021, 0x0021, 0x0021, 0x0021, 0x0041, 0x0882, 0x0041, 0x0021, 0x0021, 0x0021, 0x0021, 0x0041, 0x0041,
    0x0041, 0x0061, 0x0862, 0x0862, 0x0862, 0x08E4, 0x04D5, 0x038F, 0x18E3, 0x93E9, 0xBC49, 0xA346, 0x7244, 0x49E5, 0x2944, 0x39A5,
    0x4A06, 0x4269, 0x12ED, 0x0E3B, 0x2F9F, 0x57BF, 0x5FBF, 0x375F, 0x15BB, 0x02EF, 0x120A, 0x29C6, 0x9AE5, 0xA346, 0x8AC5, 0x6266,
    0x0082, 0x0082, 0x0082, 0x0062, 0x0061, 0x0041, 0x0041, 0x0041, 0x0041, 0x0041, 0x0021, 0x0021, 0x0041, 0x0062, 0x0041, 0x0041,
    0x0041, 0x0021, 0x0021, 0x0021, 0x0021, 0x0021, 0x0021, 0x0041, 0x0882, 0x0041, 0x0021, 0x0021, 0x0021, 0x0021, 0x0041, 0x0061,
    0x0062, 0x08C3, 0x0987, 0x02CD, 0x026B, 0x030E, 0x0473, 0x08E3, 0x6AA6, 0x9306, 0x6A23, 0x51E4, 0x41C5, 0x3184, 0x10C2, 0x3164,
    0x3144, 0x3A49, 0x0C74, 0x2F7F, 0x67BF, 0x97BF, 0x8FBF, 0x6FBF, 0x371E, 0x0496, 0x0A0A, 0x1A29, 0x6224, 0x92C5, 0x9AE5, 0x8AA4,
    0x0041, 0x0041, 0x0061, 0x0062, 0x0062, 0x0082, 0x0082, 0x0062, 0x0062, 0x0061, 0x0041, 0x0041, 0x0062, 0x0062, 0x0041, 0x0041,
    0x0041, 0x0021, 0x0021, 0x0021, 0x0021, 0x0021, 0x0021, 0x0041, 0x0061, 0x0041, 0x0021, 0x0021, 0x0021, 0x0041, 0x0061, 0x0882,
    0x028B, 0x04F6, 0x0453, 0x03D1, 0x02AC, 0x02ED, 0x0187, 0x20C1, 0x51C3, 0x41A4, 0x39C5, 0x2944, 0x10A2, 0x2103, 0x0882, 0x10A2,
    0x18E3, 0x3A8A, 0x0D15, 0x47BF, 0x8FBF, 0x77BF, 0x57BF, 0x379F, 0x277F, 0x0D9A, 0x0A6C, 0x224A, 0x10E3, 0x41C5, 0x4A05, 0x51A3,
    0x00A3, 0x0083, 0x0082, 0x0062, 0x0062, 0x0061, 0x0041, 0x0061, 0x0062, 0x0062, 0x0082, 0x0041, 0x0062, 0x0082, 0x0041, 0x0041,
    0x0041, 0x0021, 0x0021, 0x0021, 0x0021, 0x0021, 0x0021, 0x0021, 0x0041, 0x0021, 0x0021, 0x0041, 0x0041, 0x0041, 0x08A3, 0x02AC,
    0x0432, 0x026A, 0x29A5, 0x62A7, 0x72E7, 0x7B48, 0x4A05, 0x20C2, 0x2102, 0x18E3, 0x10A2, 0x18C2, 0x10A2, 0x10C3, 0x0882, 0x0882,
    0x10C2, 0x3A49, 0x0C52, 0x1F7F, 0x4F9F, 0x2F9F, 0x279F, 0x0F7F, 0x1F5F, 0x15BA, 0x128C, 0x2A29, 0x08A3, 0x31A6, 0x31E7, 0x08E4,
    0x0061, 0x0062, 0x0082, 0x00A3, 0x00A3, 0x00A3, 0x00A3, 0x0083, 0x0082, 0x0062, 0x0062, 0x0041, 0x0062, 0x0062, 0x0041, 0x0041,
    0x0041, 0x0021, 0x0021, 0x0021, 0x0021, 0x0041, 0x0041, 0x0021, 0x0021, 0x0021, 0x0021, 0x0041, 0x0041, 0x0862, 0x028C, 0x03F2,
    0x1986, 0x7307, 0x9368, 0x82E6, 0x8AE6, 0xA387, 0xC46A, 0xA409, 0x3164, 0x0041, 0x0861, 0x10A2, 0x0882, 0x10A2, 0x0861, 0x0061,
    0x0882, 0x2986, 0x1AED, 0x05FA, 0x0F1F, 0x175F, 0x175F, 0x0F3F, 0x273F, 0x0CD7, 0x228C, 0x21C8, 0x0062, 0x2965, 0x39C6, 0x10C3,
    0x0041, 0x0041, 0x0062, 0x0082, 0x0862, 0x0882, 0x0882, 0x0082, 0x0082, 0x0882, 0x0082, 0x0041, 0x0062, 0x0062, 0x0041, 0x0041,
    0x0061, 0x0021, 0x0041, 0x0041, 0x0041, 0x0041, 0x0041, 0x0021, 0x0021, 0x0021, 0x0041, 0x0041, 0x0041, 0x0125, 0x0453, 0x11A7,
    0x7B07, 0x7A85, 0x30E1, 0x1860, 0x1860, 0x38E1, 0x7203, 0xC428, 0xABE8, 0x20C1, 0x0021, 0x0841, 0x1061, 0x0861, 0x0041, 0x0041,
    0x0062, 0x10A2, 0x29E8, 0x0B6F, 0x05BA, 0x069E, 0x06DE, 0x1F1E, 0x261B, 0x134F, 0x328B, 0x0905, 0x0882, 0x29A6, 0x31C7, 0x10E3,
    0x0061, 0x0041, 0x00A3, 0x00C4, 0x0862, 0x00C4, 0x00E5, 0x0862, 0x0062, 0x0082, 0x0041, 0x0041, 0x0062, 0x0082, 0x0041, 0x0061,
    0x0061, 0x0021, 0x0041, 0x0061, 0x0041, 0x0041, 0x0021, 0x0021, 0x0021, 0x0041, 0x0041, 0x0041, 0x0062, 0x02CC, 0x02AC, 0x5225,
    0x6A44, 0x1060, 0x0020, 0x0021, 0x0021, 0x0840, 0x28A0, 0x7223, 0xCC08, 0x7A64, 0x28C1, 0x61C3, 0x7A43, 0x6A03, 0x59A2, 0x3102,
    0x0062, 0x0082, 0x1146, 0x2229, 0x1AED, 0x0C53, 0x1516, 0x1C33, 0x230D, 0x2A8A, 0x11A7, 0x0861, 0x18A1, 0x1881, 0x0882, 0x00A3,
    0x0041, 0x0041, 0x0062, 0x0082, 0x0062, 0x00E4, 0x0126, 0x0862, 0x00A3, 0x0105, 0x0061, 0x0041, 0x0062, 0x0082, 0x0041, 0x0061,
    0x0041, 0x0021, 0x0041, 0x0041, 0x0041, 0x0021, 0x0021, 0x0021, 0x0041, 0x0041, 0x0041, 0x0041, 0x00C4, 0x03D1, 0x11C7, 0x6A85,
    0x28A1, 0x0020, 0x0020, 0x0020, 0x0021, 0x0021, 0x0840, 0x30E1, 0x92C4, 0xA325, 0xAB66, 0xD489, 0xD489, 0xCC69, 0xCC69, 0x9B67,
    0x2923, 0x00E5, 0x0147, 0x0988, 0x1A6B, 0x226A, 0x2A8B, 0x326A, 0x2A8A, 0x09E9, 0x08E3, 0x3901, 0x61A2, 0x5982, 0x3901, 0x0861,
    0x0041, 0x0041, 0x0062, 0x0082, 0x0061, 0x0882, 0x0083, 0x0061, 0x0082, 0x00A3, 0x0061, 0x0061, 0x0082, 0x0082, 0x0061, 0x0062,
    0x0061, 0x0021, 0x0041, 0x0021, 0x0021, 0x0021, 0x0021, 0x0041, 0x0041, 0x0041, 0x0041, 0x0062, 0x08C3, 0x02CD, 0x2984, 0x5A04,
    0x1040, 0x1040, 0x1040, 0x0820, 0x0021, 0x0021, 0x0020, 0x2080, 0x71E2, 0xA304, 0xCC48, 0xDCCA, 0xDD0B, 0xDD0B, 0xEDCF, 0xEE52,
    0x9C0B, 0x2944, 0x00A3, 0x00C4, 0x0188, 0x0146, 0x0946, 0x0146, 0x0146, 0x1945, 0x4962, 0x92C5, 0xAB45, 0x92E5, 0x8AA4, 0x4122,
    0x0041, 0x0061, 0x0082, 0x0082, 0x0862, 0x0082, 0x0082, 0x0061, 0x0082, 0x0082, 0x0061, 0x0062, 0x0882, 0x0062, 0x0061, 0x0062,
    0x0061, 0x0021, 0x0041, 0x0021, 0x0021, 0x0041, 0x0021, 0x0041, 0x0061, 0x0041, 0x0041, 0x0061, 0x08E4, 0x0390, 0x31A5, 0x4963,
    0x1040, 0x1860, 0x1040, 0x0020, 0x0021, 0x0021, 0x0021, 0x1040, 0x5982, 0xB386, 0xD489, 0xDCAA, 0xDCEB, 0xE58E, 0xE5D0, 0xB48C,
    0x6A65, 0x20C1, 0x0820, 0x0041, 0x0062, 0x0041, 0x0861, 0x2923, 0x5A46, 0x9368, 0xA326, 0xC3E7, 0xBBE7, 0xB3A6, 0xBBA7, 0x92A4,
    0x0062, 0x0061, 0x0082, 0x0082, 0x0862, 0x0082, 0x0082, 0x0062, 0x0082, 0x0082, 0x0082, 0x0083, 0x0862, 0x0061, 0x0061, 0x0062,
    0x0061, 0x0021, 0x0041, 0x0021, 0x0021, 0x0041, 0x0021, 0x0041, 0x0061, 0x0041, 0x0041, 0x0061, 0x08C4, 0x0370, 0x2165, 0x4122,
    0x2060, 0x2060, 0x1040, 0x0840, 0x0021, 0x0021, 0x0021, 0x1881, 0x9B05, 0xCC48, 0xD489, 0xDCCA, 0xD4AA, 0xC46A, 0x6A66, 0x2081,
    0x1040, 0x0840, 0x0820, 0x0020, 0x0020, 0x0020, 0x0840, 0x59E4, 0xCD4F, 0xEE32, 0xCC8A, 0xCC69, 0xCC49, 0xC408, 0xC408, 0xB3A7,
    0x0062, 0x0062, 0x0082, 0x0082, 0x0862, 0x0082, 0x0083, 0x0862, 0x0082, 0x00A3, 0x0882, 0x0882, 0x0862, 0x0061, 0x0061, 0x0062,
    0x0062, 0x0041, 0x0041, 0x0021, 0x0021, 0x0041, 0x0041, 0x0041, 0x0061, 0x0041, 0x0041, 0x0061, 0x0882, 0x034F, 0x19A6, 0x4942,
    0x28A0, 0x2880, 0x1860, 0x0840, 0x0021, 0x0021, 0x1061, 0x8306, 0xD489, 0xD468, 0xD489, 0xD448, 0xAB46, 0x4942, 0x1860, 0x0840,
    0x0020, 0x0820, 0x1061, 0x1061, 0x0841, 0x0041, 0x0841, 0x1881, 0x93CA, 0xEE53, 0xDD0C, 0xD48A, 0xCC69, 0xCC49, 0xCC69, 0xD54E,
    0x0061, 0x0862, 0x0882, 0x00A3, 0x0862, 0x0882, 0x00A3, 0x0862, 0x0882, 0x00A3, 0x0882, 0x08A3, 0x00A3, 0x00A3, 0x0082, 0x0882,
    0x0041, 0x0041, 0x0041, 0x0021, 0x0041, 0x0041, 0x0021, 0x0041, 0x0061, 0x0041, 0x0041, 0x0061, 0x0862, 0x022B, 0x024B, 0x38E1,
    0x38C1, 0x30A1, 0x2080, 0x1040, 0x0020, 0x0841, 0x7B07, 0xDD2C, 0xD468, 0xD489, 0xD448, 0xA305, 0x4942, 0x1860, 0x1040, 0x0020,
    0x0020, 0x0841, 0x18C2, 0x18E3, 0x08A3, 0x0041, 0x0021, 0x0841, 0x3143, 0xC4AC, 0xD4AA, 0xD4AA, 0xCC49, 0xC429, 0xD4AB, 0xEE32,
    0x0082, 0x0082, 0x00C4, 0x00C4, 0x0882, 0x0883, 0x08A3, 0x0882, 0x0882, 0x00A3, 0x0082, 0x0082, 0x00C4, 0x00E4, 0x00E5, 0x00C4,
    0x0082, 0x0041, 0x0041, 0x0021, 0x0041, 0x0041, 0x0021, 0x0041, 0x0062, 0x0041, 0x0041, 0x0041, 0x0862, 0x08E4, 0x030F, 0x1924,
    0x38C1, 0x40E1, 0x30C1, 0x1060, 0x0020, 0x49E4, 0xD52C, 0xD448, 0xCC07, 0xD489, 0xD4AA, 0xAB46, 0x4921, 0x30C1, 0x1860, 0x0020,
    0x2123, 0x736C, 0x8C2F, 0x6B4C, 0x3A08, 0x10E3, 0x0021, 0x0820, 0x1061, 0x7AA6, 0xCC6A, 0xD4AB, 0xC449, 0xC449, 0xC48B, 0x93CA,
    0x00A3, 0x00C3, 0x0126, 0x0106, 0x0882, 0x08A3, 0x08A3, 0x0882, 0x0882, 0x00A3, 0x0082, 0x0082, 0x0882, 0x0882, 0x0882, 0x0082,
    0x0062, 0x0041, 0x0041, 0x0021, 0x0041, 0x0041, 0x0021, 0x0041, 0x0062, 0x0041, 0x0041, 0x0041, 0x0061, 0x0862, 0x01EA, 0x028D,
    0x18A2, 0x30C1, 0x38C1, 0x1860, 0x0861, 0x9BEA, 0xD4A9, 0xC3A6, 0xD448, 0xDCCA, 0xDCEB, 0xCC69, 0x8264, 0x3901, 0x28A1, 0x1040,
    0x734B, 0xB552, 0x842F, 0x6B4D, 0x1904, 0x29C7, 0x0041, 0x0840, 0x1881, 0x8AE6, 0xD4AB, 0xCCAB, 0xC46A, 0xC46A, 0x8B48, 0x18E3,
    0x0882, 0x0882, 0x08A3, 0x08A3, 0x0882, 0x08A3, 0x00A3, 0x0882, 0x0882, 0x00A3, 0x0082, 0x00A3, 0x0882, 0x0882, 0x0862, 0x0862,
    0x0061, 0x0041, 0x0041, 0x0021, 0x0041, 0x0041, 0x0021, 0x0041, 0x0062, 0x0041, 0x0041, 0x0041, 0x0061, 0x0862, 0x0882, 0x01EA,
    0x022B, 0x1082, 0x2080, 0x1040, 0x3163, 0xBC8A, 0xBBA6, 0xC407, 0xE54D, 0xEE31, 0xEE73, 0xEE32, 0xC46A, 0x5982, 0x30C1, 0x28A1,
    0x62A8, 0x5247, 0x1082, 0x10C3, 0x0146, 0x1966, 0x0882, 0x0840, 0x20A1, 0xABC8, 0xD4AA, 0xCC8A, 0xC46A, 0xBC6B, 0x5226, 0x0082,
    0x0082, 0x0882, 0x0882, 0x0882, 0x0882, 0x08A3, 0x00A3, 0x0882, 0x0882, 0x00A3, 0x00E4, 0x0106, 0x00A3, 0x00C3, 0x00A3, 0x00A3,
    0x0062, 0x0061, 0x0041, 0x0021, 0x0041, 0x0041, 0x0041, 0x0041, 0x0862, 0x0061, 0x0061, 0x0061, 0x0061, 0x0062, 0x0862, 0x08A3,
    0x01A8, 0x022B, 0x0105, 0x0041, 0x39A4, 0xC46A, 0xAB45, 0xD48A, 0xEE31, 0xF6B4, 0xF6D5, 0xF6F6, 0xF694, 0xBC8C, 0x59A3, 0x30E1,
    0x28C2, 0x28E2, 0x0840, 0x0062, 0x1104, 0x10C3, 0x1881, 0x1840, 0x4122, 0xC449, 0xDD0B, 0xDCEB, 0xD48A, 0xAC2B, 0x1924, 0x29A6,
    0x00E4, 0x00C3, 0x00A3, 0x0882, 0x0882, 0x08A3, 0x08A3, 0x0882, 0x08A3, 0x00C3, 0x08C3, 0x00C4, 0x0882, 0x0882, 0x0882, 0x0882,
    0x0061, 0x0041, 0x0041, 0x0021, 0x0041, 0x0041, 0x0041, 0x0062, 0x0882, 0x0966, 0x0187, 0x00C3, 0x0062, 0x0062, 0x0062, 0x0882,
    0x0882, 0x0105, 0x022B, 0x01EA, 0x41C4, 0xABE8, 0xA305, 0xD4EC, 0xEE73, 0xEE94, 0xF6D6, 0xF717, 0xF6F6, 0xF6D5, 0xBC8C, 0x5182,
    0x30C1, 0x28E2, 0x1881, 0x08A2, 0x2123, 0x1061, 0x2080, 0x4962, 0xABC8, 0xE54C, 0xEDAE, 0xED6D, 0xE50B, 0xB48D, 0x1104, 0x0882,
    0x0082, 0x0082, 0x00A3, 0x0882, 0x0882, 0x08A3, 0x08A3, 0x0882, 0x08A3, 0x00C4, 0x00C3, 0x08A3, 0x0882, 0x0862, 0x0862, 0x0862,
    0x0061, 0x0041, 0x0041, 0x0021, 0x0041, 0x0061, 0x0041, 0x0862, 0x0104, 0x1A28, 0x11A7, 0x0146, 0x0862, 0x0062, 0x0862, 0x0882,
    0x08A2, 0x08A3, 0x0126, 0x028D, 0x10E3, 0x9B87, 0x9B25, 0xBC8C, 0xE612, 0xEE94, 0xF6B5, 0xF6F6, 0xF6F7, 0xF717, 0xF694, 0xC4ED,
    0x82E7, 0x4142, 0x20A1, 0x2081, 0x28A1, 0x4122, 0x82C6, 0xD54E, 0xF673, 0xEDF0, 0xED6D, 0xE52C, 0xE4EB, 0xCD0D, 0x3A07, 0x0000,
    0x08C4, 0x08A3, 0x00E4, 0x08A3, 0x0882, 0x08A3, 0x08A3, 0x0882, 0x00C4, 0x0126, 0x00C4, 0x00C4, 0x00A3, 0x00C3, 0x0882, 0x0882,
    0x0061, 0x0041, 0x0041, 0x0021, 0x0041, 0x0061, 0x0041, 0x0862, 0x0125, 0x1A08, 0x1124, 0x0146, 0x0882, 0x0862, 0x0882, 0x0882,
    0x08A3, 0x08A3, 0x00C4, 0x02AE, 0x09E9, 0x49A3, 0x8AC4, 0x9BA9, 0xC550, 0xE633, 0xEE94, 0xEEB5, 0xF6F6, 0xF6F6, 0xF717, 0xF717,
    0xEE94, 0xCD70, 0xB4AD, 0xAC4B, 0xBC8C, 0xD52E, 0xEE73, 0xF6F5, 0xF6F6, 0xF6B4, 0xEDAE, 0xDD2C, 0xCC69, 0xDD0B, 0x9C4D, 0x1082,
    0x00C4, 0x00C4, 0x0147, 0x00E4, 0x0882, 0x08A3, 0x00C3, 0x0882, 0x08A3, 0x00C4, 0x0882, 0x0883, 0x0883, 0x08A3, 0x0882, 0x08A3,
    0x0062, 0x0061, 0x0041, 0x0021, 0x0041, 0x0061, 0x0041, 0x0862, 0x0125, 0x2269, 0x1945, 0x0167, 0x0882, 0x0882, 0x0882, 0x08A3,
    0x08A3, 0x00C3, 0x00C4, 0x0146, 0x028D, 0x08E4, 0x6A23, 0x8B27, 0x9C2D, 0xC570, 0xE633, 0xEE74, 0xEEB5, 0xF6D6, 0xF6F6, 0xF6F7,
    0xE6B6, 0xB551, 0xC592, 0xF6F6, 0xF6F6, 0xF6F6, 0xF717, 0xF738, 0xFF59, 0xEEF6, 0x9C0B, 0x49E4, 0x3963, 0x51E4, 0x8BCC, 0x634C,
    0x08A3, 0x0882, 0x08A3, 0x08A3, 0x0882, 0x08C3, 0x00C4, 0x0882, 0x00C4, 0x00E5, 0x0882, 0x0862, 0x0882, 0x08A3, 0x0882, 0x0882,
    0x0062, 0x0061, 0x0041, 0x0021, 0x0061, 0x0062, 0x0061, 0x0882, 0x0105, 0x1A08, 0x1124, 0x0187, 0x08A3, 0x08A3, 0x08A3, 0x00A3,
    0x00C4, 0x0126, 0x0167, 0x0188, 0x028D, 0x028D, 0x10A2, 0x5182, 0x8307, 0xA48E, 0xBD51, 0xD613, 0xEE95, 0xEEB5, 0xEED6, 0xF6F7,
    0xDE75, 0xA48F, 0x7B6B, 0xEEB5, 0xF6F6, 0xF738, 0xF738, 0xF759, 0xFF7A, 0xAD11, 0x51C4, 0x5A26, 0x3984, 0x1904, 0x21A7, 0x7C92,
    0x00E4, 0x00C4, 0x00E4, 0x00E4, 0x00C4, 0x0127, 0x0126, 0x08A3, 0x0105, 0x08C3, 0x0882, 0x0882, 0x0882, 0x08A3, 0x00A3, 0x0882,
    0x0062, 0x0061, 0x0061, 0x0041, 0x0061, 0x0862, 0x0062, 0x0882, 0x00E4, 0x11E7, 0x10E3, 0x0187, 0x08A3, 0x08A3, 0x00C4, 0x0147,
    0x022B, 0x024C, 0x01CA, 0x0188, 0x0126, 0x00E4, 0x0041, 0x1040, 0x30E1, 0x72E8, 0x9C6E, 0xAD10, 0xCDF3, 0xDE75, 0xE6B6, 0xEEB6,
    0xF6D6, 0xF717, 0xB552, 0xB510, 0xF717, 0xF738, 0xF739, 0xF759, 0xFF79, 0x944E, 0x18A2, 0x2103, 0x2924, 0x1125, 0x0946, 0x3B4E,
    0x0882, 0x0882, 0x0882, 0x0882, 0x08A3, 0x08C4, 0x00C4, 0x00C4, 0x00C4, 0x08A3, 0x00A3, 0x00C4, 0x00E4, 0x00C4, 0x00A3, 0x0882,
    0x0061, 0x0062, 0x0061, 0x0041, 0x0061, 0x0862, 0x0862, 0x0882, 0x00C4, 0x19E7, 0x2144, 0x0167, 0x00C4, 0x00E4, 0x01C9, 0x022B,
    0x01C9, 0x0946, 0x08A3, 0x0062, 0x0041, 0x0020, 0x0021, 0x28A1, 0x1880, 0x30E1, 0x6A87, 0x8C4E, 0x9CF2, 0xAD73, 0xC5F4, 0xDE76,
    0xE6B6, 0xEED7, 0xEEF7, 0xACF1, 0xB572, 0xEEF7, 0xF718, 0xF738, 0xFF59, 0xBD93, 0x2124, 0x0882, 0x08C3, 0x0105, 0x0987, 0x74B3,
    0x0882, 0x0882, 0x0882, 0x0882, 0x0882, 0x0882, 0x00A3, 0x00E5, 0x08A3, 0x0882, 0x08A3, 0x08A3, 0x08A3, 0x08A3, 0x08A3, 0x0882,
    0x0061, 0x0061, 0x0061, 0x0041, 0x0061, 0x0862, 0x0862, 0x0882, 0x00C4, 0x19E7, 0x1903, 0x0167, 0x00E4, 0x01EA, 0x0A2A, 0x1966,
    0x08C4, 0x0062, 0x0021, 0x0041, 0x0881, 0x0861, 0x0841, 0x30E1, 0x30C1, 0x40E1, 0x4962, 0x6287, 0x7BCC, 0x8C91, 0x8D33, 0xA5B5,
    0xC615, 0xD656, 0xE6B6, 0xE6B7, 0xA532, 0x9513, 0xC677, 0xDEF9, 0xE71A, 0xBEB9, 0x3C32, 0x0A2A, 0x01C9, 0x0ACD, 0x4C93, 0x7618,
    0x00C4, 0x08C4, 0x08C4, 0x08C4, 0x08C4, 0x08A3, 0x00A3, 0x00A3, 0x08A3, 0x0105, 0x08A3, 0x08A3, 0x08A3, 0x0882, 0x0882, 0x0882,
    0x0062, 0x0062, 0x0862, 0x0041, 0x0062, 0x0862, 0x0882, 0x08A3, 0x0105, 0x11E8, 0x18E3, 0x0187, 0x0147, 0x02CE, 0x2944, 0x10E3,
    0x0061, 0x0020, 0x2923, 0x41C4, 0x4A05, 0x41A4, 0x2103, 0x18C2, 0x1881, 0x30C1, 0x5982, 0x6A24, 0x7329, 0x83ED, 0x8470, 0x7CF3,
    0x7D55, 0x8DB6, 0xAE17, 0xCE77, 0xE6D7, 0xC615, 0x7D34, 0x6596, 0x5E39, 0x4E7B, 0x2DF9, 0x0C12, 0x1D36, 0x469C, 0x3E7B, 0x1DD8,
    0x08C3, 0x08C4, 0x00C4, 0x00E4, 0x00E4, 0x00E4, 0x00C4, 0x00C4, 0x00E4, 0x0147, 0x0105, 0x0126, 0x0105, 0x00C4, 0x0882, 0x0882,
    0x0062, 0x0862, 0x0862, 0x0041, 0x0062, 0x0882, 0x0882, 0x00C4, 0x020A, 0x19C7, 0x0882, 0x0167, 0x01C9, 0x024C, 0x28E2, 0x18C2,
    0x3184, 0x4A06, 0x41C5, 0x3964, 0x2903, 0x2902, 0x18C2, 0x2103, 0x2103, 0x18C2, 0x28E1, 0x59C3, 0x8B48, 0x940D, 0x946E, 0x8C70,
    0x7492, 0x6515, 0x65B8, 0x6E39, 0x8E9A, 0xBEDA, 0xCEFA, 0xB699, 0x8E18, 0x6619, 0x35D8, 0x2557, 0x1DF9, 0x1DD8, 0x0CB4, 0x036F,
    0x0882, 0x08A3, 0x08A3, 0x00A3, 0x08A3, 0x08A3, 0x0882, 0x08A2, 0x08A3, 0x08C3, 0x08A3, 0x08A3, 0x00A3, 0x00A3, 0x0882, 0x0882,
    0x0062, 0x0882, 0x0882, 0x0041, 0x0862, 0x0882, 0x08A3, 0x09C8, 0x11E8, 0x2123, 0x0061, 0x01A8, 0x026D, 0x3227, 0x62A7, 0x5246,
    0x5267, 0x41E5, 0x3164, 0x3984, 0x4184, 0x49C5, 0x3164, 0x2103, 0x18C2, 0x20E3, 0x10C3, 0x18C2, 0x7265, 0xB44B, 0xB50F, 0xACCF,
    0x9490, 0x7CB1, 0x5CB3, 0x3CF6, 0x2D78, 0x363A, 0x5E9B, 0x7F1C, 0x7F5E, 0x775E, 0x56BC, 0x2CB4, 0x0B2E, 0x024B, 0x0188, 0x0126,
    0x0147, 0x0126, 0x0105, 0x0105, 0x00E5, 0x00E5, 0x08A3, 0x0882, 0x08A3, 0x08A3, 0x08A3, 0x0882, 0x0882, 0x0882, 0x0882, 0x0882,
    0x0062, 0x0882, 0x08A3, 0x0041, 0x0862, 0x0882, 0x00E4, 0x1A28, 0x2923, 0x2943, 0x0061, 0x0146, 0x4A88, 0x5A66, 0x2923, 0x10A2,
    0x0882, 0x0841, 0x0861, 0x0861, 0x10A2, 0x18E3, 0x2944, 0x2124, 0x2944, 0x20E3, 0x10A2, 0x0882, 0x10C2, 0x7AC6, 0xDDB0, 0xD5D2,
    0xBD71, 0xA4F1, 0x84D2, 0x5CD4, 0x3473, 0x2C53, 0x1C12, 0x0BF1, 0x0AEC, 0x128B, 0x0966, 0x0082, 0x00A3, 0x020B, 0x01A9, 0x0126,
    0x0147, 0x0106, 0x0105, 0x0106, 0x0126, 0x0147, 0x00A3, 0x08A3, 0x00E5, 0x00E4, 0x00E4, 0x00C4, 0x00C4, 0x00A3, 0x00A3, 0x0882,
    0x0062, 0x0082, 0x00A3, 0x0062, 0x0882, 0x08A3, 0x00E4, 0x19E7, 0x2923, 0x3163, 0x0061, 0x2923, 0x6287, 0x2103, 0x0882, 0x0841,
    0x0021, 0x0021, 0x0021, 0x0021, 0x0020, 0x0041, 0x0861, 0x10A2, 0x2104, 0x2944, 0x2103, 0x10A2, 0x0082, 0x18E3, 0xA3EA, 0xE633,
    0xE674, 0xD5F3, 0xAD52, 0x8D13, 0x6D14, 0x54D5, 0x2D16, 0x0B6F, 0x0021, 0x0000, 0x0020, 0x0082, 0x00C4, 0x01A8, 0x020A, 0x0188,
    0x0082, 0x0882, 0x08A3, 0x08A3, 0x08A3, 0x08A3, 0x0882, 0x08A3, 0x08A3, 0x0882, 0x0082, 0x0082, 0x0882, 0x0882, 0x0882, 0x0882,
    0x0862, 0x0082, 0x00A3, 0x0062, 0x0882, 0x08A3, 0x00E5, 0x19E8, 0x2923, 0x2923, 0x0841, 0x2943, 0x3144, 0x18C2, 0x0041, 0x0021,
    0x0021, 0x0021, 0x0041, 0x0041, 0x0021, 0x0021, 0x0021, 0x0020, 0x0041, 0x10A2, 0x18E3, 0x18E3, 0x10E3, 0x00C4, 0x3143, 0xCD0E,
    0xEEB5, 0xEEB6, 0xDE55, 0xBDB3, 0x9554, 0x7D55, 0x4577, 0x128B, 0x0020, 0x0021, 0x0082, 0x00A3, 0x0082, 0x01E9, 0x022B, 0x02CD,
    0x0083, 0x08A3, 0x08A3, 0x08A3, 0x08A3, 0x08A3, 0x08A3, 0x08A3, 0x0882, 0x0882, 0x0882, 0x0862, 0x0862, 0x0862, 0x0882, 0x0882,
    0x0062, 0x0083, 0x00A3, 0x0862, 0x0882, 0x08A3, 0x00E5, 0x11E8, 0x2943, 0x2902, 0x0041, 0x10A1, 0x10A2, 0x0041, 0x0021, 0x0021,
    0x0861, 0x20C2, 0x20E3, 0x2903, 0x2903, 0x20E2, 0x1081, 0x0021, 0x0021, 0x0021, 0x0861, 0x0882, 0x10A2, 0x1124, 0x0905, 0x6AC7,
    0xE633, 0xF6F7, 0xEEB6, 0xE675, 0xCE15, 0xADD5, 0x8575, 0x4289, 0x0021, 0x0041, 0x00A3, 0x00A3, 0x01A8, 0x0188, 0x01A8, 0x132E,
    0x08A3, 0x08C3, 0x08C4, 0x08C4, 0x00C4, 0x00C4, 0x00C4, 0x00C3, 0x00A3, 0x00A3, 0x00A3, 0x08A3, 0x0882, 0x0882, 0x0882, 0x08A3,
    0x0062, 0x0083, 0x00C4, 0x0882, 0x0882, 0x00A3, 0x0146, 0x09E8, 0x2103, 0x2943, 0x0041, 0x0841, 0x0841, 0x0021, 0x0021, 0x10A2,
    0x5A45, 0x5205, 0x5A05, 0x5205, 0x5205, 0x41A5, 0x3144, 0x18A2, 0x0021, 0x0021, 0x0021, 0x0021, 0x0041, 0x08C3, 0x0146, 0x09A8,
    0x7B6A, 0xE654, 0xEED6, 0xEED7, 0xE6B7, 0xD677, 0xA5B5, 0x4A89, 0x0041, 0x00A3, 0x00E5, 0x0167, 0x020A, 0x00A3, 0x01C9, 0x32AA,
    0x0041, 0x0041, 0x0061, 0x0062, 0x0061, 0x0041, 0x0041, 0x0061, 0x0062, 0x0062, 0x0041, 0x0061, 0x0061, 0x0062, 0x0062, 0x0882,
    0x0061, 0x00A3, 0x00C4, 0x0882, 0x0882, 0x00C4, 0x11E8, 0x31C5, 0x20C2, 0x18C2, 0x0041, 0x0841, 0x0041, 0x0041, 0x0020, 0x6AA6,
    0x93A9, 0x5A25, 0x5A05, 0x5205, 0x5206, 0x5226, 0x3984, 0x20E2, 0x0861, 0x0041, 0x20C2, 0x0861, 0x0021, 0x0041, 0x0082, 0x0146,
    0x09A8, 0x7B8B, 0xE675, 0xEED7, 0xEED7, 0xD697, 0xA5D6, 0x4A88, 0x0062, 0x00E4, 0x01A9, 0x0167, 0x0082, 0x00C3, 0x128B, 0x4268,
    0x0041, 0x0041, 0x0041, 0x0061, 0x0061, 0x0041, 0x0061, 0x0082, 0x0862, 0x0062, 0x0062, 0x0062, 0x0041, 0x0061, 0x0862, 0x0882,
    0x0882, 0x08A3, 0x00C4, 0x0882, 0x0882, 0x00E5, 0x21E8, 0x3163, 0x0841, 0x1061, 0x20C1, 0x1081, 0x0021, 0x0020, 0x2943, 0xB4AB,
    0x72A6, 0x49A4, 0x3123, 0x2103, 0x2123, 0x3144, 0x41C5, 0x3164, 0x1082, 0x0041, 0x2103, 0x2943, 0x10A2, 0x0041, 0x0041, 0x0062,
    0x0146, 0x09C8, 0x8C2D, 0xE696, 0xE6D8, 0xCE98, 0xA573, 0x39C5, 0x0082, 0x0147, 0x0147, 0x0062, 0x00A3, 0x0105, 0x1A6A, 0x3164,
    0x0041, 0x0041, 0x0041, 0x0061, 0x0061, 0x0041, 0x0062, 0x00C3, 0x08A3, 0x08A3, 0x08A3, 0x0082, 0x0041, 0x0062, 0x0882, 0x08A3,
    0x00C3, 0x08A3, 0x00A3, 0x0882, 0x0882, 0x00C4, 0x1187, 0x2943, 0x3184, 0x49E5, 0x2903, 0x10A2, 0x0021, 0x0020, 0x6AE7, 0xA3E9,
    0x4183, 0x31A5, 0x22CB, 0x1B0C, 0x1249, 0x1104, 0x2103, 0x41A5, 0x20E3, 0x0041, 0x0041, 0x3143, 0x39A5, 0x18E3, 0x0021, 0x0020,
    0x0041, 0x0167, 0x1A09, 0xA4B0, 0xD676, 0xC616, 0x83ED, 0x10C3, 0x0167, 0x0126, 0x0062, 0x00C4, 0x0126, 0x01A7, 0x2A07, 0x2103,
    0x0061, 0x0061, 0x0062, 0x0061, 0x0061, 0x0041, 0x0041, 0x00A3, 0x08A3, 0x08A3, 0x0882, 0x0862, 0x0041, 0x0061, 0x0862, 0x0882,
    0x08A3, 0x08A3, 0x0882, 0x0882, 0x08A3, 0x00E4, 0x0967, 0x5A66, 0x62C7, 0x3184, 0x2103, 0x1082, 0x0021, 0x0861, 0x9C2B, 0x7286,
    0x2923, 0x1A08, 0x1536, 0x0E9B, 0x0C32, 0x1104, 0x1082, 0x3144, 0x2924, 0x0861, 0x0020, 0x0861, 0x39A5, 0x2944, 0x0862, 0x0882,
    0x0041, 0x0041, 0x0126, 0x2A08, 0x9CD0, 0xA511, 0x4227, 0x0167, 0x00C4, 0x0041, 0x00C4, 0x0147, 0x0146, 0x1229, 0x4207, 0x2944,
    0x0041, 0x0041, 0x0041, 0x0041, 0x0041, 0x0041, 0x0041, 0x0041, 0x0061, 0x0041, 0x0041, 0x0041, 0x0041, 0x0041, 0x0041, 0x0061,
    0x0061, 0x0062, 0x0061, 0x0882, 0x08A3, 0x0105, 0x29E7, 0x6AA6, 0x2943, 0x2123, 0x18E3, 0x0861, 0x0021, 0x18C2, 0xA44B, 0x51E4,
    0x20E2, 0x1945, 0x136F, 0x0CF5, 0x11A7, 0x10C3, 0x0882, 0x18E3, 0x2944, 0x10A2, 0x0021, 0x0021, 0x0861, 0x2944, 0x3185, 0x1125,
    0x0083, 0x0041, 0x0021, 0x0146, 0x32AA, 0x5AC9, 0x1166, 0x00E4, 0x0021, 0x0082, 0x0167, 0x0147, 0x0167, 0x2269, 0x39A5, 0x2103,
    0x0021, 0x0021, 0x0021, 0x0021, 0x0021, 0x0021, 0x0021, 0x0021, 0x0021, 0x0021, 0x0021, 0x0021, 0x0021, 0x0021, 0x0021, 0x0041,
    0x0041, 0x0061, 0x0862, 0x0882, 0x08A3, 0x00E5, 0x29C6, 0x5A46, 0x5267, 0x4A26, 0x20E3, 0x0882, 0x0041, 0x3164, 0x9C0A, 0x3122,
    0x10A2, 0x1208, 0x0CB4, 0x0ACC, 0x1104, 0x10E3, 0x08A2, 0x18C3, 0x2944, 0x08A3, 0x0041, 0x0021, 0x0862, 0x0861, 0x1904, 0x1986,
    0x0926, 0x0905, 0x0083, 0x0062, 0x0926, 0x1925, 0x0126, 0x0041, 0x08C4, 0x00C4, 0x0146, 0x0126, 0x0A0A, 0x29C7, 0x2923, 0x10A2,
    0x0021, 0x0021, 0x0021, 0x0021, 0x0021, 0x0021, 0x0021, 0x0021, 0x0021, 0x0021, 0x0021, 0x0041, 0x0041, 0x0041, 0x0041, 0x0061,
    0x0061, 0x0882, 0x0882, 0x0882, 0x08A3, 0x00E4, 0x21A6, 0x5A86, 0x39E5, 0x3143, 0x18C2, 0x0882, 0x0041, 0x2943, 0x8369, 0x20C2,
    0x10A2, 0x0B6F, 0x0C93, 0x09A7, 0x0ACC, 0x0904, 0x08A2, 0x18E3, 0x2124, 0x08A3, 0x0062, 0x0021, 0x0882, 0x0861, 0x0021, 0x00A3,
    0x0125, 0x0966, 0x0905, 0x10C3, 0x0083, 0x0967, 0x00C3, 0x0083, 0x0905, 0x00C4, 0x00E5, 0x01C9, 0x12AC, 0x2944, 0x18E2, 0x0882,
    0x0041, 0x0041, 0x0061, 0x0061, 0x0041, 0x0021, 0x0021, 0x0021, 0x0041, 0x0041, 0x0041, 0x0041, 0x0041, 0x0061, 0x0062, 0x0062,
    0x0862, 0x0862, 0x0882, 0x0882, 0x0882, 0x00C4, 0x1986, 0x5A65, 0x3143, 0x3122, 0x18C2, 0x10A2, 0x0021, 0x3164, 0x9BEA, 0x3102,
    0x10A2, 0x09C8, 0x0CF5, 0x0D16, 0x0BB0, 0x08E3, 0x0882, 0x2923, 0x2944, 0x0904, 0x00A4, 0x0021, 0x0861, 0x0882, 0x08A3, 0x0083,
    0x0041, 0x0083, 0x0882, 0x29A6, 0x1104, 0x0126, 0x0105, 0x0146, 0x0126, 0x0105, 0x01A9, 0x024B, 0x2269, 0x3144, 0x18C2, 0x0882,
    0x0061, 0x0061, 0x0062, 0x0041, 0x0041, 0x0021, 0x0041, 0x0041, 0x0041, 0x0062, 0x0062, 0x0062, 0x0862, 0x0862, 0x0882, 0x0882,
    0x0882, 0x0882, 0x0882, 0x0862, 0x0882, 0x00A3, 0x1146, 0x5225, 0x2902, 0x3122, 0x18E2, 0x10A2, 0x0021, 0x3163, 0x93A9, 0x3943,
    0x1081, 0x08A2, 0x0A09, 0x0AAC, 0x0905, 0x0862, 0x18C2, 0x3144, 0x2924, 0x10E4, 0x0105, 0x0041, 0x0041, 0x10C3, 0x08E4, 0x00E4,
    0x00A3, 0x0125, 0x00C4, 0x19E9, 0x11C8, 0x00E5, 0x0987, 0x09A8, 0x01C9, 0x0A2A, 0x1B90, 0x1B0D, 0x31A6, 0x3165, 0x10A2, 0x0882,
    0x0021, 0x0021, 0x0021, 0x0021, 0x0021, 0x0041, 0x0041, 0x0062, 0x0082, 0x0882, 0x0882, 0x0882, 0x00A3, 0x08A3, 0x08A3, 0x08A3,
    0x08A3, 0x08A3, 0x0882, 0x0882, 0x0882, 0x00C4, 0x0925, 0x5225, 0x2103, 0x10C2, 0x1082, 0x0861, 0x0021, 0x1061, 0x8347, 0x51E4,
    0x28E2, 0x0882, 0x0862, 0x0861, 0x0861, 0x18C2, 0x2923, 0x2923, 0x18C2, 0x08A2, 0x0105, 0x0082, 0x0041, 0x0082, 0x00A3, 0x0105,
    0x0105, 0x0988, 0x0946, 0x19C8, 0x11A8, 0x0146, 0x01C9, 0x09C9, 0x332D, 0x74D3, 0x7D13, 0x42AA, 0x3165, 0x2103, 0x0882, 0x0882,
    0x0041, 0x0041, 0x0021, 0x0021, 0x0021, 0x0061, 0x0882, 0x00A3, 0x00A3, 0x00C4, 0x0105, 0x0146, 0x0188, 0x0987, 0x0987, 0x0967,
    0x0147, 0x0126, 0x08C4, 0x08A3, 0x08A3, 0x00E5, 0x2964, 0x20E2, 0x0861, 0x0861, 0x18A2, 0x0861, 0x0021, 0x0041, 0x8348, 0x6265,
    0x4184, 0x2903, 0x2903, 0x2903, 0x2943, 0x41C5, 0x49E6, 0x39A5, 0x2124, 0x1104, 0x0925, 0x00E5, 0x0021, 0x0062, 0x0083, 0x0105,
    0x0126, 0x0988, 0x0966, 0x1A4A, 0x09E8, 0x01E9, 0x09EA, 0x6BEE, 0xCDF2, 0xB592, 0x7B8B, 0x6AC7, 0x5A25, 0x28E2, 0x0862, 0x0882,
    0x0882, 0x0062, 0x0021, 0x0021, 0x0041, 0x0062, 0x08A3, 0x00C3, 0x0126, 0x0167, 0x0967, 0x3207, 0x5287, 0x7308, 0x8BEA, 0x7B69,
    0x5AA7, 0x21A6, 0x0126, 0x0105, 0x00C3, 0x0105, 0x3163, 0x3163, 0x3963, 0x20E2, 0x10C3, 0x0861, 0x0862, 0x0020, 0x5246, 0x8B48,
    0x2903, 0x3144, 0x3144, 0x2923, 0x41A5, 0x4A06, 0x49E6, 0x2964, 0x18C3, 0x18A2, 0x1903, 0x1187, 0x10A3, 0x10E3, 0x29E8, 0x1A29,
    0x128B, 0x128C, 0x128B, 0x3249, 0x1986, 0x0105, 0x6B29, 0xE58E, 0xED4C, 0xE54C, 0xE54C, 0xE52B, 0xD469, 0x8264, 0x18A1, 0x0862,
    0x0041, 0x0021, 0x0021, 0x0021, 0x0041, 0x0862, 0x08A3, 0x0167, 0x01C9, 0x29A6, 0x7B48, 0xD5AE, 0xEE50, 0xF64F, 0xF60E, 0xEDAD,
    0xE56C, 0xC4CB, 0x72E7, 0x1925, 0x0105, 0x00E5, 0x3183, 0x41E5, 0x2103, 0x18E2, 0x0861, 0x0041, 0x10A2, 0x0021, 0x39A4, 0xA409,
    0x3963, 0x20E3, 0x18C2, 0x3144, 0x3985, 0x3985, 0x2903, 0x28E2, 0x7A64, 0xA367, 0xBC4A, 0xBC8B, 0x836A, 0x4228, 0x22CC, 0x0C94,
    0x3DF9, 0x1DB9, 0x1433, 0x39E7, 0x2124, 0x49A4, 0xCC89, 0xDCA9, 0xDC89, 0xCC07, 0xB365, 0xB386, 0x9AE4, 0x61C2, 0x1081, 0x0862,
    0x0021, 0x0021, 0x0021, 0x0041, 0x0041, 0x08A3, 0x0167, 0x0167, 0x3163, 0xAC08, 0xEDEE, 0xEDAD, 0xE50A, 0xDCA9, 0xD488, 0xDCA9,
    0xD489, 0xD489, 0xD469, 0x9347, 0x1904, 0x0147, 0x2943, 0x2102, 0x18C2, 0x2923, 0x0041, 0x0021, 0x10A2, 0x0041, 0x18A2, 0x8327,
    0x7285, 0x18A2, 0x18E2, 0x2123, 0x2103, 0x1081, 0x4122, 0xAB46, 0xDC89, 0xE52C, 0xE52B, 0xDCAA, 0x6A86, 0x31C7, 0x0B90, 0x1EBC,
    0x471D, 0x261A, 0x238F, 0x2944, 0x2103, 0x7A23, 0xD427, 0xD469, 0xDCA9, 0xCC48, 0x8AA4, 0x7223, 0x5982, 0x4121, 0x1881, 0x0862,
    0x0021, 0x0021, 0x0041, 0x0061, 0x0882, 0x0126, 0x0967, 0x3142, 0x6A44, 0xCC48, 0xD448, 0xCC07, 0xC3C6, 0xB365, 0xC3C7, 0xD469,
    0xD4AA, 0xD4CA, 0xCC28, 0xBBE7, 0x6225, 0x0147, 0x0904, 0x2922, 0x10A2, 0x18A2, 0x0041, 0x0041, 0x0861, 0x0041, 0x0020, 0x49E4,
    0x8307, 0x20E2, 0x18C2, 0x18E3, 0x1081, 0x4121, 0xAB66, 0xDCA9, 0xE50B, 0xE54C, 0xE50B, 0xB3C8, 0x41C5, 0x29A7, 0x0474, 0x1EBC,
    0x269C, 0x0D97, 0x22AB, 0x18E3, 0x20C2, 0x8A83, 0xC3E7, 0xCC07, 0xCC07, 0xD469, 0xD448, 0xCC48, 0xBBA6, 0x8263, 0x20C2, 0x0061,
    0x0021, 0x0021, 0x0041, 0x0862, 0x00E5, 0x0947, 0x28E2, 0x2902, 0x4982, 0x9AE4, 0xA304, 0x9AE4, 0x8A83, 0x92A4, 0xB366, 0xCC28,
    0xD4AA, 0xD4CB, 0xCC49, 0xB3A7, 0x82C5, 0x2103, 0x0126, 0x2123, 0x1081, 0x0882, 0x0861, 0x0882, 0x0861, 0x0041, 0x0020, 0x18C2,
    0x51E4, 0x3143, 0x1082, 0x0882, 0x20A1, 0x92A4, 0xD448, 0xDCA9, 0xE4EA, 0xDCCA, 0xDCA9, 0x8AA5, 0x2103, 0x2165, 0x226A, 0x22CC,
    0x22AB, 0x2A28, 0x31C6, 0x18E3, 0x1881, 0x7A23, 0xB365, 0xBB85, 0xB345, 0xAB25, 0x8A84, 0x8AA4, 0x7A43, 0x4983, 0x0881, 0x0862,
    0x0020, 0x0021, 0x0061, 0x08A3, 0x0168, 0x2103, 0x18A1, 0x0841, 0x18A1, 0x5162, 0x61C2, 0x69E3, 0x61C2, 0x7223, 0x9AE5, 0xC408,
    0xCC8A, 0xCC8A, 0xBC08, 0xA366, 0x7285, 0x3964, 0x0126, 0x2185, 0x1903, 0x0882, 0x10A2, 0x10C2, 0x0882, 0x0861, 0x0021, 0x0020,
    0x3143, 0x3963, 0x0861, 0x0841, 0x4941, 0xA304, 0xC3E7, 0xD448, 0xD469, 0xD448, 0xCC07, 0x6A03, 0x20E3, 0x18E3, 0x20E3, 0x18E3,
    0x18C3, 0x10A2, 0x10A2, 0x0881, 0x0861, 0x61A2, 0x9AA4, 0x9AE4, 0xA2E4, 0xAB25, 0x8A63, 0x7203, 0x5162, 0x20C2, 0x0061, 0x0862,
    0x0062, 0x0062, 0x0882, 0x0126, 0x1146, 0x20C1, 0x0041, 0x0020, 0x0021, 0x1081, 0x20E2, 0x3101, 0x3901, 0x5182, 0x9B05, 0xCC69,
    0xCCAA, 0xC469, 0xABE8, 0x6A86, 0x49C4, 0x3984, 0x0126, 0x21A6, 0x31A5, 0x10E3, 0x1903, 0x10E3, 0x0882, 0x0882, 0x0021, 0x0021,
    0x10A1, 0x41A3, 0x18A2, 0x1860, 0x69C2, 0x92A4, 0xB365, 0xBBA6, 0xC3E7, 0xC3C6, 0xBB86, 0x61C2, 0x0861, 0x0861, 0x0841, 0x0841,
    0x0041, 0x0041, 0x0041, 0x0041, 0x0041, 0x30C1, 0x69E2, 0x7A23, 0x7A23, 0x7203, 0x7A44, 0x7A44, 0x4983, 0x1081, 0x0862, 0x0862,
    0x00A3, 0x08A3, 0x00C3, 0x01A9, 0x10A2, 0x0841, 0x0083, 0x00E5, 0x0105, 0x0168, 0x0188, 0x00E5, 0x0861, 0x4982, 0xB429, 0xCCCB,
    0xC48A, 0x9BC9, 0x5A87, 0x31A5, 0x1944, 0x21A6, 0x0987, 0x21E8, 0x31E6, 0x1924, 0x1924, 0x1104, 0x08A3, 0x08A3, 0x0041, 0x0021,
    0x0020, 0x2902, 0x2923, 0x2081, 0x61A2, 0x8243, 0x92A4, 0xA2E4, 0xA305, 0xA304, 0x92C4, 0x69E2, 0x1061, 0x0041, 0x0841, 0x0841,
    0x0841, 0x0841, 0x0041, 0x0041, 0x0021, 0x0841, 0x28C1, 0x4142, 0x3143, 0x18C2, 0x1082, 0x08A2, 0x0062, 0x0061, 0x0861, 0x0861,
    0x0062, 0x00A3, 0x00E4, 0x0127, 0x0882, 0x0106, 0x0167, 0x0147, 0x0105, 0x0105, 0x0126, 0x01A9, 0x0925, 0x7B48, 0xD52C, 0xB44A,
    0x8368, 0x4A27, 0x21A6, 0x1966, 0x1166, 0x11A7, 0x09A8, 0x1A09, 0x3227, 0x1145, 0x1125, 0x1145, 0x08E3, 0x08C3, 0x0062, 0x0041,
    0x0021, 0x0041, 0x0861, 0x20C1, 0x7A43, 0x7203, 0x7203, 0x7A23, 0x8243, 0x8243, 0x7A23, 0x61A2, 0x28C1, 0x0041, 0x0041, 0x0041,
    0x0041, 0x0841, 0x0041, 0x0041, 0x0061, 0x0041, 0x00E5, 0x0967, 0x08A2, 0x0882, 0x0041, 0x0041, 0x0061, 0x0041, 0x0041, 0x0041,
    0x0021, 0x0062, 0x0105, 0x0147, 0x0126, 0x08E4, 0x0882, 0x0882, 0x00A3, 0x00C4, 0x0126, 0x0188, 0x4267, 0xC56E, 0xA42A, 0x62A7,
    0x3A07, 0x21C7, 0x19A7, 0x19A7, 0x11A7, 0x11C7, 0x1209, 0x1A2A, 0x3228, 0x21C7, 0x19A7, 0x1166, 0x0905, 0x08C3, 0x08A3, 0x0862,
    0x0041, 0x0041, 0x0021, 0x0841, 0x51A2, 0x8263, 0x7203, 0x7203, 0x69E2, 0x61C2, 0x59A2, 0x5183, 0x3922, 0x0861, 0x0041, 0x0041,
    0x0041, 0x0041, 0x0041, 0x0041, 0x0062, 0x0083, 0x0188, 0x09C9, 0x10C2, 0x10A2, 0x0061, 0x0061, 0x0061, 0x0041, 0x0041, 0x0041,
    0x0021, 0x0041, 0x00A3, 0x0105, 0x0882, 0x0882, 0x0062, 0x0882, 0x00C4, 0x0147, 0x01EA, 0x3207, 0xA48B, 0x93C9, 0x5267, 0x3207,
    0x21E7, 0x21E7, 0x19C7, 0x19C7, 0x19E8, 0x19E8, 0x1A4A, 0x1A4A, 0x222A, 0x19E8, 0x19C8, 0x11A7, 0x1166, 0x0925, 0x08E4, 0x08C3,
    0x0882, 0x08A2, 0x0041, 0x0021, 0x0041, 0x3102, 0x51A2, 0x59C2, 0x5182, 0x3984, 0x3164, 0x2103, 0x0881, 0x0021, 0x0021, 0x0021,
    0x0021, 0x0021, 0x0021, 0x0041, 0x0041, 0x0082, 0x01A9, 0x0945, 0x18C2, 0x0882, 0x0041, 0x0061, 0x0041, 0x0041, 0x0041, 0x0041,
    0x0041, 0x0083, 0x00A3, 0x00C3, 0x0082, 0x0882, 0x00A3, 0x00C3, 0x0126, 0x024B, 0x2207, 0xA44A, 0xA40A, 0x6287, 0x3A07, 0x2A08,
    0x2208, 0x19E8, 0x19E8, 0x19E8, 0x1A29, 0x2229, 0x226B, 0x2229, 0x224A, 0x1A4A, 0x1A2A, 0x1A09, 0x11C8, 0x1187, 0x0946, 0x0905,
    0x10E3, 0x10C3, 0x10A2, 0x08A2, 0x0021, 0x0020, 0x0021, 0x0841, 0x0841, 0x0041, 0x0021, 0x0021, 0x0021, 0x0021, 0x0021, 0x0021,
    0x0841, 0x0841, 0x0041, 0x0021, 0x0062, 0x0062, 0x0187, 0x1904, 0x18E3, 0x0861, 0x0061, 0x0061, 0x0061, 0x0061, 0x0061, 0x0061,
    0x0062, 0x0062, 0x0062, 0x0062, 0x0062, 0x00A3, 0x00C4, 0x0105, 0x026C, 0x1209, 0x9C4B, 0xC56E, 0x740C, 0x4BEE, 0x43CE, 0x332D,
    0x228B, 0x1A29, 0x1A09, 0x1A29, 0x224A, 0x226B, 0x224A, 0x2249, 0x2249, 0x2249, 0x224A, 0x1A4A, 0x1A4A, 0x1A09, 0x11C8, 0x0987,
    0x1965, 0x39E5, 0x31A5, 0x11C7, 0x0104, 0x0082, 0x0021, 0x0041, 0x0041, 0x0041, 0x0041, 0x0021, 0x0021, 0x1061, 0x3922, 0x6A03,
    0x8AA4, 0x9305, 0x82A4, 0x4962, 0x0861, 0x0082, 0x0167, 0x1145, 0x10C3, 0x0061, 0x0061, 0x0061, 0x0061, 0x0061, 0x0061, 0x0861,
    0x0041, 0x0041, 0x0021, 0x0021, 0x0041, 0x0882, 0x00E4, 0x022B, 0x0A8C, 0x742E, 0xC6B7, 0x8EDA, 0x6EFC, 0x6F1D, 0x56FD, 0x3E9B,
    0x1D37, 0x130E, 0x1A4A, 0x1A6A, 0x222A, 0x226A, 0x2249, 0x2A29, 0x2A29, 0x2249, 0x2249, 0x224A, 0x222A, 0x1A4A, 0x1A09, 0x3248,
    0x4AC9, 0x4268, 0x1945, 0x0967, 0x09C8, 0x0925, 0x0882, 0x10A2, 0x0882, 0x0861, 0x0861, 0x0841, 0x4121, 0x8284, 0xB386, 0xD468,
    0xDCCA, 0xE4EA, 0xDC89, 0xBC08, 0x8B48, 0x2944, 0x00C4, 0x0946, 0x0882, 0x0041, 0x0041, 0x0061, 0x0061, 0x0061, 0x0061, 0x0061,
    0x0021, 0x0021, 0x0021, 0x0021, 0x0062, 0x00A3, 0x0188, 0x02AD, 0x338F, 0xC6FA, 0xBF5D, 0x873D, 0x8F3D, 0x871D, 0x671D, 0x475E,
    0x175E, 0x161A, 0x1BB1, 0x1A4A, 0x224A, 0x224A, 0x224A, 0x226A, 0x2A6A, 0x2A8A, 0x2A8A, 0x228A, 0x228B, 0x32AA, 0x3249, 0x42CA,
    0x3269, 0x21E8, 0x1146, 0x1145, 0x0925, 0x08C4, 0x0882, 0x0882, 0x08A2, 0x0041, 0x1061, 0x5982, 0xAB45, 0xCC27, 0xDCA9, 0xE4EA,
    0xE4EB, 0xE52C, 0xE54C, 0xDCEA, 0xCC69, 0x8BA9, 0x2144, 0x08E4, 0x08A3, 0x0062, 0x0062, 0x0061, 0x0061, 0x0061, 0x0062, 0x0061,
    0x0021, 0x0021, 0x0041, 0x0041, 0x0082, 0x00E4, 0x028D, 0x12AC, 0x8E38, 0xD77D, 0x8F3D, 0x871D, 0x971D, 0x76FD, 0x56FD, 0x2F3D,
    0x173E, 0x171E, 0x1537, 0x1A2A, 0x1A4A, 0x226A, 0x226A, 0x226A, 0x228A, 0x228A, 0x226A, 0x2AAB, 0x4B0B, 0x42EA, 0x2A49, 0x3AAA,
    0x3269, 0x2208, 0x1187, 0x1145, 0x0925, 0x0945, 0x0082, 0x08A2, 0x08A2, 0x0841, 0x59A2, 0xAB45, 0xCC27, 0xDCA9, 0xE50B, 0xE52C,
    0xE54C, 0xED8D, 0xED6D, 0xE54C, 0xDCCA, 0xC46A, 0x632A, 0x10A2, 0x18A1, 0x1881, 0x1881, 0x1881, 0x1861, 0x0841, 0x0021, 0x0021,
    0x0021, 0x0041, 0x0062, 0x0082, 0x00C4, 0x01A8, 0x02CE, 0x4431, 0xBF5C, 0x973D, 0x6F1D, 0x7EFC, 0x6EDC, 0x569B, 0x36BB, 0x1EFD,
    0x0EFD, 0x0EDD, 0x1412, 0x124B, 0x1A2A, 0x1A29, 0x2229, 0x2229, 0x2229, 0x2249, 0x226A, 0x3ACB, 0x42EA, 0x2A49, 0x2A49, 0x2A6A,
    0x2A29, 0x2229, 0x1187, 0x1145, 0x1125, 0x1125, 0x00A3, 0x0882, 0x1061, 0x4942, 0xA305, 0xCC28, 0xDC89, 0xE4EA, 0xE4EB, 0xE52C,
    0xEDAE, 0xED8D, 0xE52C, 0xE52B, 0xDCCA, 0xD448, 0xA3C9, 0x2165, 0x20A1, 0x3901, 0x38E1, 0x38E1, 0x30E1, 0x1881, 0x0021, 0x0020,
    0x0021, 0x0021, 0x0041, 0x0082, 0x00A3, 0x020A, 0x0A6B, 0x85F8, 0xAF5D, 0x6EDB, 0x3D75, 0x3C10, 0x234D, 0x1B0D, 0x132E, 0x0C32,
    0x0D57, 0x0E3B, 0x0B0D, 0x122A, 0x11E8, 0x11E8, 0x19E8, 0x1A09, 0x1A29, 0x2229, 0x224A, 0x42CA, 0x3AAA, 0x2A49, 0x2229, 0x2A69,
    0x2A69, 0x21E8, 0x1166, 0x1166, 0x0925, 0x0905, 0x0082, 0x0841, 0x3922, 0x92A4, 0xC3C6, 0xD448, 0xDCAA, 0xE4EA, 0xE4EA, 0xE4EB,
    0xE50B, 0xE52B, 0xE50B, 0xE4CA, 0xDC89, 0xD428, 0xBBC7, 0x4A05, 0x20A1, 0x4962, 0x4962, 0x4962, 0x4962, 0x30E1, 0x0840, 0x1040,
    0x0062, 0x0041, 0x0061, 0x08A3, 0x00E5, 0x024B, 0x128B, 0x8EBB, 0x8657, 0x540E, 0x2A28, 0x21A6, 0x1966, 0x1145, 0x0946, 0x0967,
    0x0A0A, 0x0B70, 0x0A4B, 0x09C9, 0x11A7, 0x11A7, 0x11A7, 0x11C8, 0x19E8, 0x1A09, 0x1A2A, 0x326A, 0x2A49, 0x2229, 0x3269, 0x3AAA,
    0x2A49, 0x11A7, 0x0966, 0x0945, 0x0946, 0x0925, 0x0062, 0x20C1, 0x7223, 0xB366, 0xCC27, 0xD468, 0xDCA9, 0xDCC9, 0xE4EA, 0xDCCA,
    0xDCCA, 0xE4CA, 0xDCC9, 0xDC89, 0xD448, 0xCC07, 0xBBC7, 0x7308, 0x28E1, 0x59C3, 0x61E3, 0x59C3, 0x6203, 0x4142, 0x0840, 0x1860,
    0x00A3, 0x0082, 0x0062, 0x00A3, 0x0126, 0x0A6C, 0x132E, 0x6E16, 0x5B49, 0x31E6, 0x21A6, 0x2186, 0x1986, 0x1165, 0x1145, 0x0945,
    0x0945, 0x09A8, 0x0967, 0x09C8, 0x0987, 0x0987, 0x1187, 0x1187, 0x11A7, 0x11C8, 0x1209, 0x2208, 0x3248, 0x2208, 0x2A48, 0x2208,
    0x19C7, 0x1166, 0x1166, 0x1145, 0x0925, 0x08E4, 0x0882, 0x4142, 0x92C4, 0xC3C7, 0xD427, 0xD448, 0xD489, 0xDC88, 0xDCA9, 0xDCA9,
    0xDCA9, 0xDCC9, 0xD468, 0xD448, 0xCC07, 0xBBA6, 0xB365, 0x8327, 0x3102, 0x61E3, 0x7A85, 0x7264, 0x6A24, 0x4962, 0x1060, 0x2060,
    0x0041, 0x0882, 0x00A3, 0x00E4, 0x0967, 0x0A4B, 0x230C, 0x6C0C, 0x31E6, 0x1986, 0x21C7, 0x19A7, 0x19C7, 0x19A7, 0x1186, 0x0986,
    0x0987, 0x09C8, 0x09C9, 0x09A8, 0x09C9, 0x0967, 0x0946, 0x0966, 0x0966, 0x0987, 0x11C8, 0x3227, 0x3A48, 0x19A7, 0x1166, 0x1166,
    0x1166, 0x1166, 0x1166, 0x0925, 0x08C3, 0x08A3, 0x18A2, 0x59E3, 0x9B05, 0xBBA6, 0xCC07, 0xD448, 0xCC27, 0xD447, 0xD468, 0xD468,
    0xD468, 0xDC89, 0xD448, 0xCC07, 0xC3C6, 0xB365, 0xA304, 0x7AE7, 0x2902, 0x6203, 0x82C5, 0x82A5, 0x7244, 0x5182, 0x1060, 0x2080,
    0x0062, 0x00C3, 0x00E5, 0x0925, 0x0987, 0x0A2B, 0x2A27, 0x6B08, 0x21C7, 0x19C7, 0x21C7, 0x21E8, 0x21E8, 0x19E8, 0x19E8, 0x2249,
    0x2AAB, 0x234E, 0x1495, 0x0B0D, 0x09C8, 0x09C8, 0x0967, 0x0946, 0x0946, 0x0946, 0x1187, 0x29E6, 0x1166, 0x0925, 0x1125, 0x1145,
    0x1145, 0x2186, 0x1125, 0x0904, 0x08A3, 0x0862, 0x3102, 0x7244, 0xA305, 0xB386, 0xBBC6, 0xCC07, 0xC3E7, 0xCC07, 0xCC07, 0xD427,
    0xD427, 0xD448, 0xCC07, 0xC3C6, 0xBB86, 0xAB25, 0x9AC4, 0x7AA6, 0x2902, 0x61E3, 0x82C5, 0x7AA5, 0x7244, 0x4142, 0x1040, 0x2880,
    0x0882, 0x00A3, 0x08E4, 0x0946, 0x09A7, 0x0A4B, 0x3207, 0x52A8, 0x21C7, 0x19C8, 0x2208, 0x2208, 0x2229, 0x328A, 0x432C, 0x5410,
    0x4576, 0x267B, 0x1EFD, 0x265A, 0x138F, 0x0A2A, 0x09C9, 0x0987, 0x0966, 0x0946, 0x0966, 0x1124, 0x0904, 0x08E4, 0x1104, 0x1945,
    0x1124, 0x2185, 0x10E4, 0x08E3, 0x08A3, 0x0861, 0x3922, 0x7A64, 0xA305, 0xB366, 0xB386, 0xBBC6, 0xC3E7, 0xC3C6, 0xC3C6, 0xCC07,
    0xCC07, 0xC3E7, 0xBB86, 0xB365, 0xAB45, 0x9AE5, 0x8A84, 0x6A86, 0x28E1, 0x6203, 0x7264, 0x7244, 0x61C3, 0x30C1, 0x1860, 0x30C1,
    0x08A3, 0x08A3, 0x08E4, 0x0946, 0x09A8, 0x0A6B, 0x2208, 0x4288, 0x21E8, 0x21E8, 0x2208, 0x2A29, 0x42CA, 0x63EE, 0x74F3, 0x567A,
    0x5F7E, 0x577E, 0x2F5E, 0x2F5E, 0x46FD, 0x2CD4, 0x1A6A, 0x11A7, 0x0987, 0x0967, 0x0946, 0x2144, 0x1924, 0x10E4, 0x1903, 0x2144,
    0x1924, 0x2144, 0x08C3, 0x08A3, 0x0882, 0x0861, 0x4962, 0x8264, 0x9AE4, 0xA305, 0xAB25, 0xB366, 0xB366, 0xB366, 0xBBA6, 0xC3C6,
    0xC3C6, 0xBB86, 0xB345, 0xAB25, 0xA2E4, 0x92A4, 0x8264, 0x5A45, 0x28C1, 0x59C3, 0x61E3, 0x59C3, 0x4962, 0x1861, 0x2060, 0x38E1,
    0x00C3, 0x00E4, 0x0966, 0x09A7, 0x09C8, 0x124B, 0x124A, 0x3A68, 0x2A08, 0x2208, 0x2229, 0x42AA, 0x6BAD, 0x8513, 0x669B, 0x6F7F,
    0x7F9E, 0x777E, 0x677E, 0x373E, 0x2598, 0x33D0, 0x4B2B, 0x5AC8, 0x4226, 0x4A26, 0x3184, 0x2964, 0x1924, 0x10E3, 0x1903, 0x1924,
    0x2124, 0x1924, 0x08A2, 0x0882, 0x0062, 0x1061, 0x5182, 0x7A43, 0x8A84, 0x92C4, 0x92C4, 0x9AC4, 0xA2E4, 0xA305, 0xB345, 0xB365,
    0xB365, 0xB365, 0xAB45, 0xA304, 0x92A4, 0x8263, 0x7223, 0x41A4, 0x2081, 0x4162, 0x4962, 0x4962, 0x28C1, 0x1040, 0x28A1, 0x38E1,
    0x0125, 0x0946, 0x0987, 0x09C8, 0x09A8, 0x11E8, 0x126C, 0x2A49, 0x3248, 0x2208, 0x3249, 0x532B, 0x742E, 0x6DD7, 0x5F7E, 0x779F,
    0x7F9F, 0x7F9F, 0x5F5E, 0x3578, 0x232E, 0x226A, 0x2A49, 0x3228, 0x4A67, 0x7308, 0x4A05, 0x2985, 0x1945, 0x10E4, 0x2103, 0x2944,
    0x2124, 0x08C3, 0x0062, 0x0062, 0x0041, 0x1881, 0x4962, 0x69E3, 0x7A23, 0x8263, 0x8A83, 0x8263, 0x92A4, 0x92A4, 0x9AC4, 0xA304,
    0xAB25, 0xAB45, 0xA305, 0x92A4, 0x8A63, 0x7203, 0x5A25, 0x7B08, 0x6245, 0x8307, 0x9389, 0x4163, 0x1061, 0x1860, 0x30C1, 0x38E1,
    0x08E4, 0x00E5, 0x0925, 0x0946, 0x0966, 0x11A7, 0x122A, 0x1A29, 0x3228, 0x2A08, 0x3A69, 0x634B, 0x742F, 0x565A, 0x5F9F, 0x6F9F,
    0x6F9F, 0x679F, 0x3E3A, 0x2BB0, 0x2AAB, 0x2A6A, 0x2A29, 0x2A28, 0x52A8, 0x7B49, 0x4A46, 0x29A5, 0x1944, 0x10C3, 0x10A2, 0x10C3,
    0x0882, 0x0061, 0x0061, 0x0041, 0x0041, 0x1881, 0x4121, 0x59A2, 0x69E2, 0x7203, 0x7A23, 0x7203, 0x7A23, 0x8263, 0x8A83, 0x9AC4,
    0xA2E4, 0xA305, 0x9AE4, 0x8A83, 0x61E3, 0x51E4, 0xA3C9, 0xD4CB, 0xCC49, 0x7A44, 0xB386, 0x82C6, 0x49C4, 0x20A1, 0x30C1, 0x30E1,
    0x00E4, 0x00E5, 0x0905, 0x0925, 0x0946, 0x1187, 0x11C8, 0x124A, 0x1A09, 0x2A28, 0x4289, 0x5B4B, 0x6C70, 0x3E9C, 0x379F, 0x479F,
    0x5F9F, 0x3F1D, 0x2C53, 0x2B0D, 0x2A8A, 0x2A6A, 0x2A49, 0x2208, 0x4AA9, 0x7B69, 0x5267, 0x1965, 0x1104, 0x08A3, 0x0062, 0x0041,
    0x0041, 0x0062, 0x0041, 0x0021, 0x1060, 0x28A1, 0x4121, 0x5162, 0x59A2, 0x61C2, 0x69E2, 0x69E2, 0x69E2, 0x7203, 0x8243, 0x8A84,
    0x92A4, 0x9AC4, 0x92A4, 0x6A03, 0x8327, 0xC46A, 0x82A5, 0x92E5, 0x82A5, 0x3922, 0x5162, 0x3922, 0x6203, 0x28C1, 0x20A1, 0x30C1,
    0x0883, 0x08A3, 0x08A3, 0x08E4, 0x0925, 0x0966, 0x11A7, 0x11E9, 0x124A, 0x1A09, 0x3A69, 0x530A, 0x53CE, 0x3DF9, 0x2F5E, 0x2F7F,
    0x2F7F, 0x2E5B, 0x2B4E, 0x2A8A, 0x2A6A, 0x2A29, 0x2229, 0x2208, 0x3A68, 0x62E9, 0x5A87, 0x2185, 0x08E4, 0x00A3, 0x0882, 0x0062,
    0x0041, 0x0021, 0x0021, 0x0021, 0x1061, 0x28C1, 0x30C1, 0x4121, 0x5141, 0x5982, 0x59A2, 0x5982, 0x5162, 0x61A2, 0x71E2, 0x8243,
    0x8A63, 0x8A84, 0x8A64, 0x6224, 0xBBC7, 0xB386, 0x59A3, 0x4921, 0x2080, 0x0840, 0x1860, 0x1040, 0x1880, 0x1860, 0x2080, 0x2081,
    0x0082, 0x0082, 0x0082, 0x08A3, 0x08E4, 0x0945, 0x1187, 0x11A7, 0x1209, 0x1A4A, 0x1A08, 0x3269, 0x4B2C, 0x3CF6, 0x265D, 0x26BD,
    0x26FE, 0x2517, 0x22AB, 0x2A49, 0x2A29, 0x2229, 0x2208, 0x19E8, 0x2A08, 0x4A88, 0x52A8, 0x3A06, 0x2144, 0x10C3, 0x0882, 0x0061,
    0x0041, 0x0041, 0x0021, 0x0021, 0x0041, 0x2081, 0x30C1, 0x38E1, 0x3901, 0x4941, 0x4921, 0x4101, 0x4101, 0x4941, 0x5982, 0x69E2,
    0x7A23, 0x8A63, 0x7A43, 0x7A64, 0x9AC4, 0x5182, 0x1060, 0x1040, 0x1040, 0x0840, 0x0840, 0x1040, 0x0840, 0x0840, 0x0840, 0x0840,
    0x0041, 0x0061, 0x0862, 0x08A3, 0x08E4, 0x1125, 0x1146, 0x1186, 0x11A7, 0x11E8, 0x1229, 0x1A09, 0x2A49, 0x334E, 0x2539, 0x25BB,
    0x25FB, 0x24B6, 0x228B, 0x2249, 0x2229, 0x1A08, 0x19E8, 0x11C8, 0x19C7, 0x3207, 0x4A67, 0x4226, 0x31A5, 0x2123, 0x18C2, 0x1081,
    0x1061, 0x0841, 0x0021, 0x0021, 0x0021, 0x0840, 0x1881, 0x30C1, 0x30C1, 0x30C1, 0x38E1, 0x38E1, 0x28A1, 0x2081, 0x3901, 0x5982,
    0x71E2, 0x8243, 0x6A03, 0x8AA4, 0x61A2, 0x1860, 0x1040, 0x1860, 0x28C1, 0x2080, 0x1860, 0x0840, 0x0021, 0x0021, 0x0021, 0x0021,
    0x0882, 0x0882, 0x0882, 0x08A3, 0x08E3, 0x0904, 0x0905, 0x0925, 0x0946, 0x0966, 0x11A7, 0x11E9, 0x11E8, 0x1A09, 0x1B0E, 0x1C34,
    0x1CB7, 0x1C96, 0x1ACC, 0x1A09, 0x1A08, 0x19E8, 0x11C8, 0x11C8, 0x11A7, 0x19C7, 0x3206, 0x31C5, 0x2964, 0x1903, 0x10A2, 0x0861,
    0x0041, 0x0021, 0x0021, 0x0021, 0x0021, 0x0021, 0x0021, 0x0041, 0x1061, 0x1881, 0x2081, 0x1881, 0x1881, 0x1040, 0x0841, 0x30E1,
    0x5982, 0x69E2, 0x6A03, 0x92A4, 0x4941, 0x1880, 0x38E1, 0x4121, 0x4941, 0x38E1, 0x1060, 0x0021, 0x0021, 0x0021, 0x0021, 0x0021,
    0x00A3, 0x08A3, 0x08E4, 0x1104, 0x1125, 0x0905, 0x0905, 0x0946, 0x0946, 0x0946, 0x0966, 0x0966, 0x1187, 0x11A7, 0x11C8, 0x1209,
    0x1A8C, 0x1AAD, 0x1A4A, 0x19E8, 0x19C8, 0x11C8, 0x11C7, 0x11A7, 0x1187, 0x0966, 0x1145, 0x1124, 0x08C3, 0x0882, 0x0061, 0x0041,
    0x0021, 0x0021, 0x0021, 0x0021, 0x0021, 0x0021, 0x0021, 0x0021, 0x0021, 0x0021, 0x0021, 0x0021, 0x0021, 0x0021, 0x0021, 0x0841,
    0x30C1, 0x5982, 0x7202, 0x8263, 0x30C1, 0x28C1, 0x30E1, 0x1880, 0x28A1, 0x20A1, 0x0021, 0x0021, 0x0021, 0x0021, 0x0021, 0x0021,
    0x08E4, 0x08E4, 0x10E4, 0x0904, 0x0925, 0x0967, 0x1125, 0x0925, 0x0925, 0x0967, 0x0987, 0x09A8, 0x09C8, 0x09A7, 0x11A7, 0x11A7,
    0x11A8, 0x11A7, 0x11A7, 0x1187, 0x1187, 0x1187, 0x1186, 0x0966, 0x0966, 0x0946, 0x0905, 0x08E4, 0x00A3, 0x0882, 0x0082, 0x0062,
    0x0061, 0x0041, 0x0041, 0x0041, 0x0021, 0x0041, 0x0021, 0x0021, 0x0021, 0x0021, 0x0021, 0x0021, 0x0021, 0x0021, 0x0021, 0x0021,
    0x0841, 0x4121, 0x69C2, 0x69C2, 0x2080, 0x1040, 0x1040, 0x1860, 0x2080, 0x0841, 0x0021, 0x0021, 0x0041, 0x0041, 0x0041, 0x0041,
    0x0905, 0x08E4, 0x08C3, 0x08E4, 0x0925, 0x0926, 0x0946, 0x0946, 0x0946, 0x0946, 0x0967, 0x09A8, 0x09E9, 0x0A2A, 0x0A6B, 0x0A09,
    0x09A8, 0x0987, 0x1186, 0x1186, 0x1186, 0x1186, 0x1166, 0x0945, 0x0945, 0x0945, 0x0925, 0x0905, 0x08E4, 0x08C3, 0x00A3, 0x08A3,
    0x0082, 0x0082, 0x0062, 0x0062, 0x0062, 0x0062, 0x0062, 0x0062, 0x0041, 0x0041, 0x0021, 0x0021, 0x0021, 0x0021, 0x0021, 0x0021,
    0x0021, 0x2081, 0x5982, 0x5162, 0x1860, 0x1040, 0x1860, 0x1860, 0x1061, 0x0041, 0x0041, 0x0041, 0x0062, 0x0062, 0x0082, 0x0082,
    0x00A3, 0x00C3, 0x08E4, 0x0905, 0x08E4, 0x00E4, 0x0905, 0x0946, 0x0967, 0x0967, 0x0967, 0x0147, 0x0988, 0x09EA, 0x0A0A, 0x0A2A,
    0x0A2A, 0x09C8, 0x1125, 0x1165, 0x1145, 0x1145, 0x1125, 0x1124, 0x1104, 0x08E4, 0x08E3, 0x08E4, 0x08E4, 0x08E4, 0x08E4, 0x08E4,
    0x08C4, 0x08C3, 0x00A3, 0x00A3, 0x00C3, 0x00C3, 0x00C3, 0x00A3, 0x00C4, 0x00A3, 0x00A3, 0x0062, 0x0041, 0x0041, 0x0021, 0x0021,
    0x0021, 0x0841, 0x3901, 0x4121, 0x1860, 0x1040, 0x1860, 0x1861, 0x0021, 0x0041, 0x0061, 0x0082, 0x00A3, 0x0083, 0x00C3, 0x00E4,
    0x0041, 0x0041, 0x0062, 0x00A3, 0x08E4, 0x0905, 0x0946, 0x0905, 0x0925, 0x0987, 0x09A8, 0x01A8, 0x0188, 0x0146, 0x0126, 0x0125,
    0x00E4, 0x00E4, 0x08E4, 0x1124, 0x1124, 0x1104, 0x10E4, 0x10E3, 0x10E3, 0x10E3, 0x10C3, 0x08A2, 0x0882, 0x0882, 0x08A3, 0x08E3,
    0x08E4, 0x08E4, 0x00C3, 0x00C3, 0x00C4, 0x00C4, 0x00C4, 0x00C4, 0x00C4, 0x00E4, 0x00E4, 0x00C4, 0x00C4, 0x0082, 0x0041, 0x0041,
    0x0021, 0x0021, 0x1061, 0x30C1, 0x2081, 0x1881, 0x1061, 0x0021, 0x0021, 0x0041, 0x0041, 0x0082, 0x00C4, 0x0105, 0x0105, 0x00E4,
    0x0021, 0x0041, 0x0041, 0x0061, 0x0061, 0x0062, 0x00A3, 0x1125, 0x11A8, 0x0946, 0x0105, 0x00E4, 0x00E4, 0x00E4, 0x0105, 0x0146,
    0x00C4, 0x00C4, 0x08C3, 0x1903, 0x10E3, 0x10C3, 0x10C3, 0x10C3, 0x08C3, 0x08A2, 0x0882, 0x0882, 0x0882, 0x0882, 0x0882, 0x0882,
    0x0882, 0x08A3, 0x08C3, 0x08E4, 0x00E4, 0x00E5, 0x00E4, 0x00C4, 0x00C4, 0x00E4, 0x00E5, 0x0105, 0x0905, 0x00E4, 0x00C4, 0x00C3,
    0x00A3, 0x0041, 0x0021, 0x0020, 0x0841, 0x0021, 0x0021, 0x0021, 0x0021, 0x0041, 0x0041, 0x0062, 0x00A3, 0x00E4, 0x0105, 0x0105,
    0x0021, 0x0041, 0x0041, 0x0041, 0x0041, 0x0041, 0x0041, 0x0082, 0x08E5, 0x0082, 0x00C4, 0x0168, 0x020B, 0x026E, 0x028E, 0x022C,
    0x00C4, 0x00A3, 0x0062, 0x0882, 0x08A2, 0x10C3, 0x10E3, 0x10A2, 0x10A2, 0x10A2, 0x08A2, 0x08A2, 0x0862, 0x0861, 0x0861, 0x0861,
    0x0861, 0x0861, 0x0861, 0x0882, 0x08A3, 0x00E4, 0x0105, 0x0105, 0x0105, 0x00E5, 0x00E4, 0x0105, 0x0125, 0x0126, 0x0926, 0x0926,
    0x0925, 0x08E4, 0x00A3, 0x0082, 0x0061, 0x0041, 0x0041, 0x0041, 0x0041, 0x0041, 0x0082, 0x08A3, 0x00C4, 0x00E4, 0x00E5, 0x0105,
    0x0041, 0x0041, 0x0041, 0x0041, 0x0041, 0x0041, 0x0041, 0x0062, 0x00A3, 0x0082, 0x01A9, 0x028F, 0x026E, 0x01EB, 0x0188, 0x0105,
    0x00A3, 0x0082, 0x0041, 0x0041, 0x0041, 0x0041, 0x0862, 0x10C2, 0x0882, 0x0882, 0x10A2, 0x0882, 0x0882, 0x0882, 0x0861, 0x0861,
    0x0841, 0x0841, 0x0841, 0x0841, 0x0841, 0x0861, 0x0082, 0x00C4, 0x0105, 0x0147, 0x0147, 0x0126, 0x0105, 0x0105, 0x0126, 0x0126,
    0x0926, 0x0925, 0x0905, 0x0905, 0x08E4, 0x00C4, 0x00A3, 0x00A3, 0x0083, 0x00C4, 0x00C4, 0x00E4, 0x0105, 0x0126, 0x0126, 0x0105,
    0x0021, 0x0021, 0x0041, 0x0041, 0x0041, 0x0041, 0x0041, 0x0062, 0x0083, 0x0062, 0x00C4, 0x00E5, 0x00A3, 0x00A3, 0x00A3, 0x0082,
    0x0062, 0x0041, 0x0041, 0x0061, 0x0061, 0x0041, 0x0041, 0x0882, 0x0882, 0x0861, 0x0861, 0x0862, 0x0882, 0x1081, 0x1081, 0x1081,
    0x1061, 0x0861, 0x0861, 0x1061, 0x1061, 0x1081, 0x1081, 0x1081, 0x0882, 0x00A3, 0x00E5, 0x0146, 0x0988, 0x0988, 0x0967, 0x0126,
    0x0126, 0x0105, 0x0926, 0x0925, 0x0925, 0x0905, 0x0905, 0x0105, 0x0105, 0x0105, 0x0105, 0x0105, 0x0126, 0x0126, 0x0126, 0x0105,
    0x0021, 0x0021, 0x0021, 0x0021, 0x0021, 0x0021, 0x0021, 0x0041, 0x0082, 0x0062, 0x0062, 0x0062, 0x0082, 0x0062, 0x0041, 0x0041,
    0x0041, 0x0041, 0x0041, 0x0862, 0x0061, 0x0061, 0x0861, 0x0882, 0x0041, 0x0041, 0x0861, 0x0861, 0x0881, 0x10A2, 0x0882, 0x1081,
    0x1082, 0x10A2, 0x1061, 0x1061, 0x1081, 0x1081, 0x18A1, 0x18A2, 0x1881, 0x1061, 0x0861, 0x0882, 0x00E4, 0x0126, 0x0167, 0x0167,
    0x0167, 0x0146, 0x0125, 0x0905, 0x0105, 0x0105, 0x0126, 0x0126, 0x0126, 0x0125, 0x0126, 0x0147, 0x0147, 0x0147, 0x0167, 0x0167,
    0x0021, 0x0021, 0x0021, 0x0021, 0x0021, 0x0021, 0x0021, 0x0041, 0x0061, 0x0041, 0x0041, 0x0041, 0x0082, 0x0062, 0x0062, 0x0062,
    0x0082, 0x0062, 0x0061, 0x0062, 0x0862, 0x0882, 0x0861, 0x0021, 0x0021, 0x0861, 0x0882, 0x0861, 0x0041, 0x0021, 0x0021, 0x0021,
    0x0021, 0x0041, 0x0861, 0x1081, 0x1081, 0x1061, 0x1081, 0x1881, 0x18A1, 0x18A1, 0x18A2, 0x18A1, 0x1081, 0x0861, 0x0082, 0x00E4,
    0x0146, 0x0967, 0x0167, 0x0146, 0x0926, 0x0925, 0x0125, 0x0126, 0x0146, 0x0147, 0x0167, 0x0167, 0x0146, 0x0126, 0x0105, 0x00C4,
    0x0041, 0x0041, 0x0041, 0x0021, 0x0041, 0x0021, 0x0021, 0x0021, 0x0021, 0x0021, 0x0021, 0x0021, 0x0021, 0x0041, 0x0062, 0x0082,
    0x0062, 0x0062, 0x0041, 0x0062, 0x0041, 0x0041, 0x0021, 0x0061, 0x0882, 0x0861, 0x0021, 0x0021, 0x0021, 0x0041, 0x0841, 0x0841,
    0x0041, 0x0021, 0x0021, 0x0841, 0x0861, 0x0861, 0x1061, 0x1081, 0x18A2, 0x20C2, 0x18C2, 0x18A2, 0x1881, 0x1881, 0x1081, 0x0861,
    0x0862, 0x00A3, 0x00E4, 0x0146, 0x0988, 0x0988, 0x0967, 0x0167, 0x0146, 0x0126, 0x00E5, 0x00A3, 0x0082, 0x0861, 0x0861, 0x1061,
    0x0021, 0x0041, 0x0841, 0x0861, 0x0841, 0x0841, 0x0021, 0x0021, 0x0021, 0x0041, 0x0041, 0x0062, 0x0041, 0x0021, 0x0021, 0x0021,
    0x0021, 0x0021, 0x0021, 0x0021, 0x0041, 0x0841, 0x0861, 0x0882, 0x0062, 0x0021, 0x0021, 0x0041, 0x0841, 0x0841, 0x0861, 0x0861,
    0x0841, 0x0041, 0x0041, 0x0861, 0x0041, 0x0841, 0x1081, 0x1081, 0x18A2, 0x18A2, 0x18A2, 0x20C2, 0x1881, 0x1881, 0x18A1, 0x1081,
    0x1061, 0x0841, 0x0041, 0x0083, 0x0105, 0x0147, 0x0105, 0x00A3, 0x0062, 0x0861, 0x0861, 0x1061, 0x1081, 0x1081, 0x1061, 0x1081,
};

static const uint16_t kBootFrame5[64 * 98] PROGMEM = {
    0x0021, 0x0021, 0x0021, 0x0041, 0x0021, 0x0021, 0x0021, 0x0021, 0x0021, 0x0021, 0x0021, 0x0021, 0x0021, 0x0021, 0x0021, 0x0021,
    0x0021, 0x0021, 0x0021, 0x0021, 0x0021, 0x0021, 0x0021, 0x0021, 0x0021, 0x0021, 0x0021, 0x0021, 0x0021, 0x0021, 0x0021, 0x0021,
    0x0021, 0x0021, 0x0021, 0x0021, 0x0021, 0x0021, 0x0021, 0x0021, 0x0021, 0x0021, 0x0021, 0x0021, 0x0021, 0x0021, 0x0021, 0x0021,
    0x0021, 0x0021, 0x0021, 0x0021, 0x0021, 0x0021, 0x0021, 0x0041, 0x0021, 0x0021, 0x0021, 0x0021, 0x0021, 0x0021, 0x0021, 0x0021,
    0x0021, 0x0021, 0x0021, 0x0041, 0x0041, 0x0041, 0x0021, 0x0021, 0x0021, 0x0021, 0x0021, 0x0021, 0x0021, 0x0021, 0x0021, 0x0021,
    0x0041, 0x0021, 0x0021, 0x0021, 0x0021, 0x0021, 0x0021, 0x0021, 0x0021, 0x0021, 0x0021, 0x0021, 0x0021, 0x0021, 0x0021, 0x0021,
    0x0021, 0x0021, 0x0021, 0x0021, 0x0021, 0x0021, 0x0021, 0x0021, 0x0021, 0x0021, 0x0021, 0x0021, 0x0021, 0x0021, 0x0021, 0x0041,
    0x0041, 0x0041, 0x0041, 0x0041, 0x0041, 0x0082, 0x01A7, 0x00C3, 0x0062, 0x0082, 0x0041, 0x0021, 0x0021, 0x0021, 0x0021, 0x0021,
    0x0021, 0x0021, 0x0041, 0x0021, 0x0021, 0x0021, 0x0021, 0x0021, 0x0021, 0x0041, 0x0041, 0x0021, 0x0021, 0x0021, 0x0021, 0x0021,
    0x0021, 0x0021, 0x0021, 0x0021, 0x0021, 0x0021, 0x0021, 0x0021, 0x0021, 0x0021, 0x0021, 0x0021, 0x0021, 0x0021, 0x0021, 0x0021,
    0x0021, 0x0021, 0x0021, 0x0021, 0x0021, 0x0021, 0x0021, 0x0021, 0x0021, 0x0021, 0x0021, 0x0021, 0x0041, 0x0062, 0x0062, 0x0041,
    0x0082, 0x00C4, 0x0166, 0x022A, 0x02EC, 0x0229, 0x032E, 0x04D5, 0x026B, 0x028C, 0x0166, 0x0061, 0x0041, 0x0021, 0x0021, 0x0021,
    0x0041, 0x0021, 0x0041, 0x0041, 0x0021, 0x0021, 0x0021, 0x0021, 0x0021, 0x0021, 0x0021, 0x0021, 0x0041, 0x0041, 0x0021, 0x0021,
    0x0021, 0x0021, 0x0021, 0x0021, 0x0021, 0x0021, 0x0021, 0x0021, 0x0021, 0x0021, 0x0021, 0x0021, 0x0021, 0x0021, 0x0021, 0x0021,
    0x0021, 0x0021, 0x0021, 0x0021, 0x0021, 0x0021, 0x0021, 0x0021, 0x0021, 0x0021, 0x0041, 0x0041, 0x0041, 0x0125, 0x038F, 0x0412,
    0x0453, 0x04F5, 0x0578, 0x0515, 0x0598, 0x05FA, 0x04D5, 0x061A, 0x05FA, 0x0599, 0x0598, 0x02CD, 0x00C3, 0x0041, 0x0021, 0x0021,
    0x0021, 0x0021, 0x0021, 0x0041, 0x0041, 0x0082, 0x0041, 0x0041, 0x0041, 0x0021, 0x0021, 0x0021, 0x0021, 0x0041, 0x0021, 0x0021,
    0x0021, 0x0021, 0x0021, 0x0021, 0x0021, 0x0021, 0x0021, 0x0021, 0x0021, 0x0021, 0x0021, 0x0021, 0x0021, 0x0021, 0x0021, 0x0021,
    0x0021, 0x0021, 0x0021, 0x0021, 0x0021, 0x0021, 0x0021, 0x0041, 0x0041, 0x0041, 0x0041, 0x00C3, 0x02ED, 0x0474, 0x04D5, 0x0453,
    0x024A, 0x01C7, 0x09C7, 0x0924, 0x1103, 0x11A6, 0x0945, 0x0965, 0x01C8, 0x03D1, 0x0578, 0x065C, 0x03B0, 0x00E4, 0x0041, 0x0021,
    0x0041, 0x0041, 0x0021, 0x0021, 0x0021, 0x0021, 0x0021, 0x0041, 0x0041, 0x0021, 0x0021, 0x0021, 0x0021, 0x0041, 0x0021, 0x0021,
    0x0041, 0x0021, 0x0021, 0x0021, 0x0021, 0x0021, 0x0021, 0x0021, 0x0041, 0x0021, 0x0021, 0x0021, 0x0021, 0x0021, 0x0021, 0x0021,
    0x0021, 0x0021, 0x0021, 0x0021, 0x0021, 0x0021, 0x0041, 0x0041, 0x0082, 0x0166, 0x032E, 0x04B4, 0x04B4, 0x034F, 0x0925, 0x2103,
    0x49C4, 0x59E3, 0x6A44, 0x51A3, 0x4983, 0x4184, 0x49A4, 0x51E4, 0x4142, 0x3102, 0x08E3, 0x030D, 0x04F6, 0x0453, 0x0126, 0x0041,
    0x0062, 0x0062, 0x0062, 0x0062, 0x0061, 0x0041, 0x0041, 0x0021, 0x0021, 0x0021, 0x0021, 0x0021, 0x0021, 0x0041, 0x0021, 0x0021,
    0x0041, 0x0021, 0x0021, 0x0021, 0x0021, 0x0021, 0x0021, 0x0021, 0x0041, 0x0041, 0x0021, 0x0021, 0x0021, 0x0021, 0x0021, 0x0021,
    0x0021, 0x0021, 0x0021, 0x0041, 0x0041, 0x0041, 0x0041, 0x0041, 0x01C8, 0x0557, 0x04F6, 0x024A, 0x10E3, 0x5245, 0x8348, 0xA3C8,
    0x9B46, 0x6A45, 0x4184, 0x3185, 0x3A49, 0x3249, 0x324A, 0x2209, 0x3207, 0x6245, 0x6A24, 0x28C1, 0x0904, 0x036F, 0x03D1, 0x024A,
    0x0021, 0x0021, 0x0021, 0x0041, 0x0041, 0x0062, 0x0062, 0x0062, 0x0041, 0x0061, 0x0062, 0x0021, 0x0041, 0x0041, 0x0021, 0x0021,
    0x0041, 0x0021, 0x0021, 0x0021, 0x0021, 0x0021, 0x0021, 0x0021, 0x0061, 0x0041, 0x0021, 0x0021, 0x0021, 0x0021, 0x0021, 0x0021,
    0x0021, 0x0021, 0x0041, 0x0041, 0x0041, 0x0061, 0x0862, 0x01C8, 0x0494, 0x036F, 0x08C3, 0x49E5, 0xA42A, 0xC48A, 0xBBE7, 0x92E5,
    0x6245, 0x62A8, 0x4A69, 0x2A6A, 0x1209, 0x026C, 0x028D, 0x0A4C, 0x120A, 0x19E8, 0x5205, 0x92C5, 0x59A2, 0x28E2, 0x0966, 0x02ED,
    0x0062, 0x0062, 0x0062, 0x0062, 0x0041, 0x0021, 0x0021, 0x0041, 0x0041, 0x0062, 0x00A3, 0x0021, 0x0041, 0x0062, 0x0062, 0x0062,
    0x0041, 0x0021, 0x0021, 0x0021, 0x0021, 0x0021, 0x0021, 0x0041, 0x0062, 0x0041, 0x0021, 0x0021, 0x0021, 0x0021, 0x0021, 0x0021,
    0x0041, 0x0041, 0x0041, 0x0041, 0x0061, 0x0882, 0x02AC, 0x0537, 0x028B, 0x2103, 0x8BC9, 0xC48A, 0xC428, 0x92E5, 0x59E4, 0x4183,
    0x7B49, 0x5267, 0x2A6A, 0x02ED, 0x0538, 0x0E3C, 0x05FB, 0x04F7, 0x02EF, 0x0A0B, 0x1209, 0x6224, 0x9B05, 0x8AC5, 0x5A87, 0x1986,
    0x0041, 0x0041, 0x0041, 0x0061, 0x0061, 0x0061, 0x0062, 0x0062, 0x0041, 0x0021, 0x0021, 0x0021, 0x0041, 0x0062, 0x0083, 0x00A3,
    0x0061, 0x0021, 0x0021, 0x0021, 0x0021, 0x0021, 0x0021, 0x0041, 0x0882, 0x0041, 0x0021, 0x0021, 0x0021, 0x0021, 0x0041, 0x0041,
    0x0041, 0x0061, 0x0862, 0x0862, 0x0862, 0x08E4, 0x04D5, 0x038F, 0x18E3, 0x93E9, 0xBC49, 0xA346, 0x7244, 0x49E5, 0x2944, 0x39A5,
    0x4A06, 0x4269, 0x12ED, 0x0E3B, 0x2F9F, 0x57BF, 0x5FBF, 0x375F, 0x15BB, 0x02EF, 0x120A, 0x29C6, 0x9AE5, 0xA346, 0x8AC5, 0x6266,
    0x0082, 0x0082, 0x0082, 0x0062, 0x0061, 0x0041, 0x0041, 0x0041, 0x0041, 0x0041, 0x0021, 0x0021, 0x0041, 0x0062, 0x0041, 0x0041,
    0x0041, 0x0021, 0x0021, 0x0021, 0x0021, 0x0021, 0x0021, 0x0041, 0x0882, 0x0041, 0x0021, 0x0021, 0x0021, 0x0021, 0x0041, 0x0061,
    0x0062, 0x08C3, 0x0987, 0x02CD, 0x026B, 0x030E, 0x0473, 0x08E3, 0x6AA6, 0x9306, 0x6A23, 0x51E4, 0x41C5, 0x3184, 0x10C2, 0x3164,
    0x3144, 0x3A49, 0x0C74, 0x2F7F, 0x67BF, 0x97BF, 0x8FBF, 0x6FBF, 0x371E, 0x0496, 0x0A0A, 0x1A29, 0x6224, 0x92C5, 0x9AE5, 0x8AA4,
    0x0041, 0x0041, 0x0061, 0x0062, 0x0062, 0x0082, 0x0082, 0x0062, 0x0062, 0x0061, 0x0041, 0x0041, 0x0062, 0x0062, 0x0041, 0x0041,
    0x0041, 0x0021, 0x0021, 0x0021, 0x0021, 0x0021, 0x0021, 0x0041, 0x0061, 0x0041, 0x0021, 0x0021, 0x0021, 0x0041, 0x0061, 0x0882,
    0x028B, 0x04F6, 0x0453, 0x03D1, 0x02AC, 0x02ED, 0x0187, 0x20C1, 0x51C3, 0x41A4, 0x39C5, 0x2944, 0x10A2, 0x2103, 0x0882, 0x10A2,
    0x18E3, 0x3A8A, 0x0D15, 0x47BF, 0x8FBF, 0x77BF, 0x57BF, 0x379F, 0x277F, 0x0D9A, 0x0A6C, 0x224A, 0x10E3, 0x41C5, 0x4A05, 0x51A3,
    0x00A3, 0x0083, 0x0082, 0x0062, 0x0062, 0x0061, 0x0041, 0x0061, 0x0062, 0x0062, 0x0082, 0x0041, 0x0062, 0x0082, 0x0041, 0x0041,
    0x0041, 0x0021, 0x0021, 0x0021, 0x0021, 0x0021, 0x0021, 0x0021, 0x0041, 0x0021, 0x0021, 0x0041, 0x0041, 0x0041, 0x08A3, 0x02AC,
    0x0432, 0x026A, 0x29A5, 0x62A7, 0x72E7, 0x7B48, 0x4A05, 0x20C2, 0x2102, 0x18E3, 0x10A2, 0x18C2, 0x10A2, 0x10C3, 0x0882, 0x0882,
    0x10C2, 0x3A49, 0x0C52, 0x1F7F, 0x4F9F, 0x2F9F, 0x279F, 0x0F7F, 0x1F5F, 0x15BA, 0x128C, 0x2A29, 0x08A3, 0x31A6, 0x31E7, 0x08E4,
    0x0061, 0x0062, 0x0082, 0x00A3, 0x00A3, 0x00A3, 0x00A3, 0x0083, 0x0082, 0x0062, 0x0062, 0x0041, 0x0062, 0x0062, 0x0041, 0x0041,
    0x0041, 0x0021, 0x0021, 0x0021, 0x0021, 0x0041, 0x0041, 0x0021, 0x0021, 0x0021, 0x0021, 0x0041, 0x0041, 0x0862, 0x028C, 0x03F2,
    0x1986, 0x7307, 0x9368, 0x82E6, 0x8AE6, 0xA387, 0xC46A, 0xA409, 0x3164, 0x0041, 0x0861, 0x10A2, 0x0882, 0x10A2, 0x0861, 0x0061,
    0x0882, 0x2986, 0x1AED, 0x05FA, 0x0F1F, 0x175F, 0x175F, 0x0F3F, 0x273F, 0x0CD7, 0x228C, 0x21C8, 0x0062, 0x2965, 0x39C6, 0x10C3,
    0x0041, 0x0041, 0x0062, 0x0082, 0x0862, 0x0882, 0x0882, 0x0082, 0x0082, 0x0882, 0x0082, 0x0041, 0x0062, 0x0062, 0x0041, 0x0041,
    0x0061, 0x0021, 0x0041, 0x0041, 0x0041, 0x0041, 0x0041, 0x0021, 0x0021, 0x0021, 0x0041, 0x0041, 0x0041, 0x0125, 0x0453, 0x11A7,
    0x7B07, 0x7A85, 0x30E1, 0x1860, 0x1860, 0x38E1, 0x7203, 0xC428, 0xABE8, 0x20C1, 0x0021, 0x0841, 0x1061, 0x0861, 0x0041, 0x0041,
    0x0062, 0x10A2, 0x29E8, 0x0B6F, 0x05BA, 0x069E, 0x06DE, 0x1F1E, 0x261B, 0x134F, 0x328B, 0x0905, 0x0882, 0x29A6, 0x31C7, 0x10E3,
    0x0061, 0x0041, 0x00A3, 0x00C4, 0x0862, 0x00C4, 0x00E5, 0x0862, 0x0062, 0x0082, 0x0041, 0x0041, 0x0062, 0x0082, 0x0041, 0x0061,
    0x0061, 0x0021, 0x0041, 0x0061, 0x0041, 0x0041, 0x0021, 0x0021, 0x0021, 0x0041, 0x0041, 0x0041, 0x0062, 0x02CC, 0x02AC, 0x5225,
    0x6A44, 0x1060, 0x0020, 0x0021, 0x0021, 0x0840, 0x28A0, 0x7223, 0xCC08, 0x7A64, 0x28C1, 0x61C3, 0x7A43, 0x6A03, 0x59A2, 0x3102,
    0x0062, 0x0082, 0x1146, 0x2229, 0x1AED, 0x0C53, 0x1516, 0x1C33, 0x230D, 0x2A8A, 0x11A7, 0x0861, 0x18A1, 0x1881, 0x0882, 0x00A3,
    0x0041, 0x0041, 0x0062, 0x0082, 0x0062, 0x00E4, 0x0126, 0x0862, 0x00A3, 0x0105, 0x0061, 0x0041, 0x0062, 0x0082, 0x0041, 0x0061,
    0x0041, 0x0021, 0x0041, 0x0041, 0x0041, 0x0021, 0x0021, 0x0021, 0x0041, 0x0041, 0x0041, 0x0041, 0x00C4, 0x03D1, 0x11C7, 0x6A85,
    0x28A1, 0x0020, 0x0020, 0x0020, 0x0021, 0x0021, 0x0840, 0x30E1, 0x92C4, 0xA325, 0xAB66, 0xD489, 0xD489, 0xCC69, 0xCC69, 0x9B67,
    0x2923, 0x00E5, 0x0147, 0x0988, 0x1A6B, 0x226A, 0x2A8B, 0x326A, 0x2A8A, 0x09E9, 0x08E3, 0x3901, 0x61A2, 0x5982, 0x3901, 0x0861,
    0x0041, 0x0041, 0x0062, 0x0082, 0x0061, 0x0882, 0x0083, 0x0061, 0x0082, 0x00A3, 0x0061, 0x0061, 0x0082, 0x0082, 0x0061, 0x0062,
    0x0061, 0x0021, 0x0041, 0x0021, 0x0021, 0x0021, 0x0021, 0x0041, 0x0041, 0x0041, 0x0041, 0x0062, 0x08C3, 0x02CD, 0x2984, 0x5A04,
    0x1040, 0x1040, 0x1040, 0x0820, 0x0021, 0x0021, 0x0020, 0x2080, 0x71E2, 0xA304, 0xCC48, 0xDCCA, 0xDD0B, 0xDD0B, 0xEDCF, 0xEE52,
    0x9C0B, 0x2944, 0x00A3, 0x00C4, 0x0188, 0x0146, 0x0946, 0x0146, 0x0146, 0x1945, 0x4962, 0x92C5, 0xAB45, 0x92E5, 0x8AA4, 0x4122,
    0x0041, 0x0061, 0x0082, 0x0082, 0x0862, 0x0082, 0x0082, 0x0061, 0x0082, 0x0082, 0x0061, 0x0062, 0x0882, 0x0062, 0x0061, 0x0062,
    0x0061, 0x0021, 0x0041, 0x0021, 0x0021, 0x0041, 0x0021, 0x0041, 0x0061, 0x0041, 0x0041, 0x0061, 0x08E4, 0x0390, 0x31A5, 0x4963,
    0x1040, 0x1860, 0x1040, 0x0020, 0x0021, 0x0021, 0x0021, 0x1040, 0x5982, 0xB386, 0xD489, 0xDCAA, 0xDCEB, 0xE58E, 0xE5D0, 0xB48C,
    0x6A65, 0x20C1, 0x0820, 0x0041, 0x0062, 0x0041, 0x0861, 0x2923, 0x5A46, 0x9368, 0xA326, 0xC3E7, 0xBBE7, 0xB3A6, 0xBBA7, 0x92A4,
    0x0062, 0x0061, 0x0082, 0x0082, 0x0862, 0x0082, 0x0082, 0x0062, 0x0082, 0x0082, 0x0082, 0x0083, 0x0862, 0x0061, 0x0061, 0x0062,
    0x0061, 0x0021, 0x0041, 0x0021, 0x0021, 0x0041, 0x0021, 0x0041, 0x0061, 0x0041, 0x0041, 0x0061, 0x08C4, 0x0370, 0x2165, 0x4122,
    0x2060, 0x2060, 0x1040, 0x0840, 0x0021, 0x0021, 0x0021, 0x1881, 0x9B05, 0xCC48, 0xD489, 0xDCCA, 0xD4AA, 0xC46A, 0x6A66, 0x2081,
    0x1040, 0x0840, 0x0820, 0x0020, 0x0020, 0x0020, 0x0840, 0x59E4, 0xCD4F, 0xEE32, 0xCC8A, 0xCC69, 0xCC49, 0xC408, 0xC408, 0xB3A7,
    0x0062, 0x0062, 0x0082, 0x0082, 0x0862, 0x0082, 0x0083, 0x0862, 0x0082, 0x00A3, 0x0882, 0x0882, 0x0862, 0x0061, 0x0061, 0x0062,
    0x0062, 0x0041, 0x0041, 0x0021, 0x0021, 0x0041, 0x0041, 0x0041, 0x0061, 0x0041, 0x0041, 0x0061, 0x0882, 0x034F, 0x19A6, 0x4942,
    0x28A0, 0x2880, 0x1860, 0x0840, 0x0021, 0x0021, 0x1061, 0x8306, 0xD489, 0xD468, 0xD489, 0xD448, 0xAB46, 0x4942, 0x1860, 0x0840,
    0x0020, 0x0820, 0x1061, 0x1061, 0x0841, 0x0041, 0x0841, 0x1881, 0x93CA, 0xEE53, 0xDD0C, 0xD48A, 0xCC69, 0xCC49, 0xCC69, 0xD54E,
    0x0061, 0x0862, 0x0882, 0x00A3, 0x0862, 0x0882, 0x00A3, 0x0862, 0x0882, 0x00A3, 0x0882, 0x08A3, 0x00A3, 0x00A3, 0x0082, 0x0882,
    0x0041, 0x0041, 0x0041, 0x0021, 0x0041, 0x0041, 0x0021, 0x0041, 0x0061, 0x0041, 0x0041, 0x0061, 0x0862, 0x022B, 0x024B, 0x38E1,
    0x38C1, 0x30A1, 0x2080, 0x1040, 0x0020, 0x0841, 0x7B07, 0xDD2C, 0xD468, 0xD489, 0xD448, 0xA305, 0x4942, 0x1860, 0x1040, 0x0020,
    0x0020, 0x0841, 0x18C2, 0x18E3, 0x08A3, 0x0041, 0x0021, 0x0841, 0x3143, 0xC4AC, 0xD4AA, 0xD4AA, 0xCC49, 0xC429, 0xD4AB, 0xEE32,
    0x0082, 0x0082, 0x00C4, 0x00C4, 0x0882, 0x0883, 0x08A3, 0x0882, 0x0882, 0x00A3, 0x0082, 0x0082, 0x00C4, 0x00E4, 0x00E5, 0x00C4,
    0x0082, 0x0041, 0x0041, 0x0021, 0x0041, 0x0041, 0x0021, 0x0041, 0x0062, 0x0041, 0x0041, 0x0041, 0x0862, 0x08E4, 0x030F, 0x1924,
    0x38C1, 0x40E1, 0x30C1, 0x1060, 0x0020, 0x49E4, 0xD52C, 0xD448, 0xCC07, 0xD489, 0xD4AA, 0xAB46, 0x4921, 0x30C1, 0x1860, 0x0020,
    0x2123, 0x736C, 0x8C2F, 0x6B4C, 0x3A08, 0x10E3, 0x0021, 0x0820, 0x1061, 0x7AA6, 0xCC6A, 0xD4AB, 0xC449, 0xC449, 0xC48B, 0x93CA,
    0x00A3, 0x00C3, 0x0126, 0x0106, 0x0882, 0x08A3, 0x08A3, 0x0882, 0x0882, 0x00A3, 0x0082, 0x0082, 0x0882, 0x0882, 0x0882, 0x0082,
    0x0062, 0x0041, 0x0041, 0x0021, 0x0041, 0x0041, 0x0021, 0x0041, 0x0062, 0x0041, 0x0041, 0x0041, 0x0061, 0x0862, 0x01EA, 0x028D,
    0x18A2, 0x30C1, 0x38C1, 0x1860, 0x0861, 0x9BEA, 0xD4A9, 0xC3A6, 0xD448, 0xDCCA, 0xDCEB, 0xCC69, 0x8264, 0x3901, 0x28A1, 0x1040,
    0x734B, 0xB552, 0x842F, 0x6B4D, 0x1904, 0x29C7, 0x0041, 0x0840, 0x1881, 0x8AE6, 0xD4AB, 0xCCAB, 0xC46A, 0xC46A, 0x8B48, 0x18E3,
    0x0882, 0x0882, 0x08A3, 0x08A3, 0x0882, 0x08A3, 0x00A3, 0x0882, 0x0882, 0x00A3, 0x0082, 0x00A3, 0x0882, 0x0882, 0x0862, 0x0862,
    0x0061, 0x0041, 0x0041, 0x0021, 0x0041, 0x0041, 0x0021, 0x0041, 0x0062, 0x0041, 0x0041, 0x0041, 0x0061, 0x0862, 0x0882, 0x01EA,
    0x022B, 0x1082, 0x2080, 0x1040, 0x3163, 0xBC8A, 0xBBA6, 0xC407, 0xE54D, 0xEE31, 0xEE73, 0xEE32, 0xC46A, 0x5982, 0x30C1, 0x28A1,
    0x62A8, 0x5247, 0x1082, 0x10C3, 0x0146, 0x1966, 0x0882, 0x0840, 0x20A1, 0xABC8, 0xD4AA, 0xCC8A, 0xC46A, 0xBC6B, 0x5226, 0x0082,
    0x0082, 0x0882, 0x0882, 0x0882, 0x0882, 0x08A3, 0x00A3, 0x0882, 0x0882, 0x00A3, 0x00E4, 0x0106, 0x00A3, 0x00C3, 0x00A3, 0x00A3,
    0x0062, 0x0061, 0x0041, 0x0021, 0x0041, 0x0041, 0x0041, 0x0041, 0x0862, 0x0061, 0x0061, 0x0061, 0x0061, 0x0062, 0x0862, 0x08A3,
    0x01A8, 0x022B, 0x0105, 0x0041, 0x39A4, 0xC46A, 0xAB45, 0xD48A, 0xEE31, 0xF6B4, 0xF6D5, 0xF6F6, 0xF694, 0xBC8C, 0x59A3, 0x30E1,
    0x28C2, 0x28E2, 0x0840, 0x0062, 0x1104, 0x10C3, 0x1881, 0x1840, 0x4122, 0xC449, 0xDD0B, 0xDCEB, 0xD48A, 0xAC2B, 0x1924, 0x29A6,
    0x00E4, 0x00C3, 0x00A3, 0x0882, 0x0882, 0x08A3, 0x08A3, 0x0882, 0x08A3, 0x00C3, 0x08C3, 0x00C4, 0x0882, 0x0882, 0x0882, 0x0882,
    0x0061, 0x0041, 0x0041, 0x0021, 0x0041, 0x0041, 0x0041, 0x0062, 0x0882, 0x0966, 0x0187, 0x00C3, 0x0062, 0x0062, 0x0062, 0x0882,
    0x0882, 0x0105, 0x022B, 0x01EA, 0x41C4, 0xABE8, 0xA305, 0xD4EC, 0xEE73, 0xEE94, 0xF6D6, 0xF717, 0xF6F6, 0xF6D5, 0xBC8C, 0x5182,
    0x30C1, 0x28E2, 0x1881, 0x08A2, 0x2123, 0x1061, 0x2080, 0x4962, 0xABC8, 0xE54C, 0xEDAE, 0xED6D, 0xE50B, 0xB48D, 0x1104, 0x0882,
    0x0082, 0x0082, 0x00A3, 0x0882, 0x0882, 0x08A3, 0x08A3, 0x0882, 0x08A3, 0x00C4, 0x00C3, 0x08A3, 0x0882, 0x0862, 0x0862, 0x0862,
    0x0061, 0x0041, 0x0041, 0x0021, 0x0041, 0x0061, 0x0041, 0x0862, 0x0104, 0x1A28, 0x11A7, 0x0146, 0x0862, 0x0062, 0x0862, 0x0882,
    0x08A2, 0x08A3, 0x0126, 0x028D, 0x10E3, 0x9B87, 0x9B25, 0xBC8C, 0xE612, 0xEE94, 0xF6B5, 0xF6F6, 0xF6F7, 0xF717, 0xF694, 0xC4ED,
    0x82E7, 0x4142, 0x20A1, 0x2081, 0x28A1, 0x4122, 0x82C6, 0xD54E, 0xF673, 0xEDF0, 0xED6D, 0xE52C, 0xE4EB, 0xCD0D, 0x3A07, 0x0000,
    0x08C4, 0x08A3, 0x00E4, 0x08A3, 0x0882, 0x08A3, 0x08A3, 0x0882, 0x00C4, 0x0126, 0x00C4, 0x00C4, 0x00A3, 0x00C3, 0x0882, 0x0882,
    0x0061, 0x0041, 0x0041, 0x0021, 0x0041, 0x0061, 0x0041, 0x0862, 0x0125, 0x1A08, 0x1124, 0x0146, 0x0882, 0x0862, 0x0882, 0x0882,
    0x08A3, 0x08A3, 0x00C4, 0x02AE, 0x09E9, 0x49A3, 0x8AC4, 0x9BA9, 0xC550, 0xE633, 0xEE94, 0xEEB5, 0xF6F6, 0xF6F6, 0xF717, 0xF717,
    0xEE94, 0xCD70, 0xB4AD, 0xAC4B, 0xBC8C, 0xD52E, 0xEE73, 0xF6F5, 0xF6F6, 0xF6B4, 0xEDAE, 0xDD2C, 0xCC69, 0xDD0B, 0x9C4D, 0x1082,
    0x00C4, 0x00C4, 0x0147, 0x00E4, 0x0882, 0x08A3, 0x00C3, 0x0882, 0x08A3, 0x00C4, 0x0882, 0x0883, 0x0883, 0x08A3, 0x0882, 0x08A3,
    0x0062, 0x0061, 0x0041, 0x0021, 0x0041, 0x0061, 0x0041, 0x0862, 0x0125, 0x2269, 0x1945, 0x0167, 0x0882, 0x0882, 0x0882, 0x08A3,
    0x08A3, 0x00C3, 0x00C4, 0x0146, 0x028D, 0x08E4, 0x6A23, 0x8B27, 0x9C2D, 0xC570, 0xE633, 0xEE74, 0xEEB5, 0xF6D6, 0xF6F6, 0xF6F7,
    0xE6B6, 0xB551, 0xC592, 0xF6F6, 0xF6F6, 0xF6F6, 0xF717, 0xF738, 0xFF59, 0xEEF6, 0x9C0B, 0x49E4, 0x3963, 0x51E4, 0x8BCC, 0x634C,
    0x08A3, 0x0882, 0x08A3, 0x08A3, 0x0882, 0x08C3, 0x00C4, 0x0882, 0x00C4, 0x00E5, 0x0882, 0x0862, 0x0882, 0x08A3, 0x0882, 0x0882,
    0x0062, 0x0061, 0x0041, 0x0021, 0x0061, 0x0062, 0x0061, 0x0882, 0x0105, 0x1A08, 0x1124, 0x0187, 0x08A3, 0x08A3, 0x08A3, 0x00A3,
    0x00C4, 0x0126, 0x0167, 0x0188, 0x028D, 0x028D, 0x10A2, 0x5182, 0x8307, 0xA48E, 0xBD51, 0xD613, 0xEE95, 0xEEB5, 0xEED6, 0xF6F7,
    0xDE75, 0xA48F, 0x7B6B, 0xEEB5, 0xF6F6, 0xF738, 0xF738, 0xF759, 0xFF7A, 0xAD11, 0x51C4, 0x5A26, 0x3984, 0x1904, 0x21A7, 0x7C92,
    0x00E4, 0x00C4, 0x00E4, 0x00E4, 0x00C4, 0x0127, 0x0126, 0x08A3, 0x0105, 0x08C3, 0x0882, 0x0882, 0x0882, 0x08A3, 0x00A3, 0x0882,
    0x0062, 0x0061, 0x0061, 0x0041, 0x0061, 0x0862, 0x0062, 0x0882, 0x00E4, 0x11E7, 0x10E3, 0x0187, 0x08A3, 0x08A3, 0x00C4, 0x0147,
    0x022B, 0x024C, 0x01CA, 0x0188, 0x0126, 0x00E4, 0x0041, 0x1040, 0x30E1, 0x72E8, 0x9C6E, 0xAD10, 0xCDF3, 0xDE75, 0xE6B6, 0xEEB6,
    0xF6D6, 0xF717, 0xB552, 0xB510, 0xF717, 0xF738, 0xF739, 0xF759, 0xFF79, 0x944E, 0x18A2, 0x2103, 0x2924, 0x1125, 0x0946, 0x3B4E,
    0x0882, 0x0882, 0x0882, 0x0882, 0x08A3, 0x08C4, 0x00C4, 0x00C4, 0x00C4, 0x08A3, 0x00A3, 0x00C4, 0x00E4, 0x00C4, 0x00A3, 0x0882,
    0x0061, 0x0062, 0x0061, 0x0041, 0x0061, 0x0862, 0x0862, 0x0882, 0x00C4, 0x19E7, 0x2144, 0x0167, 0x00C4, 0x00E4, 0x01C9, 0x022B,
    0x01C9, 0x0946, 0x08A3, 0x0062, 0x0041, 0x0020, 0x0021, 0x28A1, 0x1880, 0x30E1, 0x6A87, 0x8C4E, 0x9CF2, 0xAD73, 0xC5F4, 0xDE76,
    0xE6B6, 0xEED7, 0xEEF7, 0xACF1, 0xB572, 0xEEF7, 0xF718, 0xF738, 0xFF59, 0xBD93, 0x2124, 0x0882, 0x08C3, 0x0105, 0x0987, 0x74B3,
    0x0882, 0x0882, 0x0882, 0x0882, 0x0882, 0x0882, 0x00A3, 0x00E5, 0x08A3, 0x0882, 0x08A3, 0x08A3, 0x08A3, 0x08A3, 0x08A3, 0x0882,
    0x0061, 0x0061, 0x0061, 0x0041, 0x0061, 0x0862, 0x0862, 0x0882, 0x00C4, 0x19E7, 0x1903, 0x0167, 0x00E4, 0x01EA, 0x0A2A, 0x1966,
    0x08C4, 0x0062, 0x0021, 0x0041, 0x0881, 0x0861, 0x0841, 0x30E1, 0x30C1, 0x40E1, 0x4962, 0x6287, 0x7BCC, 0x8C91, 0x8D33, 0xA5B5,
    0xC615, 0xD656, 0xE6B6, 0xE6B7, 0xA532, 0x9513, 0xC677, 0xDEF9, 0xE71A, 0xBEB9, 0x3C32, 0x0A2A, 0x01C9, 0x0ACD, 0x4C93, 0x7618,
    0x00C4, 0x08C4, 0x08C4, 0x08C4, 0x08C4, 0x08A3, 0x00A3, 0x00A3, 0x08A3, 0x0105, 0x08A3, 0x08A3, 0x08A3, 0x0882, 0x0882, 0x0882,
    0x0062, 0x0062, 0x0862, 0x0041, 0x0062, 0x0862, 0x0882, 0x08A3, 0x0105, 0x11E8, 0x18E3, 0x0187, 0x0147, 0x02CE, 0x2944, 0x10E3,
    0x0061, 0x0020, 0x2923, 0x41C4, 0x4A05, 0x41A4, 0x2103, 0x18C2, 0x1881, 0x30C1, 0x5982, 0x6A24, 0x7329, 0x83ED, 0x8470, 0x7CF3,
    0x7D55, 0x8DB6, 0xAE17, 0xCE77, 0xE6D7, 0xC615, 0x7D34, 0x6596, 0x5E39, 0x4E7B, 0x2DF9, 0x0C12, 0x1D36, 0x469C, 0x3E7B, 0x1DD8,
    0x08C3, 0x08C4, 0x00C4, 0x00E4, 0x00E4, 0x00E4, 0x00C4, 0x00C4, 0x00E4, 0x0147, 0x0105, 0x0126, 0x0105, 0x00C4, 0x0882, 0x0882,
    0x0062, 0x0862, 0x0862, 0x0041, 0x0062, 0x0882, 0x0882, 0x00C4, 0x020A, 0x19C7, 0x0882, 0x0167, 0x01C9, 0x024C, 0x28E2, 0x18C2,
    0x3184, 0x4A06, 0x41C5, 0x3964, 0x2903, 0x2902, 0x18C2, 0x2103, 0x2103, 0x18C2, 0x28E1, 0x59C3, 0x8B48, 0x940D, 0x946E, 0x8C70,
    0x7492, 0x6515, 0x65B8, 0x6E39, 0x8E9A, 0xBEDA, 0xCEFA, 0xB699, 0x8E18, 0x6619, 0x35D8, 0x2557, 0x1DF9, 0x1DD8, 0x0CB4, 0x036F,
    0x0882, 0x08A3, 0x08A3, 0x00A3, 0x08A3, 0x08A3, 0x0882, 0x08A2, 0x08A3, 0x08C3, 0x08A3, 0x08A3, 0x00A3, 0x00A3, 0x0882, 0x0882,
    0x0062, 0x0882, 0x0882, 0x0041, 0x0862, 0x0882, 0x08A3, 0x09C8, 0x11E8, 0x2123, 0x0061, 0x01A8, 0x026D, 0x3227, 0x62A7, 0x5246,
    0x5267, 0x41E5, 0x3164, 0x3984, 0x4184, 0x49C5, 0x3164, 0x2103, 0x18C2, 0x20E3, 0x10C3, 0x18C2, 0x7265, 0xB44B, 0xB50F, 0xACCF,
    0x9490, 0x7CB1, 0x5CB3, 0x3CF6, 0x2D78, 0x363A, 0x5E9B, 0x7F1C, 0x7F5E, 0x775E, 0x56BC, 0x2CB4, 0x0B2E, 0x024B, 0x0188, 0x0126,
    0x0147, 0x0126, 0x0105, 0x0105, 0x00E5, 0x00E5, 0x08A3, 0x0882, 0x08A3, 0x08A3, 0x08A3, 0x0882, 0x0882, 0x0882, 0x0882, 0x0882,
    0x0062, 0x0882, 0x08A3, 0x0041, 0x0862, 0x0882, 0x00E4, 0x1A28, 0x2923, 0x2943, 0x0061, 0x0146, 0x4A88, 0x5A66, 0x2923, 0x10A2,
    0x0882, 0x0841, 0x0861, 0x0861, 0x10A2, 0x18E3, 0x2944, 0x2124, 0x2944, 0x20E3, 0x10A2, 0x0882, 0x10C2, 0x7AC6, 0xDDB0, 0xD5D2,
    0xBD71, 0xA4F1, 0x84D2, 0x5CD4, 0x3473, 0x2C53, 0x1C12, 0x0BF1, 0x0AEC, 0x128B, 0x0966, 0x0082, 0x00A3, 0x020B, 0x01A9, 0x0126,
    0x0147, 0x0106, 0x0105, 0x0106, 0x0126, 0x0147, 0x00A3, 0x08A3, 0x00E5, 0x00E4, 0x00E4, 0x00C4, 0x00C4, 0x00A3, 0x00A3, 0x0882,
    0x0062, 0x0082, 0x00A3, 0x0062, 0x0882, 0x08A3, 0x00E4, 0x19E7, 0x2923, 0x3163, 0x0061, 0x2923, 0x6287, 0x2103, 0x0882, 0x0841,
    0x0021, 0x0021, 0x0021, 0x0021, 0x0020, 0x0041, 0x0861, 0x10A2, 0x2104, 0x2944, 0x2103, 0x10A2, 0x0082, 0x18E3, 0xA3EA, 0xE633,
    0xE674, 0xD5F3, 0xAD52, 0x8D13, 0x6D14, 0x54D5, 0x2D16, 0x0B6F, 0x0021, 0x0000, 0x0020, 0x0082, 0x00C4, 0x01A8, 0x020A, 0x0188,
    0x0082, 0x0882, 0x08A3, 0x08A3, 0x08A3, 0x08A3, 0x0882, 0x08A3, 0x08A3, 0x0882, 0x0082, 0x0082, 0x0882, 0x0882, 0x0882, 0x0882,
    0x0862, 0x0082, 0x00A3, 0x0062, 0x0882, 0x08A3, 0x00E5, 0x19E8, 0x2923, 0x2923, 0x0841, 0x2943, 0x3144, 0x18C2, 0x0041, 0x0021,
    0x0021, 0x0021, 0x0041, 0x0041, 0x0021, 0x0021, 0x0021, 0x0020, 0x0041, 0x10A2, 0x18E3, 0x18E3, 0x10E3, 0x00C4, 0x3143, 0xCD0E,
    0xEEB5, 0xEEB6, 0xDE55, 0xBDB3, 0x9554, 0x7D55, 0x4577, 0x128B, 0x0020, 0x0021, 0x0082, 0x00A3, 0x0082, 0x01E9, 0x022B, 0x02CD,
    0x0083, 0x08A3, 0x08A3, 0x08A3, 0x08A3, 0x08A3, 0x08A3, 0x08A3, 0x0882, 0x0882, 0x0882, 0x0862, 0x0862, 0x0862, 0x0882, 0x0882,
    0x0062, 0x0083, 0x00A3, 0x0862, 0x0882, 0x08A3, 0x00E5, 0x11E8, 0x2943, 0x2902, 0x0041, 0x10A1, 0x10A2, 0x0041, 0x0021, 0x0021,
    0x0861, 0x20C2, 0x20E3, 0x2903, 0x2903, 0x20E2, 0x1081, 0x0021, 0x0021, 0x0021, 0x0861, 0x0882, 0x10A2, 0x1124, 0x0905, 0x6AC7,
    0xE633, 0xF6F7, 0xEEB6, 0xE675, 0xCE15, 0xADD5, 0x8575, 0x4289, 0x0021, 0x0041, 0x00A3, 0x00A3, 0x01A8, 0x0188, 0x01A8, 0x132E,
    0x08A3, 0x08C3, 0x08C4, 0x08C4, 0x00C4, 0x00C4, 0x00C4, 0x00C3, 0x00A3, 0x00A3, 0x00A3, 0x08A3, 0x0882, 0x0882, 0x0882, 0x08A3,
    0x0062, 0x0083, 0x00C4, 0x0882, 0x0882, 0x00A3, 0x0146, 0x09E8, 0x2103, 0x2943, 0x0041, 0x0841, 0x0841, 0x0021, 0x0021, 0x10A2,
    0x5A45, 0x5205, 0x5A05, 0x5205, 0x5205, 0x41A5, 0x3144, 0x18A2, 0x0021, 0x0021, 0x0021, 0x0021, 0x0041, 0x08C3, 0x0146, 0x09A8,
    0x7B6A, 0xE654, 0xEED6, 0xEED7, 0xE6B7, 0xD677, 0xA5B5, 0x4A89, 0x0041, 0x00A3, 0x00E5, 0x0167, 0x020A, 0x00A3, 0x01C9, 0x32AA,
    0x0041, 0x0041, 0x0061, 0x0062, 0x0061, 0x0041, 0x0041, 0x0061, 0x0062, 0x0062, 0x0041, 0x0061, 0x0061, 0x0062, 0x0062, 0x0882,
    0x0061, 0x00A3, 0x00C4, 0x0882, 0x0882, 0x00C4, 0x11E8, 0x31C5, 0x20C2, 0x18C2, 0x0041, 0x0841, 0x0041, 0x0041, 0x0020, 0x6AA6,
    0x93A9, 0x5A25, 0x5A05, 0x5205, 0x5206, 0x5226, 0x3984, 0x20E2, 0x0861, 0x0041, 0x20C2, 0x0861, 0x0021, 0x0041, 0x0082, 0x0146,
    0x09A8, 0x7B8B, 0xE675, 0xEED7, 0xEED7, 0xD697, 0xA5D6, 0x4A88, 0x0062, 0x00E4, 0x01A9, 0x0167, 0x0082, 0x00C3, 0x128B, 0x4268,
    0x0041, 0x0041, 0x0041, 0x0061, 0x0061, 0x0041, 0x0061, 0x0082, 0x0862, 0x0062, 0x0062, 0x0062, 0x0041, 0x0061, 0x0862, 0x0882,
    0x0882, 0x08A3, 0x00C4, 0x0882, 0x0882, 0x00E5, 0x21E8, 0x3163, 0x0841, 0x1061, 0x20C1, 0x1081, 0x0021, 0x0020, 0x2943, 0xB4AB,
    0x72A6, 0x49A4, 0x3123, 0x2103, 0x2123, 0x3144, 0x41C5, 0x3164, 0x1082, 0x0041, 0x2103, 0x2943, 0x10A2, 0x0041, 0x0041, 0x0062,
    0x0146, 0x09C8, 0x8C2D, 0xE696, 0xE6D8, 0xCE98, 0xA573, 0x39C5, 0x0082, 0x0147, 0x0147, 0x0062, 0x00A3, 0x0105, 0x1A6A, 0x3164,
    0x0041, 0x0041, 0x0041, 0x0061, 0x0061, 0x0041, 0x0062, 0x00C3, 0x08A3, 0x08A3, 0x08A3, 0x0082, 0x0041, 0x0062, 0x0882, 0x08A3,
    0x00C3, 0x08A3, 0x00A3, 0x0882, 0x0882, 0x00C4, 0x1187, 0x2943, 0x3184, 0x49E5, 0x2903, 0x10A2, 0x0021, 0x0020, 0x6AE7, 0xA3E9,
    0x4183, 0x31A5, 0x22CB, 0x1B0C, 0x1249, 0x1104, 0x2103, 0x41A5, 0x20E3, 0x0041, 0x0041, 0x3143, 0x39A5, 0x18E3, 0x0021, 0x0020,
    0x0041, 0x0167, 0x1A09, 0xA4B0, 0xD676, 0xC616, 0x83ED, 0x10C3, 0x0167, 0x0126, 0x0062, 0x00C4, 0x0126, 0x01A7, 0x2A07, 0x2103,
    0x0061, 0x0061, 0x0062, 0x0061, 0x0061, 0x0041, 0x0041, 0x00A3, 0x08A3, 0x08A3, 0x0882, 0x0862, 0x0041, 0x0061, 0x0862, 0x0882,
    0x08A3, 0x08A3, 0x0882, 0x0882, 0x08A3, 0x00E4, 0x0967, 0x5A66, 0x62C7, 0x3184, 0x2103, 0x1082, 0x0021, 0x0861, 0x9C2B, 0x7286,
    0x2923, 0x1A08, 0x1536, 0x0E9B, 0x0C32, 0x1104, 0x1082, 0x3144, 0x2924, 0x0861, 0x0020, 0x0861, 0x39A5, 0x2944, 0x0862, 0x0882,
    0x0041, 0x0041, 0x0126, 0x2A08, 0x9CD0, 0xA511, 0x4227, 0x0167, 0x00C4, 0x0041, 0x00C4, 0x0147, 0x0146, 0x1229, 0x4207, 0x2944,
    0x0041, 0x0041, 0x0041, 0x0041, 0x0041, 0x0041, 0x0041, 0x0041, 0x0061, 0x0041, 0x0041, 0x0041, 0x0041, 0x0041, 0x0041, 0x0061,
    0x0061, 0x0062, 0x0061, 0x0882, 0x08A3, 0x0105, 0x29E7, 0x6AA6, 0x2943, 0x2123, 0x18E3, 0x0861, 0x0021, 0x18C2, 0xA44B, 0x51E4,
    0x20E2, 0x1945, 0x136F, 0x0CF5, 0x11A7, 0x10C3, 0x0882, 0x18E3, 0x2944, 0x10A2, 0x0021, 0x0021, 0x0861, 0x2944, 0x3185, 0x1125,
    0x0083, 0x0041, 0x0021, 0x0146, 0x32AA, 0x5AC9, 0x1166, 0x00E4, 0x0021, 0x0082, 0x0167, 0x0147, 0x0167, 0x2269, 0x39A5, 0x2103,
    0x0021, 0x0021, 0x0021, 0x0021, 0x0021, 0x0021, 0x0021, 0x0021, 0x0021, 0x0021, 0x0021, 0x0021, 0x0021, 0x0021, 0x0021, 0x0041,
    0x0041, 0x0061, 0x0862, 0x0882, 0x08A3, 0x00E5, 0x29C6, 0x5A46, 0x5267, 0x4A26, 0x20E3, 0x0882, 0x0041, 0x3164, 0x9C0A, 0x3122,
    0x10A2, 0x1208, 0x0CB4, 0x0ACC, 0x1104, 0x10E3, 0x08A2, 0x18C3, 0x2944, 0x08A3, 0x0041, 0x0021, 0x0862, 0x0861, 0x1904, 0x1986,
    0x0926, 0x0905, 0x0083, 0x0062, 0x0926, 0x1925, 0x0126, 0x0041, 0x08C4, 0x00C4, 0x0146, 0x0126, 0x0A0A, 0x29C7, 0x2923, 0x10A2,
    0x0021, 0x0021, 0x0021, 0x0021, 0x0021, 0x0021, 0x0021, 0x0021, 0x0021, 0x0021, 0x0021, 0x0041, 0x0041, 0x0041, 0x0041, 0x0061,
    0x0061, 0x0882, 0x0882, 0x0882, 0x08A3, 0x00E4, 0x21A6, 0x5A86, 0x39E5, 0x3143, 0x18C2, 0x0882, 0x0041, 0x2943, 0x8369, 0x20C2,
    0x10A2, 0x0B6F, 0x0C93, 0x09A7, 0x0ACC, 0x0904, 0x08A2, 0x18E3, 0x2124, 0x08A3, 0x0062, 0x0021, 0x0882, 0x0861, 0x0021, 0x00A3,
    0x0125, 0x0966, 0x0905, 0x10C3, 0x0083, 0x0967, 0x00C3, 0x0083, 0x0905, 0x00C4, 0x00E5, 0x01C9, 0x12AC, 0x2944, 0x18E2, 0x0882,
    0x0041, 0x0041, 0x0061, 0x0061, 0x0041, 0x0021, 0x0021, 0x0021, 0x0041, 0x0041, 0x0041, 0x0041, 0x0041, 0x0061, 0x0062, 0x0062,
    0x0862, 0x0862, 0x0882, 0x0882, 0x0882, 0x00C4, 0x1986, 0x5A65, 0x3143, 0x3122, 0x18C2, 0x10A2, 0x0021, 0x3164, 0x9BEA, 0x3102,
    0x10A2, 0x09C8, 0x0CF5, 0x0D16, 0x0BB0, 0x08E3, 0x0882, 0x2923, 0x2944, 0x0904, 0x00A4, 0x0021, 0x0861, 0x0882, 0x08A3, 0x0083,
    0x0041, 0x0083, 0x0882, 0x29A6, 0x1104, 0x0126, 0x0105, 0x0146, 0x0126, 0x0105, 0x01A9, 0x024B, 0x2269, 0x3144, 0x18C2, 0x0882,
    0x0061, 0x0061, 0x0062, 0x0041, 0x0041, 0x0021, 0x0041, 0x0041, 0x0041, 0x0062, 0x0062, 0x0062, 0x0862, 0x0862, 0x0882, 0x0882,
    0x0882, 0x0882, 0x0882, 0x0862, 0x0882, 0x00A3, 0x1146, 0x5225, 0x2902, 0x3122, 0x18E2, 0x10A2, 0x0021, 0x3163, 0x93A9, 0x3943,
    0x1081, 0x08A2, 0x0A09, 0x0AAC, 0x0905, 0x0862, 0x18C2, 0x3144, 0x2924, 0x10E4, 0x0105, 0x0041, 0x0041, 0x10C3, 0x08E4, 0x00E4,
    0x00A3, 0x0125, 0x00C4, 0x19E9, 0x11C8, 0x00E5, 0x0987, 0x09A8, 0x01C9, 0x0A2A, 0x1B90, 0x1B0D, 0x31A6, 0x3165, 0x10A2, 0x0882,
    0x0021, 0x0021, 0x0021, 0x0021, 0x0021, 0x0041, 0x0041, 0x0062, 0x0082, 0x0882, 0x0882, 0x0882, 0x00A3, 0x08A3, 0x08A3, 0x08A3,
    0x08A3, 0x08A3, 0x0882, 0x0882, 0x0882, 0x00C4, 0x0925, 0x5225, 0x2103, 0x10C2, 0x1082, 0x0861, 0x0021, 0x1061, 0x8347, 0x51E4,
    0x28E2, 0x0882, 0x0862, 0x0861, 0x0861, 0x18C2, 0x2923, 0x2923, 0x18C2, 0x08A2, 0x0105, 0x0082, 0x0041, 0x0082, 0x00A3, 0x0105,
    0x0105, 0x0988, 0x0946, 0x19C8, 0x11A8, 0x0146, 0x01C9, 0x09C9, 0x332D, 0x74D3, 0x7D13, 0x42AA, 0x3165, 0x2103, 0x0882, 0x0882,
    0x0041, 0x0041, 0x0021, 0x0021, 0x0021, 0x0061, 0x0882, 0x00A3, 0x00A3, 0x00C4, 0x0105, 0x0146, 0x0188, 0x0987, 0x0987, 0x0967,
    0x0147, 0x0126, 0x08C4, 0x08A3, 0x08A3, 0x00E5, 0x2964, 0x20E2, 0x0861, 0x0861, 0x18A2, 0x0861, 0x0021, 0x0041, 0x8348, 0x6265,
    0x4184, 0x2903, 0x2903, 0x2903, 0x2943, 0x41C5, 0x49E6, 0x39A5, 0x2124, 0x1104, 0x0925, 0x00E5, 0x0021, 0x0062, 0x0083, 0x0105,
    0x0126, 0x0988, 0x0966, 0x1A4A, 0x09E8, 0x01E9, 0x09EA, 0x6BEE, 0xCDF2, 0xB592, 0x7B8B, 0x6AC7, 0x5A25, 0x28E2, 0x0862, 0x0882,
    0x0882, 0x0062, 0x0021, 0x0021, 0x0041, 0x0062, 0x08A3, 0x00C3, 0x0126, 0x0167, 0x0967, 0x3207, 0x5287, 0x7328, 0x8BEA, 0x7B69,
    0x5AA7, 0x21A6, 0x0126, 0x0105, 0x00C3, 0x0105, 0x3163, 0x3163, 0x3963, 0x20E2, 0x10C3, 0x0061, 0x0862, 0x0020, 0x5246, 0x8B48,
    0x2903, 0x3164, 0x3144, 0x2923, 0x41A5, 0x4A06, 0x49E6, 0x2964, 0x18C3, 0x18A2, 0x1903, 0x1187, 0x10A3, 0x10E3, 0x29E8, 0x1A29,
    0x128B, 0x128C, 0x128B, 0x3249, 0x1986, 0x0105, 0x6B29, 0xE58E, 0xED4C, 0xE54C, 0xE54C, 0xE52B, 0xD469, 0x8264, 0x18A1, 0x0862,
    0x0041, 0x0021, 0x0021, 0x0021, 0x0041, 0x0862, 0x08A3, 0x0167, 0x01C9, 0x29A6, 0x7B48, 0xD5AE, 0xF650, 0xF64F, 0xF60E, 0xEDAD,
    0xE56C, 0xC4EC, 0x72E7, 0x1925, 0x0105, 0x00E5, 0x3984, 0x41E5, 0x2103, 0x18E2, 0x0061, 0x0041, 0x10A2, 0x0021, 0x39A4, 0xA409,
    0x3963, 0x20E3, 0x18C2, 0x3144, 0x3985, 0x3985, 0x2903, 0x28E2, 0x7A64, 0xA367, 0xBC4A, 0xBC8B, 0x836A, 0x4228, 0x22CC, 0x0C94,
    0x3DF9, 0x1DB9, 0x1433, 0x39E7, 0x2124, 0x49A4, 0xCC89, 0xDCA9, 0xDC89, 0xCC07, 0xB365, 0xB386, 0x9AE4, 0x61C2, 0x1081, 0x0862,
    0x0021, 0x0021, 0x0021, 0x0041, 0x0041, 0x08A3, 0x0167, 0x0167, 0x3163, 0xAC08, 0xEE0E, 0xEDAD, 0xE50A, 0xDCA9, 0xDC88, 0xDCA9,
    0xDCA9, 0xDCA9, 0xD489, 0x9347, 0x1904, 0x0148, 0x2943, 0x2102, 0x18C2, 0x2923, 0x0041, 0x0021, 0x10A2, 0x0041, 0x18A2, 0x8347,
    0x7285, 0x18A1, 0x18E2, 0x2123, 0x2103, 0x1081, 0x4122, 0xAB46, 0xDC89, 0xE52C, 0xE52B, 0xDCAA, 0x6A86, 0x31C7, 0x0B90, 0x1EBC,
    0x471D, 0x261A, 0x238F, 0x2944, 0x2103, 0x7A23, 0xD427, 0xD469, 0xDCA9, 0xCC48, 0x8AA4, 0x7223, 0x5982, 0x4121, 0x1881, 0x0862,
    0x0021, 0x0021, 0x0041, 0x0061, 0x0882, 0x0126, 0x0967, 0x3142, 0x6A44, 0xCC48, 0xD447, 0xCC27, 0xC3C6, 0xB365, 0xC3E7, 0xDC89,
    0xDCCA, 0xDCCB, 0xD448, 0xC3E7, 0x6245, 0x0147, 0x0905, 0x2922, 0x10A2, 0x18A2, 0x0041, 0x0041, 0x0861, 0x0041, 0x0020, 0x49E4,
    0x8307, 0x2102, 0x18C2, 0x18E3, 0x1061, 0x4121, 0xAB66, 0xDCA9, 0xE50B, 0xE54C, 0xE50B, 0xB3C8, 0x41C5, 0x29A7, 0x0474, 0x1EBC,
    0x269C, 0x0D97, 0x22AB, 0x18E3, 0x20C2, 0x8A83, 0xC3E7, 0xCC07, 0xCC07, 0xD469, 0xD448, 0xCC48, 0xBBA6, 0x8263, 0x20C2, 0x0061,
    0x0021, 0x0021, 0x0041, 0x0862, 0x00E5, 0x0947, 0x28E2, 0x2902, 0x4982, 0x9AE4, 0xA304, 0xA2E4, 0x8A83, 0x92A4, 0xB386, 0xD448,
    0xDCEA, 0xE50B, 0xD489, 0xBBC7, 0x8AC5, 0x2103, 0x0106, 0x2923, 0x1081, 0x0861, 0x0841, 0x0881, 0x0861, 0x0041, 0x0020, 0x18C2,
    0x51E4, 0x3143, 0x1082, 0x0882, 0x20A1, 0x92A4, 0xD448, 0xDCA9, 0xE4EA, 0xDCCA, 0xDCA9, 0x8AA5, 0x2103, 0x2165, 0x226A, 0x22CC,
    0x22AB, 0x2A28, 0x31C6, 0x18E3, 0x1881, 0x7A23, 0xB365, 0xBB85, 0xB345, 0xAB25, 0x8A84, 0x8AA4, 0x7A43, 0x4983, 0x0881, 0x0862,
    0x0020, 0x0021, 0x0061, 0x08A3, 0x0168, 0x2103, 0x18A1, 0x0841, 0x18A1, 0x5162, 0x61C2, 0x69E3, 0x69C2, 0x7A23, 0xA304, 0xD427,
    0xDCA9, 0xDCA9, 0xCC28, 0xB386, 0x8264, 0x3943, 0x0106, 0x2964, 0x20E2, 0x0861, 0x1081, 0x10C2, 0x0862, 0x0861, 0x0021, 0x0020,
    0x3143, 0x3963, 0x0861, 0x0841, 0x5142, 0xA304, 0xCBE7, 0xD448, 0xD489, 0xD448, 0xCC07, 0x6A03, 0x20E3, 0x18E3, 0x20E3, 0x18E3,
    0x18C3, 0x10A2, 0x10A2, 0x0881, 0x0861, 0x61A2, 0x9AA4, 0x9AE4, 0xA2E4, 0xAB25, 0x8A63, 0x7203, 0x5162, 0x20C2, 0x0061, 0x0862,
    0x0062, 0x0062, 0x0882, 0x0126, 0x1146, 0x20C1, 0x0041, 0x0021, 0x0021, 0x1081, 0x20E2, 0x3101, 0x3901, 0x5162, 0xA324, 0xDC88,
    0xE4A9, 0xD468, 0xBBC7, 0x7A44, 0x4962, 0x3942, 0x00C4, 0x2165, 0x3164, 0x10A2, 0x18E2, 0x10C2, 0x0861, 0x0862, 0x0021, 0x0021,
    0x10A1, 0x49A3, 0x18A2, 0x1861, 0x69C2, 0x92A4, 0xB365, 0xBBA6, 0xC3E7, 0xC3C6, 0xBB86, 0x61C2, 0x0861, 0x0861, 0x0841, 0x0841,
    0x0041, 0x0041, 0x0041, 0x0041, 0x0041, 0x30C1, 0x69E2, 0x7A23, 0x7A23, 0x7203, 0x7A44, 0x7A44, 0x4983, 0x1081, 0x0862, 0x0862,
    0x00A3, 0x08A3, 0x00C3, 0x01A9, 0x10A2, 0x0841, 0x0083, 0x0105, 0x0105, 0x0168, 0x0168, 0x00E5, 0x0861, 0x4962, 0xCC27, 0xE4E9,
    0xDC88, 0xB386, 0x61E3, 0x28E1, 0x1061, 0x20E3, 0x00C4, 0x1965, 0x3163, 0x10A2, 0x10C2, 0x10A2, 0x0861, 0x0862, 0x0021, 0x0021,
    0x0020, 0x2902, 0x2923, 0x2081, 0x61A2, 0x8243, 0x92A4, 0xA2E4, 0xAB25, 0xA305, 0x9AC4, 0x69E2, 0x1061, 0x0041, 0x0041, 0x0841,
    0x0841, 0x0841, 0x0041, 0x0041, 0x0021, 0x0841, 0x28C1, 0x4142, 0x3143, 0x18C2, 0x1082, 0x08A2, 0x0062, 0x0061, 0x0861, 0x0861,
    0x0062, 0x00A3, 0x00E4, 0x0147, 0x0882, 0x0106, 0x0168, 0x0147, 0x0105, 0x0105, 0x0126, 0x01A9, 0x08E4, 0x8B47, 0xED4B, 0xD427,
    0x92C5, 0x4962, 0x1881, 0x0841, 0x0041, 0x0882, 0x00A3, 0x1125, 0x3143, 0x0861, 0x0861, 0x10A2, 0x0861, 0x0061, 0x0021, 0x0021,
    0x0021, 0x0041, 0x0861, 0x20C1, 0x7A43, 0x7A23, 0x7203, 0x7A23, 0x8243, 0x8243, 0x7A23, 0x61A2, 0x28C1, 0x0041, 0x0041, 0x0041,
    0x0041, 0x0041, 0x0041, 0x0041, 0x0061, 0x0041, 0x00E5, 0x0967, 0x08A2, 0x0882, 0x0041, 0x0041, 0x0061, 0x0041, 0x0041, 0x0041,
    0x0021, 0x0062, 0x0105, 0x0147, 0x0126, 0x00E4, 0x0882, 0x0882, 0x08A3, 0x00C4, 0x0126, 0x0168, 0x4A46, 0xDD8D, 0xBBE7, 0x6A03,
    0x3102, 0x18A1, 0x1061, 0x0020, 0x0021, 0x0041, 0x00A3, 0x00E4, 0x2102, 0x10A2, 0x0882, 0x0862, 0x0041, 0x0021, 0x0021, 0x0021,
    0x0021, 0x0021, 0x0021, 0x0841, 0x59A2, 0x8263, 0x7203, 0x7202, 0x69E2, 0x61C2, 0x59A2, 0x5183, 0x3922, 0x0861, 0x0041, 0x0041,
    0x0041, 0x0041, 0x0041, 0x0041, 0x0062, 0x0083, 0x0188, 0x09C9, 0x10C2, 0x10A2, 0x0061, 0x0061, 0x0061, 0x0041, 0x0041, 0x0041,
    0x0021, 0x0041, 0x00A3, 0x0105, 0x0882, 0x0882, 0x0062, 0x0082, 0x00C4, 0x0147, 0x01EA, 0x31E6, 0xBC8A, 0xA367, 0x59A3, 0x30E2,
    0x18A1, 0x1081, 0x0841, 0x0021, 0x0041, 0x0062, 0x00A3, 0x00C4, 0x08C3, 0x0861, 0x0062, 0x0061, 0x0021, 0x0021, 0x0021, 0x0021,
    0x0021, 0x0841, 0x0021, 0x0020, 0x0041, 0x3102, 0x51A2, 0x61C2, 0x5182, 0x3963, 0x3164, 0x2103, 0x0881, 0x0021, 0x0021, 0x0021,
    0x0021, 0x0021, 0x0021, 0x0041, 0x0041, 0x0082, 0x01A9, 0x0945, 0x18C2, 0x0882, 0x0041, 0x0061, 0x0041, 0x0041, 0x0041, 0x0041,
    0x0041, 0x0083, 0x00A3, 0x00C3, 0x0082, 0x0882, 0x00A3, 0x00A3, 0x0126, 0x024C, 0x2A07, 0xAC6A, 0xBC08, 0x6A04, 0x3943, 0x2902,
    0x10A2, 0x0861, 0x0021, 0x0021, 0x0062, 0x0062, 0x00A3, 0x0862, 0x08A3, 0x00A3, 0x00A3, 0x0083, 0x0062, 0x0041, 0x0041, 0x0021,
    0x0841, 0x0840, 0x0861, 0x0881, 0x0021, 0x0020, 0x0021, 0x0841, 0x0841, 0x0041, 0x0021, 0x0021, 0x0021, 0x0021, 0x0021, 0x0020,
    0x0841, 0x0841, 0x0041, 0x0021, 0x0062, 0x0062, 0x0187, 0x1904, 0x18E3, 0x0861, 0x0061, 0x0061, 0x0061, 0x0061, 0x0061, 0x0061,
    0x0062, 0x0062, 0x0062, 0x0062, 0x0062, 0x08A3, 0x00C4, 0x0105, 0x026C, 0x1A09, 0xA48B, 0xDDAE, 0x840B, 0x53CD, 0x436C, 0x2A69,
    0x1145, 0x08A3, 0x0041, 0x0062, 0x0082, 0x00A3, 0x0062, 0x0041, 0x0061, 0x0062, 0x0082, 0x00A3, 0x00A3, 0x00A3, 0x0082, 0x0062,
    0x1081, 0x3942, 0x3943, 0x0986, 0x00C4, 0x0082, 0x0021, 0x0041, 0x0041, 0x0041, 0x0021, 0x0021, 0x0021, 0x1061, 0x3922, 0x6A03,
    0x8AA4, 0x9305, 0x82A4, 0x4962, 0x0861, 0x0082, 0x0167, 0x1145, 0x10C3, 0x0061, 0x0061, 0x0061, 0x0061, 0x0061, 0x0061, 0x0861,
    0x0041, 0x0041, 0x0021, 0x0021, 0x0041, 0x0882, 0x00E4, 0x024B, 0x0A8C, 0x7C6F, 0xD718, 0x973C, 0x7F7D, 0x7F9E, 0x5F5D, 0x36BC,
    0x0CD5, 0x09E9, 0x08C3, 0x00C3, 0x0062, 0x0083, 0x0041, 0x0021, 0x0021, 0x0041, 0x0061, 0x0062, 0x0882, 0x00A3, 0x0083, 0x2922,
    0x49E4, 0x41C4, 0x10A2, 0x0105, 0x0187, 0x0105, 0x0861, 0x1081, 0x0861, 0x0841, 0x0861, 0x0841, 0x4121, 0x8A84, 0xB386, 0xD468,
    0xDCCA, 0xE4EA, 0xDC89, 0xBC08, 0x8B48, 0x2944, 0x00C4, 0x0946, 0x0882, 0x0041, 0x0041, 0x0061, 0x0061, 0x0061, 0x0061, 0x0061,
    0x0021, 0x0021, 0x0021, 0x0021, 0x0062, 0x00A3, 0x0188, 0x02AE, 0x33AF, 0xD73C, 0xCFBE, 0x8FBF, 0x9FBF, 0x97BF, 0x77BF, 0x47BF,
    0x0F9F, 0x05F9, 0x02AC, 0x00C4, 0x00A3, 0x0082, 0x0062, 0x0062, 0x0082, 0x0082, 0x0082, 0x08A3, 0x00C4, 0x1903, 0x20C1, 0x41A3,
    0x2943, 0x18E3, 0x0862, 0x10A2, 0x08C4, 0x0082, 0x0861, 0x0861, 0x0882, 0x0041, 0x1061, 0x5982, 0xAB45, 0xCC27, 0xDCA9, 0xE4EA,
    0xE50B, 0xE52C, 0xE54C, 0xDCEA, 0xCC69, 0x8BA9, 0x2144, 0x08E4, 0x08A3, 0x0062, 0x0062, 0x0061, 0x0061, 0x0061, 0x0062, 0x0061,
    0x0021, 0x0021, 0x0041, 0x0041, 0x0082, 0x00E4, 0x028D, 0x12CD, 0x9E9A, 0xE7DE, 0x9FBF, 0x97BF, 0xA7BF, 0x87BF, 0x5FBF, 0x2FBF,
    0x0FBF, 0x079F, 0x04D5, 0x00A3, 0x00A3, 0x08A3, 0x0082, 0x0082, 0x0082, 0x00A3, 0x0082, 0x08E4, 0x3984, 0x3143, 0x10A1, 0x3143,
    0x2903, 0x18C3, 0x0882, 0x1081, 0x08A3, 0x08E4, 0x0041, 0x0881, 0x0882, 0x0841, 0x59A2, 0xB365, 0xD447, 0xDCA9, 0xE50B, 0xE52C,
    0xED6C, 0xED8D, 0xED6D, 0xE54C, 0xDCCA, 0xC46A, 0x632A, 0x10A2, 0x18A1, 0x1881, 0x1881, 0x1881, 0x1861, 0x0841, 0x0021, 0x0021,
    0x0021, 0x0041, 0x0062, 0x0082, 0x00C3, 0x01A8, 0x02EF, 0x4C52, 0xCFBE, 0xA7BF, 0x77BF, 0x8FBF, 0x7F7E, 0x5F5E, 0x3F5E, 0x17BF,
    0x079F, 0x075F, 0x038F, 0x00E5, 0x08A3, 0x0062, 0x0041, 0x0041, 0x0041, 0x0041, 0x0082, 0x2123, 0x3143, 0x1081, 0x1081, 0x18E2,
    0x18A2, 0x18E3, 0x0861, 0x0861, 0x0882, 0x08C3, 0x0061, 0x0861, 0x1061, 0x4941, 0xA304, 0xD447, 0xDCA9, 0xE4EA, 0xE50B, 0xE54C,
    0xEDAE, 0xED8D, 0xE54C, 0xE52B, 0xDCCA, 0xD448, 0xA3C9, 0x2165, 0x20A1, 0x3901, 0x38E1, 0x38E1, 0x30E1, 0x1881, 0x0021, 0x0020,
    0x0021, 0x0021, 0x0021, 0x0062, 0x00A3, 0x020A, 0x126B, 0x9659, 0xC7DF, 0x775D, 0x45B7, 0x3C10, 0x234D, 0x1AEC, 0x0B0E, 0x0C33,
    0x05B9, 0x06BD, 0x026B, 0x0126, 0x0882, 0x0041, 0x0021, 0x0061, 0x0061, 0x0041, 0x0083, 0x2923, 0x2902, 0x0882, 0x0861, 0x20E2,
    0x2103, 0x10A2, 0x0041, 0x0861, 0x0882, 0x0083, 0x0041, 0x0020, 0x3901, 0x92A4, 0xC3C6, 0xD468, 0xE4CA, 0xE4EA, 0xE4EB, 0xE50B,
    0xE52B, 0xE52B, 0xE50B, 0xE4CA, 0xDC89, 0xD428, 0xBBC7, 0x4A05, 0x20A1, 0x4962, 0x4962, 0x4962, 0x4962, 0x30E1, 0x0840, 0x1040,
    0x0062, 0x0021, 0x0021, 0x0061, 0x00C3, 0x020B, 0x126A, 0x9F1C, 0x9698, 0x5BED, 0x29C6, 0x2123, 0x18E3, 0x10C2, 0x08A3, 0x00C4,
    0x0167, 0x032F, 0x01A7, 0x00E4, 0x0062, 0x0061, 0x0041, 0x0041, 0x0061, 0x0061, 0x0083, 0x20E2, 0x10A2, 0x0881, 0x20E2, 0x3943,
    0x18E3, 0x0041, 0x0041, 0x0041, 0x08A3, 0x00A3, 0x0021, 0x2081, 0x7203, 0xB365, 0xD427, 0xDC68, 0xE4C9, 0xE4C9, 0xE4EA, 0xE4CA,
    0xDCCA, 0xE4EA, 0xE4C9, 0xDC89, 0xD448, 0xCC07, 0xBBC7, 0x7308, 0x28E1, 0x59C3, 0x61E3, 0x59C3, 0x61E3, 0x4142, 0x0840, 0x1860,
    0x0082, 0x0062, 0x0021, 0x0061, 0x00C4, 0x020B, 0x12EC, 0x7E37, 0x6AC7, 0x2922, 0x18C2, 0x18A2, 0x10A2, 0x0861, 0x0861, 0x0041,
    0x0041, 0x00C4, 0x0082, 0x00E4, 0x0882, 0x0062, 0x0041, 0x0041, 0x0041, 0x0061, 0x00A3, 0x1082, 0x28E2, 0x18A1, 0x20E2, 0x18C2,
    0x0881, 0x0021, 0x0841, 0x0882, 0x0882, 0x0082, 0x0841, 0x4121, 0x9AC4, 0xCBE6, 0xD447, 0xDC68, 0xDC89, 0xDC88, 0xE4A9, 0xDCC9,
    0xDCA9, 0xE4C9, 0xD468, 0xD448, 0xCC07, 0xBBA6, 0xB365, 0x8327, 0x3102, 0x61E3, 0x7A85, 0x7264, 0x6A24, 0x4962, 0x1060, 0x2060,
    0x0021, 0x0041, 0x0041, 0x0041, 0x00C4, 0x0188, 0x1A69, 0x7B89, 0x30E1, 0x1061, 0x1081, 0x1081, 0x1082, 0x0861, 0x0841, 0x0041,
    0x0062, 0x00E4, 0x00E5, 0x00C4, 0x08E5, 0x0882, 0x0041, 0x0041, 0x0041, 0x0062, 0x08A3, 0x2902, 0x3122, 0x0861, 0x0041, 0x0041,
    0x0041, 0x0861, 0x1082, 0x0862, 0x0041, 0x0041, 0x1861, 0x61A2, 0xA304, 0xC3A6, 0xD427, 0xD447, 0xD427, 0xD447, 0xDC88, 0xDC88,
    0xDC68, 0xDCA9, 0xD448, 0xCC07, 0xC3C6, 0xB365, 0xA305, 0x7AE7, 0x2902, 0x6203, 0x82C5, 0x82A5, 0x7244, 0x5182, 0x1060, 0x2080,
    0x0021, 0x0061, 0x0062, 0x0062, 0x08A3, 0x0147, 0x2902, 0x7223, 0x1861, 0x0841, 0x0861, 0x1061, 0x1081, 0x0861, 0x0882, 0x1104,
    0x21A6, 0x228A, 0x0C74, 0x026B, 0x00C4, 0x00C4, 0x0882, 0x0061, 0x0041, 0x0062, 0x08C3, 0x2902, 0x0881, 0x0021, 0x0041, 0x0861,
    0x1082, 0x18C2, 0x08A2, 0x0862, 0x0041, 0x0021, 0x30C1, 0x7A23, 0xAB04, 0xBB85, 0xC3C6, 0xCC07, 0xCC07, 0xCC07, 0xCC27, 0xD427,
    0xD427, 0xD448, 0xCC07, 0xC3C6, 0xBB86, 0xAB25, 0x9AC4, 0x7AA6, 0x2902, 0x61E3, 0x82C5, 0x7AA5, 0x7244, 0x4142, 0x1040, 0x2880,
    0x0041, 0x0021, 0x0041, 0x0041, 0x0083, 0x0126, 0x28E1, 0x5982, 0x0840, 0x0840, 0x0841, 0x0861, 0x1082, 0x1903, 0x41E6, 0x534B,
    0x3D14, 0x1E9C, 0x0F7F, 0x269B, 0x0AEC, 0x0147, 0x00E5, 0x00A3, 0x0083, 0x0082, 0x00A3, 0x1081, 0x0841, 0x0041, 0x0861, 0x10A2,
    0x1081, 0x2103, 0x0882, 0x0882, 0x0041, 0x0841, 0x4101, 0x8243, 0xAB04, 0xBB65, 0xBB86, 0xC3C6, 0xC3E7, 0xC3C6, 0xC3C6, 0xCC07,
    0xCC07, 0xC3E7, 0xBB86, 0xB365, 0xAB45, 0x9AE5, 0x8A84, 0x6A86, 0x28E1, 0x6203, 0x7264, 0x7244, 0x61E3, 0x28C1, 0x1860, 0x30C1,
    0x0041, 0x0021, 0x0041, 0x0062, 0x0882, 0x0126, 0x10A2, 0x3901, 0x0840, 0x0021, 0x0841, 0x0861, 0x2923, 0x62C8, 0x742F, 0x4E59,
    0x5FBF, 0x4FBF, 0x1FBF, 0x1FBF, 0x475E, 0x2C93, 0x1166, 0x08A2, 0x00C4, 0x00C4, 0x00C4, 0x20C2, 0x18A1, 0x0882, 0x1081, 0x20E2,
    0x18C2, 0x20E3, 0x0882, 0x0861, 0x0041, 0x0841, 0x4941, 0x8243, 0x9AC4, 0xA304, 0xAB45, 0xB385, 0xB366, 0xBB86, 0xBBA6, 0xC3C6,
    0xC3C6, 0xBB86, 0xB365, 0xAB25, 0xA2E4, 0x92A4, 0x8264, 0x5A45, 0x28C1, 0x59C3, 0x61E3, 0x59C3, 0x4962, 0x1861, 0x2060, 0x38E1,
    0x0041, 0x0041, 0x0083, 0x00A3, 0x0083, 0x0106, 0x00E4, 0x30E1, 0x0841, 0x0021, 0x0840, 0x28E2, 0x5A66, 0x844F, 0x567A, 0x6FBF,
    0x87BF, 0x7FBF, 0x67BF, 0x277F, 0x1556, 0x2AEC, 0x5246, 0x6A03, 0x4962, 0x5182, 0x3901, 0x28E1, 0x18C2, 0x0881, 0x20C2, 0x20E2,
    0x20E2, 0x20E3, 0x0861, 0x0041, 0x0041, 0x1060, 0x5162, 0x7A43, 0x9283, 0x92C4, 0x9AC4, 0x9AC4, 0xA304, 0xAB05, 0xB345, 0xB365,
    0xB365, 0xB365, 0xAB45, 0xA304, 0x92A4, 0x8263, 0x7223, 0x41A4, 0x2081, 0x4162, 0x4962, 0x4962, 0x28C1, 0x1040, 0x28A1, 0x38E1,
    0x00C3, 0x00C3, 0x00C4, 0x00C4, 0x0062, 0x0082, 0x0106, 0x20A1, 0x1881, 0x0021, 0x1040, 0x4163, 0x72E8, 0x6554, 0x4F9F, 0x6FBF,
    0x7FBF, 0x7FBF, 0x577E, 0x1CF5, 0x09C8, 0x10C3, 0x20E2, 0x3102, 0x5182, 0x8A83, 0x5162, 0x2902, 0x18E3, 0x10A2, 0x20C2, 0x2902,
    0x20E3, 0x08A2, 0x0041, 0x0041, 0x0021, 0x1860, 0x4941, 0x69E2, 0x7A23, 0x8263, 0x8A83, 0x8A63, 0x92A4, 0x92A4, 0x9AC4, 0xA304,
    0xAB25, 0xAB45, 0xA305, 0x92A4, 0x8A63, 0x7203, 0x5A25, 0x7B07, 0x6245, 0x8307, 0x9389, 0x4163, 0x1061, 0x1860, 0x30C1, 0x38E1,
    0x0062, 0x0062, 0x0062, 0x0041, 0x0041, 0x0041, 0x00A3, 0x0082, 0x1881, 0x0840, 0x2080, 0x51A3, 0x62E9, 0x3DF8, 0x47BF, 0x5FBF,
    0x5FBF, 0x5FBF, 0x25D9, 0x0A4A, 0x1104, 0x18C2, 0x1081, 0x20A1, 0x5182, 0x8A84, 0x5182, 0x2902, 0x18C2, 0x0861, 0x1081, 0x10A2,
    0x0041, 0x0021, 0x0021, 0x0041, 0x0021, 0x1860, 0x4121, 0x61A2, 0x69E2, 0x7203, 0x7A23, 0x7202, 0x7A23, 0x8263, 0x8A83, 0x9AC4,
    0xA2E4, 0xA305, 0x9AE4, 0x8A83, 0x61E3, 0x51E4, 0xA3C9, 0xD4CB, 0xCC49, 0x7A44, 0xB386, 0x82C6, 0x49C4, 0x20A1, 0x30C1, 0x30E1,
    0x00A3, 0x0083, 0x0082, 0x0041, 0x0041, 0x0021, 0x0041, 0x00C4, 0x0061, 0x1040, 0x28A1, 0x4983, 0x5B2B, 0x1E5A, 0x17BF, 0x2FBF,
    0x47BF, 0x26FD, 0x0B0E, 0x0945, 0x10A2, 0x18A2, 0x10A1, 0x1081, 0x5162, 0x92A4, 0x59A2, 0x18A1, 0x1081, 0x0041, 0x0021, 0x0021,
    0x0021, 0x0041, 0x0041, 0x0021, 0x1040, 0x2880, 0x4101, 0x5162, 0x61A2, 0x69C2, 0x69E2, 0x69E2, 0x69E2, 0x7A02, 0x8243, 0x8A84,
    0x92A4, 0x9AC4, 0x92A4, 0x6A03, 0x8347, 0xC46A, 0x82A5, 0x92E5, 0x82A5, 0x3922, 0x5162, 0x3922, 0x6203, 0x28C1, 0x20A1, 0x30C1,
    0x0041, 0x0041, 0x0021, 0x0041, 0x0041, 0x0041, 0x0041, 0x0082, 0x00C4, 0x0061, 0x20A1, 0x4163, 0x4A68, 0x1D37, 0x073F, 0x077F,
    0x0F7F, 0x0DD9, 0x0187, 0x0882, 0x0861, 0x0861, 0x0841, 0x1041, 0x3901, 0x6A03, 0x61A2, 0x20A1, 0x0041, 0x0021, 0x0021, 0x0021,
    0x0021, 0x0021, 0x0021, 0x0021, 0x1060, 0x28A1, 0x30C1, 0x4101, 0x5141, 0x5982, 0x5982, 0x5982, 0x5162, 0x61A2, 0x71E2, 0x8243,
    0x8A63, 0x9284, 0x8A64, 0x6224, 0xBBC7, 0xB386, 0x59A3, 0x4921, 0x2080, 0x0840, 0x1860, 0x1040, 0x1880, 0x1860, 0x2080, 0x2081,
    0x0041, 0x0041, 0x0021, 0x0041, 0x0021, 0x0041, 0x0041, 0x0041, 0x00A3, 0x00C4, 0x0041, 0x20A1, 0x39A5, 0x1BF2, 0x05DC, 0x065D,
    0x06BE, 0x0413, 0x00C4, 0x0041, 0x0841, 0x0820, 0x0820, 0x0840, 0x1881, 0x4962, 0x59A2, 0x4101, 0x2080, 0x0840, 0x0021, 0x0021,
    0x0021, 0x0020, 0x0021, 0x0021, 0x0041, 0x2081, 0x30C1, 0x38E1, 0x3901, 0x4941, 0x4921, 0x4101, 0x4101, 0x4941, 0x5982, 0x69E2,
    0x7A23, 0x8A63, 0x7A43, 0x7A64, 0x9AC4, 0x5182, 0x1060, 0x1040, 0x1040, 0x0840, 0x0840, 0x1040, 0x0840, 0x0840, 0x0840, 0x0840,
    0x0021, 0x0021, 0x0021, 0x0021, 0x0041, 0x0861, 0x0861, 0x0041, 0x0041, 0x0062, 0x0083, 0x0062, 0x10A2, 0x19E8, 0x0477, 0x051A,
    0x055A, 0x03B2, 0x00A3, 0x0041, 0x0021, 0x0021, 0x0021, 0x0021, 0x0840, 0x28A1, 0x4962, 0x4941, 0x38E1, 0x2080, 0x1860, 0x1040,
    0x1040, 0x0840, 0x0020, 0x0021, 0x0021, 0x0840, 0x1861, 0x30C1, 0x30C1, 0x30C1, 0x38E1, 0x38E1, 0x28A1, 0x2081, 0x3901, 0x5982,
    0x69E2, 0x8243, 0x6A03, 0x8AA4, 0x61A2, 0x1860, 0x1040, 0x1860, 0x28C1, 0x2080, 0x1860, 0x0840, 0x0021, 0x0021, 0x0021, 0x0021,
    0x0021, 0x0021, 0x0021, 0x0841, 0x0861, 0x0862, 0x0061, 0x0041, 0x0021, 0x0021, 0x0041, 0x0062, 0x0041, 0x0062, 0x01A9, 0x0310,
    0x03D4, 0x0393, 0x0126, 0x0041, 0x0021, 0x0021, 0x0021, 0x0021, 0x0021, 0x1060, 0x30C1, 0x30C1, 0x28A1, 0x1860, 0x1040, 0x0840,
    0x0020, 0x0021, 0x0021, 0x0021, 0x0021, 0x0021, 0x0021, 0x0041, 0x1061, 0x1881, 0x2081, 0x1881, 0x1881, 0x1040, 0x0841, 0x38E1,
    0x5982, 0x69E2, 0x6A03, 0x92A4, 0x4941, 0x1880, 0x38E1, 0x4121, 0x4941, 0x38E1, 0x1060, 0x0021, 0x0021, 0x0021, 0x0021, 0x0021,
    0x0062, 0x0062, 0x08A2, 0x10C3, 0x08C3, 0x08A3, 0x00A3, 0x0083, 0x0082, 0x0062, 0x0041, 0x0021, 0x0021, 0x0041, 0x0021, 0x0082,
    0x0105, 0x0147, 0x00C4, 0x0041, 0x0021, 0x0021, 0x0021, 0x0021, 0x0021, 0x0021, 0x0840, 0x0841, 0x0041, 0x0020, 0x0021, 0x0021,
    0x0021, 0x0021, 0x0021, 0x0021, 0x0021, 0x0021, 0x0021, 0x0021, 0x0021, 0x0021, 0x0021, 0x0021, 0x0021, 0x0021, 0x0021, 0x0841,
    0x30C1, 0x5982, 0x7202, 0x8263, 0x30C1, 0x28C1, 0x30E1, 0x1880, 0x28A0, 0x20A1, 0x0021, 0x0021, 0x0021, 0x0021, 0x0021, 0x0021,
    0x08C3, 0x08C3, 0x10C3, 0x08C3, 0x08E4, 0x0925, 0x08E4, 0x08C3, 0x0083, 0x00C4, 0x00C4, 0x00C4, 0x00C4, 0x0082, 0x0062, 0x0061,
    0x0041, 0x0041, 0x0021, 0x0021, 0x0021, 0x0021, 0x0021, 0x0021, 0x0021, 0x0021, 0x0021, 0x0021, 0x0021, 0x0021, 0x0041, 0x0041,
    0x0021, 0x0021, 0x0021, 0x0021, 0x0021, 0x0021, 0x0021, 0x0021, 0x0021, 0x0021, 0x0021, 0x0021, 0x0021, 0x0021, 0x0021, 0x0021,
    0x0841, 0x4121, 0x69C2, 0x69C2, 0x2081, 0x1040, 0x1040, 0x1860, 0x2080, 0x0841, 0x0021, 0x0021, 0x0041, 0x0041, 0x0041, 0x0041,
    0x08E4, 0x00A3, 0x0882, 0x00A3, 0x08E4, 0x08E5, 0x0904, 0x0905, 0x00E4, 0x00E4, 0x00E4, 0x0105, 0x0126, 0x0167, 0x01A8, 0x0146,
    0x00A3, 0x0082, 0x0041, 0x0041, 0x0841, 0x0841, 0x0841, 0x0021, 0x0041, 0x0061, 0x0062, 0x0062, 0x0062, 0x0062, 0x0062, 0x0062,
    0x0062, 0x0062, 0x0061, 0x0061, 0x0062, 0x0062, 0x0062, 0x0062, 0x0041, 0x0041, 0x0021, 0x0021, 0x0021, 0x0021, 0x0021, 0x0021,
    0x0021, 0x1881, 0x5982, 0x5162, 0x1860, 0x1040, 0x1840, 0x1860, 0x1061, 0x0041, 0x0041, 0x0041, 0x0062, 0x0062, 0x0082, 0x0082,
    0x0082, 0x0083, 0x00C3, 0x08E4, 0x08C3, 0x00A3, 0x00C4, 0x0905, 0x0925, 0x0126, 0x0105, 0x00E5, 0x0126, 0x0188, 0x0187, 0x01A8,
    0x0188, 0x0105, 0x0861, 0x0881, 0x0861, 0x0861, 0x0841, 0x0841, 0x0841, 0x0841, 0x0841, 0x0882, 0x08A2, 0x08A3, 0x08C3, 0x08C3,
    0x08A3, 0x08A3, 0x00A3, 0x00A3, 0x00A3, 0x00C3, 0x00C3, 0x00A3, 0x00C4, 0x00A3, 0x00A3, 0x0062, 0x0041, 0x0041, 0x0021, 0x0021,
    0x0021, 0x0841, 0x3901, 0x4121, 0x1860, 0x1040, 0x1860, 0x1861, 0x0021, 0x0041, 0x0061, 0x0082, 0x00A3, 0x0083, 0x00C3, 0x00E4,
    0x0020, 0x0021, 0x0041, 0x0082, 0x00C4, 0x00E4, 0x0905, 0x08E4, 0x08E4, 0x0946, 0x0167, 0x0167, 0x0146, 0x0105, 0x00C4, 0x00A3,
    0x0062, 0x0041, 0x0861, 0x1082, 0x1082, 0x1061, 0x0841, 0x0861, 0x0861, 0x1061, 0x1061, 0x0841, 0x0841, 0x0061, 0x0882, 0x08C3,
    0x08C4, 0x08C3, 0x00A3, 0x00C3, 0x00C4, 0x00C4, 0x00C4, 0x00C4, 0x00C4, 0x00E4, 0x00E4, 0x00C4, 0x00C4, 0x0082, 0x0041, 0x0041,
    0x0021, 0x0021, 0x1061, 0x28C1, 0x2081, 0x1881, 0x1061, 0x0021, 0x0021, 0x0041, 0x0041, 0x0082, 0x00C4, 0x0105, 0x0105, 0x00E4,
    0x0021, 0x0021, 0x0021, 0x0041, 0x0041, 0x0041, 0x0082, 0x08E4, 0x1187, 0x0105, 0x08C4, 0x08A3, 0x00A3, 0x00A3, 0x00C4, 0x0105,
    0x0062, 0x0062, 0x0861, 0x1082, 0x1061, 0x0861, 0x0861, 0x0861, 0x0861, 0x0841, 0x0841, 0x0841, 0x0841, 0x0841, 0x0861, 0x0861,
    0x0882, 0x08A3, 0x08C3, 0x08C4, 0x00E4, 0x00E5, 0x00E4, 0x00C4, 0x00C4, 0x00E4, 0x00E5, 0x0105, 0x0905, 0x00E4, 0x00C4, 0x00C3,
    0x00A3, 0x0041, 0x0021, 0x0020, 0x0841, 0x0021, 0x0021, 0x0021, 0x0021, 0x0041, 0x0041, 0x0062, 0x00A3, 0x00E4, 0x0105, 0x0105,
    0x0021, 0x0021, 0x0021, 0x0041, 0x0021, 0x0021, 0x0020, 0x0062, 0x00C4, 0x0062, 0x00A3, 0x0147, 0x01EB, 0x024D, 0x026E, 0x020C,
    0x00A3, 0x0062, 0x0041, 0x0041, 0x0861, 0x1081, 0x1082, 0x1061, 0x0861, 0x1061, 0x1061, 0x0861, 0x0841, 0x0841, 0x0841, 0x0861,
    0x0861, 0x0861, 0x0861, 0x0882, 0x08A3, 0x00E4, 0x0105, 0x0105, 0x0105, 0x00E5, 0x00E4, 0x0105, 0x0125, 0x0126, 0x0926, 0x0926,
    0x0925, 0x08E4, 0x00A3, 0x0082, 0x0061, 0x0041, 0x0041, 0x0041, 0x0041, 0x0041, 0x0082, 0x08A3, 0x00C4, 0x00E4, 0x00E5, 0x0105,
    0x0021, 0x0021, 0x0041, 0x0021, 0x0021, 0x0021, 0x0021, 0x0041, 0x0082, 0x0062, 0x0189, 0x028F, 0x024D, 0x01EA, 0x0168, 0x00E4,
    0x0062, 0x0041, 0x0021, 0x0021, 0x0021, 0x0021, 0x0041, 0x1081, 0x0841, 0x0861, 0x1061, 0x0861, 0x0861, 0x0861, 0x0841, 0x0841,
    0x0841, 0x0841, 0x0841, 0x0841, 0x0841, 0x0861, 0x0082, 0x00C4, 0x0105, 0x0146, 0x0147, 0x0126, 0x0105, 0x0105, 0x0126, 0x0126,
    0x0926, 0x0925, 0x0905, 0x0905, 0x08E4, 0x00C4, 0x00A3, 0x00A3, 0x0083, 0x00C4, 0x00C4, 0x00E4, 0x0105, 0x0126, 0x0126, 0x0105,
    0x0021, 0x0021, 0x0041, 0x0041, 0x0021, 0x0021, 0x0021, 0x0041, 0x0082, 0x0061, 0x00C4, 0x00E4, 0x00A3, 0x0083, 0x0082, 0x0062,
    0x0041, 0x0021, 0x0021, 0x0041, 0x0041, 0x0021, 0x0021, 0x0861, 0x0861, 0x0041, 0x0841, 0x0861, 0x0861, 0x1061, 0x1061, 0x1061,
    0x1061, 0x0861, 0x0861, 0x1061, 0x1061, 0x1081, 0x1081, 0x1081, 0x0882, 0x00A3, 0x00E5, 0x0146, 0x0988, 0x0988, 0x0967, 0x0126,
    0x0126, 0x0105, 0x0926, 0x0925, 0x0925, 0x0905, 0x0905, 0x0105, 0x0105, 0x0105, 0x0105, 0x0105, 0x0126, 0x0126, 0x0126, 0x0105,
    0x0021, 0x0021, 0x0021, 0x0021, 0x0021, 0x0021, 0x0021, 0x0041, 0x0062, 0x0041, 0x0041, 0x0061, 0x0062, 0x0061, 0x0041, 0x0021,
    0x0021, 0x0021, 0x0021, 0x0041, 0x0041, 0x0041, 0x0841, 0x0861, 0x0041, 0x0021, 0x0841, 0x0861, 0x0861, 0x10A2, 0x0881, 0x1081,
    0x1081, 0x18A2, 0x1061, 0x1061, 0x1081, 0x1081, 0x18A1, 0x18A2, 0x1881, 0x1061, 0x0861, 0x0882, 0x00E4, 0x0126, 0x0167, 0x0167,
    0x0167, 0x0146, 0x0125, 0x0905, 0x0105, 0x0105, 0x0126, 0x0126, 0x0126, 0x0125, 0x0126, 0x0147, 0x0147, 0x0147, 0x0167, 0x0167,
    0x0021, 0x0021, 0x0021, 0x0021, 0x0021, 0x0021, 0x0021, 0x0041, 0x0041, 0x0041, 0x0041, 0x0041, 0x0082, 0x0062, 0x0061, 0x0041,
    0x0061, 0x0041, 0x0041, 0x0061, 0x0861, 0x0861, 0x0841, 0x0021, 0x0021, 0x0841, 0x0861, 0x0861, 0x0041, 0x0021, 0x0021, 0x0021,
    0x0021, 0x0041, 0x0861, 0x1081, 0x1081, 0x1061, 0x1081, 0x1881, 0x18A1, 0x18A1, 0x18A2, 0x18A1, 0x1081, 0x0861, 0x0082, 0x00E4,
    0x0146, 0x0967, 0x0167, 0x0146, 0x0926, 0x0925, 0x0125, 0x0126, 0x0146, 0x0147, 0x0167, 0x0167, 0x0146, 0x0126, 0x0105, 0x00C4,
    0x0041, 0x0041, 0x0041, 0x0021, 0x0041, 0x0021, 0x0021, 0x0021, 0x0021, 0x0021, 0x0021, 0x0021, 0x0021, 0x0041, 0x0062, 0x0062,
    0x0062, 0x0062, 0x0041, 0x0041, 0x0041, 0x0021, 0x0021, 0x0041, 0x0862, 0x0841, 0x0021, 0x0021, 0x0021, 0x0041, 0x0841, 0x0841,
    0x0041, 0x0021, 0x0021, 0x0841, 0x0861, 0x0861, 0x1061, 0x1081, 0x18A2, 0x20C2, 0x18C2, 0x18A2, 0x1881, 0x1881, 0x1081, 0x1061,
    0x0862, 0x00A3, 0x00E4, 0x0146, 0x0988, 0x0988, 0x0967, 0x0167, 0x0146, 0x0126, 0x00E5, 0x00A3, 0x0082, 0x0861, 0x0861, 0x1061,
    0x0021, 0x0041, 0x0841, 0x0861, 0x0841, 0x0841, 0x0021, 0x0021, 0x0021, 0x0021, 0x0041, 0x0061, 0x0041, 0x0021, 0x0020, 0x0021,
    0x0021, 0x0021, 0x0021, 0x0020, 0x0021, 0x0841, 0x0861, 0x0862, 0x0061, 0x0021, 0x0021, 0x0021, 0x0841, 0x0841, 0x0861, 0x0861,
    0x0841, 0x0041, 0x0041, 0x0861, 0x0041, 0x0841, 0x1081, 0x1081, 0x18A2, 0x18A2, 0x18A2, 0x18C2, 0x1881, 0x1881, 0x18A1, 0x1081,
    0x1061, 0x0841, 0x0041, 0x0083, 0x0105, 0x0147, 0x0105, 0x00A3, 0x0062, 0x0861, 0x0861, 0x1061, 0x1081, 0x1081, 0x1061, 0x1081,
};

static const uint16_t* const kBootFrames[kBootFrameCount] = {
    kBootFrame0,
    kBootFrame1,
    kBootFrame2,
    kBootFrame3,
    kBootFrame4,
    kBootFrame5,
};
